0.089820 3.325173 1.610094 5.892401 0
0.098346 4.264361 1.544432 5.724436 0
0.099608 0.367994 1.759284 5.064061 0
0.095664 3.543872 1.015110 0.131053 0
0.087383 2.361561 2.626074 5.531893 0
0.027298 4.170299 2.260589 1.372863 0
0.062315 3.626144 1.619234 0.118270 0
0.047505 3.633077 0.355486 0.203789 0
0.032778 3.461439 2.794829 0.468967 0
0.047917 2.871783 2.901943 1.393393 0
0.071807 3.640461 0.334640 2.706658 0
0.037871 1.658589 1.473916 5.698849 0
0.079989 2.429420 2.183225 4.488360 0
0.022445 3.805201 2.617314 2.756356 0
0.042748 2.871742 1.485716 2.566077 0
0.018781 3.071046 1.452194 0.896699 0
0.019919 2.582870 0.970005 1.691914 0
0.093174 1.275883 1.552879 2.411244 0
0.088457 3.259576 2.251164 5.817491 0
0.088473 1.672427 2.299314 2.655128 0
0.080798 3.897525 0.758081 4.418381 0
0.047532 0.438341 0.772440 2.567700 0
0.072582 3.766178 2.257681 3.531718 0
0.029695 1.620457 1.992822 0.803338 0
0.081791 5.794083 1.363580 3.374794 0
0.035386 5.580559 2.571319 5.703124 0
0.063793 4.620755 2.301140 1.191928 0
0.003989 4.187398 1.797284 4.111844 0
0.053550 4.707360 1.282056 3.221278 0
0.090497 3.138591 2.573054 2.172599 0
0.031453 4.639568 2.524805 1.175622 0
0.099816 3.849549 1.191704 4.180166 0
0.073132 4.474213 0.933305 4.147227 0
0.077477 0.774629 1.706678 0.045352 0
0.092666 2.521409 0.919571 5.405381 0
0.026027 5.084337 1.600227 2.227359 0
0.074726 5.481079 2.395512 2.371027 0
0.060981 4.954429 2.033402 2.958068 0
0.072590 3.964759 1.892090 3.287651 0
0.049365 6.112650 0.898327 4.891569 0
0.082762 2.456408 1.447623 1.792080 0
0.071710 0.039590 1.142714 2.343236 0
0.063843 3.074712 1.008017 2.986621 0
0.054640 4.699471 2.291164 5.384375 0
0.078758 4.379431 1.010569 6.233849 0
0.069680 6.015843 1.496606 0.078300 0
0.076711 0.759236 1.642273 5.228539 0
0.030610 4.550584 1.793975 4.892379 0
0.033941 0.309348 0.510970 3.954843 0
0.023566 2.238705 0.097411 2.909938 1
0.091960 1.480325 2.640239 0.906095 0
0.099174 4.827353 0.068110 3.793974 1
0.068213 1.479501 1.763950 5.974272 0
0.043923 0.370183 2.756047 4.909576 0
0.042397 3.135338 1.799856 1.718119 0
0.047250 1.408668 0.460539 2.126543 0
0.052291 0.728586 2.781220 2.066954 0
0.068721 6.096280 2.194683 1.997522 0
0.045371 4.590266 1.494974 1.190029 0
0.070630 2.910901 2.197475 6.058031 0
0.083592 2.445455 2.549906 5.602561 0
0.066942 5.518504 1.924225 3.945057 0
0.061425 1.800696 2.502513 3.773393 0
0.071469 5.990489 2.642481 4.927379 0
0.026339 5.698138 0.686239 3.403181 0
0.093656 5.688041 2.373298 0.521466 0
0.079740 2.021134 1.098183 0.846369 0
0.088598 0.412313 0.639723 3.039251 0
0.067441 0.087147 1.318916 5.673406 0
0.094455 0.304393 1.632488 1.693122 0
0.057882 2.715270 2.403935 5.314451 0
0.062094 5.083266 1.833897 2.858463 0
0.084612 4.669793 3.024421 3.726265 0
0.080530 5.379162 1.930605 1.786584 0
0.042166 5.959226 1.408175 6.049146 0
0.011858 3.254168 1.463517 2.946121 0
0.072924 5.163839 1.311584 2.663779 0
0.093290 5.671621 1.968004 1.290134 0
0.057863 3.540231 0.456286 4.526279 0
0.061031 4.280045 0.864049 0.555346 0
0.065147 1.080016 1.942152 0.458116 0
0.016736 2.246157 1.281279 1.293103 0
0.055311 4.877653 0.846125 2.010551 0
0.054242 3.864275 2.186775 5.189950 0
0.066096 1.009829 1.047105 1.929975 0
0.025177 5.927445 1.595791 2.501970 0
0.071192 3.541509 0.703104 5.524804 0
0.049481 1.846620 2.780105 4.205023 0
0.068249 4.078575 2.076386 3.102627 0
0.008132 0.624654 1.981445 1.963745 0
0.093580 5.454793 1.839060 1.067758 0
0.069511 2.647783 3.014151 5.780812 0
0.076297 1.545066 0.993715 4.055877 0
0.043507 4.647710 0.421264 4.373818 0
0.055078 1.019724 1.722203 3.444403 0
0.067542 3.412401 0.970227 5.792979 0
0.043844 6.029379 1.401549 1.249338 0
0.024295 0.724965 1.593554 5.873156 0
0.099174 0.904193 0.658945 2.932456 0
0.075187 0.632251 1.342333 0.926403 0
0.058867 3.857683 2.196797 3.366644 0
0.059471 5.256941 1.004945 4.128242 0
0.099948 5.072713 0.940292 2.859823 0
0.059199 2.655700 1.322526 3.409718 0
0.061828 4.982038 2.074901 2.772742 0
0.095305 1.588954 1.320258 5.603576 0
0.062992 3.020441 1.283984 6.045123 0
0.076246 4.682930 0.674700 5.830009 0
0.059940 5.670620 1.498118 4.479636 0
0.085975 4.370744 1.307746 4.637855 0
0.070921 3.614152 0.910419 5.362199 0
0.099894 3.584109 1.361459 2.388561 0
0.060278 0.864603 2.269066 1.706779 0
0.062490 1.240829 0.832483 4.946703 0
0.082353 3.280018 2.093018 1.630776 0
0.051705 5.396981 0.895462 3.937190 0
0.087262 4.091067 1.244179 3.145606 0
0.058885 4.458333 1.021077 5.338897 0
0.053364 2.714767 1.989159 1.775966 0
0.004997 0.623457 1.902453 2.298653 0
0.048665 3.042644 1.849353 3.941616 0
0.082567 5.032603 1.399195 2.261558 0
0.056833 1.030590 1.812100 3.709198 0
0.015159 5.069935 0.969055 4.928801 0
0.067677 3.496843 1.126485 5.056443 0
0.051585 3.291497 1.884874 3.461291 0
0.097771 2.246879 2.301066 6.021955 0
0.067589 3.118599 1.211657 4.358395 0
0.099025 6.042855 1.204645 4.161531 0
0.087333 4.621960 0.299558 0.538523 1
0.094849 4.032239 1.930601 5.796935 0
0.066982 5.610923 1.997759 5.696805 0
0.067048 6.233773 2.007401 4.496572 0
0.071833 2.299031 1.084977 2.965163 0
0.085059 0.628750 1.431030 1.133059 0
0.077228 4.741356 2.415816 3.625406 0
0.084638 1.225094 1.022375 3.010113 0
0.096467 1.643655 1.700728 5.216418 0
0.095045 1.513172 2.100942 2.211697 0
0.036583 2.889533 1.067123 3.665491 0
0.067232 6.095379 1.157168 6.082205 0
0.057967 3.553556 1.450372 0.373949 0
0.081586 5.468115 1.023589 1.646469 0
0.079050 0.715277 2.315957 2.144126 0
0.055572 0.492441 2.266135 1.504239 0
0.058307 2.419690 0.534058 1.528805 0
0.079116 5.167638 1.762609 4.773772 0
0.053136 5.365819 1.251710 4.614107 0
0.090780 4.034957 1.987493 1.006052 0
0.045580 0.894123 0.975526 5.487634 0
0.011217 2.887009 0.753725 4.005339 0
0.075718 6.122792 2.848779 5.542656 0
0.022988 5.020519 0.712234 2.468144 0
0.042912 1.201180 1.846546 5.089886 0
0.011674 1.454265 1.710955 1.859620 0
0.029232 5.736550 0.350069 5.714911 0
0.074511 4.603667 0.534249 4.793649 0
0.093541 1.817777 1.846926 5.576844 0
0.086533 4.849016 1.620921 2.023886 0
0.086384 3.165277 0.937885 5.020670 0
0.055028 2.047066 0.906841 3.059635 0
0.071901 5.202577 1.152803 3.333880 0
0.024386 5.446807 2.282523 0.910555 0
0.088311 5.384040 0.471145 2.105309 0
0.076785 0.780057 0.636816 2.919127 0
0.064301 4.613871 1.270662 1.019435 0
0.071138 5.511783 1.539510 1.585139 0
0.061725 4.326678 0.457169 4.296485 0
0.012005 1.528252 0.852006 3.338805 0
0.026692 2.939269 0.503253 0.821301 0
0.057852 5.582999 1.105449 0.719878 0
0.086340 2.074135 1.469910 2.105191 0
0.067399 3.440960 2.213410 5.452026 0
0.053100 0.953918 0.347961 4.951347 0
0.017044 3.231597 0.404315 2.576389 0
0.045049 0.575924 0.622718 1.365648 0
0.057870 1.662623 2.091480 2.551821 0
0.085581 5.093951 1.644561 0.421598 0
0.083624 5.104976 0.880641 2.794433 0
0.037761 3.966663 2.164698 3.750118 0
0.042304 3.640756 1.499870 2.896084 0
0.085514 3.107235 1.044788 4.777188 0
0.009411 1.817547 0.850931 1.330737 0
0.061720 1.660081 1.428603 4.497648 0
0.072720 1.117651 0.713487 1.641410 0
0.099429 4.139404 1.220342 4.322182 0
0.068650 3.204483 0.745556 3.857122 0
0.037593 5.733054 0.953858 2.012400 0
0.070135 4.243014 2.168105 1.402113 0
0.041210 0.189545 2.883712 1.122711 0
0.056519 0.966508 1.349963 4.400563 0
0.064656 5.149832 1.402390 5.949292 0
0.099875 3.381309 0.947389 6.195901 0
0.044380 3.370523 1.926244 4.198723 0
0.021551 5.068328 1.119931 1.179783 0
0.084799 3.096715 1.586900 1.325636 0
0.041007 1.817482 1.438682 2.123608 0
0.056518 2.623865 1.604138 4.014119 0
0.075593 5.699767 1.243458 6.216962 0
0.085251 4.746523 2.631377 4.550713 0
0.054183 0.907400 2.005072 3.082174 0
0.082514 2.415142 0.819731 4.569744 0
0.043707 2.770373 2.550139 5.718482 0
0.096632 2.658524 0.710881 0.640446 0
0.084403 3.488682 1.450331 0.199848 0
0.098633 6.010373 1.919146 3.419736 0
0.092937 0.062279 1.638304 3.710184 0
0.087484 2.953397 1.191276 0.370263 0
0.078388 0.157956 1.669904 1.855534 0
0.063994 4.450150 0.301910 3.773382 1
0.038624 5.891621 1.592152 0.521240 0
0.060066 3.969612 0.888955 0.459780 0
0.043246 3.925740 0.659932 1.004471 0
0.076248 4.873595 1.991353 2.796697 0
0.088632 1.494534 0.379648 3.461491 0
0.084137 2.201408 1.792288 2.025542 0
0.061278 1.001006 1.808411 4.932462 0
0.093144 4.023170 1.339907 0.105309 0
0.076026 5.631337 0.642561 5.898565 0
0.072666 1.788234 0.219181 4.492872 1
0.095363 0.734788 2.418645 3.083716 0
0.094478 3.638364 2.629648 4.261071 0
0.090384 6.104109 0.998181 3.297644 0
0.056733 5.271130 2.338414 4.381696 0
0.099912 2.921077 1.535578 5.440107 0
0.032436 5.453631 2.442087 4.292666 0
0.087420 6.171965 1.817253 1.836362 0
0.051663 3.983205 0.171427 1.107802 1
0.086654 5.543391 1.911554 4.043191 0
0.067921 3.788745 1.206094 1.748283 0
0.075796 3.460453 2.222030 5.632001 0
0.062424 4.085928 1.759371 2.437350 0
0.033941 0.478300 1.055805 1.384880 0
0.097165 0.856503 2.510222 4.450529 0
0.034441 3.302407 0.048572 2.422295 1
0.039943 0.049753 1.694779 5.720420 0
0.094349 1.438430 1.678860 2.208530 0
0.091210 5.501502 1.833293 2.553659 0
0.065295 2.719554 1.165356 5.127169 0
0.028832 5.632988 0.937086 1.246116 0
0.098623 2.875605 1.407544 5.760033 0
0.077070 2.025358 1.823603 4.477390 0
0.092084 3.931082 0.637205 0.047007 0
0.079597 4.146597 2.560437 3.290795 0
0.094281 2.964667 2.419598 4.529017 0
0.058943 3.172951 0.729491 4.861753 0
0.096841 2.701966 1.751348 0.131617 0
0.057144 4.987070 0.974654 1.879871 0
0.050138 4.008729 0.966549 5.311598 0
0.097998 5.284095 1.686989 5.078666 0
0.068311 4.122302 2.254350 0.629641 0
0.056217 4.609913 1.821322 1.287556 0
0.045336 3.136575 2.589584 3.474378 0
0.006475 0.332879 1.216930 5.918846 0
0.069499 5.758683 2.754266 5.086615 0
0.084276 1.145010 0.672127 6.042058 0
0.090567 2.040019 2.231890 4.904640 0
0.040702 2.293087 1.749531 3.972921 0
0.014506 2.542607 2.054477 2.117918 0
0.037197 2.239813 1.654892 2.160730 0
0.092503 2.938862 2.487681 5.402728 0
0.072161 1.404869 2.219017 0.023402 0
0.037432 4.805667 2.247939 5.342934 0
0.097318 5.793317 2.244591 4.821231 0
0.049670 3.889092 1.666784 2.591079 0
0.099193 0.859620 0.426029 0.031198 0
0.073585 4.883376 1.249375 4.271562 0
0.036564 5.554591 0.309329 6.216391 1
0.059311 5.784214 2.344068 5.482009 0
0.037971 4.091137 2.422535 1.786263 0
0.064496 4.332242 0.751441 2.281110 0
0.078201 5.947819 0.738833 5.392524 0
0.075206 4.261841 1.094219 3.452719 0
0.090283 1.981232 1.679978 2.240502 0
0.030420 5.633033 0.384074 1.421427 0
0.088350 0.377985 0.965742 0.831521 0
0.099033 0.407380 0.139103 0.784911 1
0.084614 5.535756 1.388214 0.828950 0
0.075534 3.417186 1.560759 1.144001 0
0.070035 3.929217 0.404347 0.352359 0
0.055104 1.953757 1.783593 0.746148 0
0.079137 1.005810 1.521457 4.516412 0
0.023792 3.215529 2.668301 5.260096 0
0.075626 1.009286 2.790572 3.472527 0
0.047484 6.121963 1.933908 5.915184 0
0.092487 0.545426 0.548562 2.676161 0
0.079415 3.571010 1.788508 0.761247 0
0.044011 4.073502 0.869082 3.124913 0
0.097942 4.918684 1.805132 3.679062 0
0.097104 0.574525 1.168753 6.280152 0
0.077666 1.566943 2.309561 1.100383 0
0.064033 5.065495 2.043845 3.992895 0
0.088348 2.547163 1.725249 3.995621 0
0.070157 4.085842 0.502657 0.772016 0
0.046757 4.208759 1.033346 2.590707 0
0.056406 2.646869 2.531052 1.743150 0
0.045177 3.303496 2.383202 0.923676 0
0.078562 1.051316 0.785619 1.384890 0
0.064553 6.177705 1.360333 5.194488 0
0.088849 0.774998 1.495159 3.581101 0
0.072714 0.245907 0.941898 0.131564 0
0.083031 1.682134 0.777911 5.705416 0
0.096828 2.436844 1.203319 1.606784 0
0.089950 1.445373 1.637162 0.082894 0
0.086937 2.488960 0.823581 2.343704 0
0.075063 1.927212 1.758749 6.158535 0
0.053846 6.213867 2.231636 0.498560 0
0.033513 1.690851 1.874018 4.027840 0
0.055520 5.373199 1.900729 6.268507 0
0.035056 5.062985 2.517370 0.379855 0
0.044004 1.420489 1.194334 0.017170 0
0.067536 5.336573 0.253070 1.331545 1
0.049545 1.106635 1.741492 5.082624 0
0.069488 1.120659 2.187283 4.855578 0
0.040906 3.744627 2.352198 1.757021 0
0.093010 3.150615 2.570625 1.089051 0
0.059717 3.661080 0.852614 3.012776 0
0.062328 0.481924 1.650790 3.657524 0
0.055025 5.379270 1.741313 4.768275 0
0.083993 3.774759 2.798246 5.975006 0
0.088142 3.491885 2.117358 1.632055 0
0.085680 3.449233 0.362757 5.663884 0
0.038071 5.558587 0.879089 0.062968 0
0.062138 0.639395 0.884985 4.666646 0
0.082731 2.226391 0.981755 0.458170 0
0.065654 4.788867 1.886059 4.610728 0
0.078633 1.507202 1.556225 2.034425 0
0.091687 2.912453 1.103450 3.880169 0
0.013886 0.217504 2.425834 4.733696 0
0.076392 5.716672 1.885624 4.577413 0
0.089135 5.252114 2.068125 1.134905 0
0.096833 5.792399 2.580531 3.908798 0
0.052558 0.914602 1.971481 4.443919 0
0.095275 2.199476 1.452706 3.305236 0
0.076807 5.867280 2.345727 2.705454 0
0.063035 0.782721 0.442390 2.617700 0
0.039899 5.814661 0.850007 4.666963 0
0.091393 5.182605 1.513341 3.957036 0
0.081286 1.318386 2.240579 3.759857 0
0.036293 4.610307 0.977628 2.563205 0
0.093772 5.752438 0.692640 4.945192 0
0.051535 3.495401 1.187686 5.375407 0
0.070008 1.023719 1.128759 5.576043 0
0.053619 2.100113 1.168154 2.806665 0
0.050958 2.978769 0.900689 0.596552 0
0.054674 4.151634 2.036948 6.029723 0
0.093305 3.362345 1.687179 0.014435 0
0.051854 4.891865 1.390306 0.931190 0
0.083312 3.301580 2.627035 6.029846 0
0.028596 1.560440 2.252871 3.593291 0
0.064131 0.636558 1.489396 4.390599 0
0.065997 4.796707 0.782661 4.368260 0
0.048735 2.104522 2.189953 3.370480 0
0.099785 3.235215 1.562974 5.442990 0
0.022368 0.340227 2.399643 2.003841 0
0.091253 1.751880 1.504998 3.310023 0
0.089682 2.528228 1.543766 5.567256 0
0.080668 1.895566 1.486590 0.389641 0
0.063482 5.763511 2.119519 5.268794 0
0.082505 5.694318 1.638417 5.769324 0
0.049115 2.035495 1.479961 1.488624 0
0.091589 5.973636 0.654096 5.585084 0
0.006987 6.105855 0.946693 5.262769 0
0.050060 4.240770 1.296162 0.344825 0
0.027806 5.346291 2.650618 4.574481 0
0.039061 2.506257 2.189683 3.490795 0
0.056229 3.461176 1.357445 6.263616 0
0.067612 5.830273 2.550269 4.387963 0
0.050187 2.323187 2.627168 0.570107 0
0.056611 0.241832 2.855161 2.044315 0
0.010132 1.177746 0.831074 1.639051 0
0.092865 3.313506 1.193388 5.904329 0
0.061502 1.612771 1.912942 3.335284 0
0.080967 2.876561 0.596705 6.105611 0
0.009318 3.019298 2.785445 2.926861 0
0.063910 5.552610 0.834404 4.148968 0
0.050346 0.625041 2.096854 3.606250 0
0.037144 4.591081 2.495813 0.931374 0
0.095819 0.391279 1.387971 4.904158 0
0.076788 4.554300 2.026894 6.081397 0
0.099072 2.437741 1.568219 4.002913 0
0.091967 3.676389 1.790195 5.368854 0
0.025623 3.628195 1.203180 2.978886 0
0.067910 3.044168 0.750814 4.490232 0
0.076418 5.563744 1.134253 4.536082 0
0.078498 1.180676 2.404380 3.357281 0
0.050018 1.754695 1.191462 5.276741 0
0.006409 0.220369 2.233699 6.192880 0
0.065042 1.925263 1.818751 1.689227 0
0.094421 1.454762 0.717665 6.014154 0
0.089943 2.787424 1.432934 1.697391 0
0.096339 3.554523 2.894312 3.217615 0
0.067173 1.717734 1.009928 0.423536 0
0.067919 0.654782 1.775698 4.470366 0
0.061926 5.759069 1.673578 2.435286 0
0.097553 2.255690 1.314428 2.354364 0
0.081573 6.257589 1.862010 3.499420 0
0.047693 4.818485 1.599065 0.228938 0
0.045882 5.940243 1.173604 0.871130 0
0.071494 1.830767 1.877049 6.046662 0
0.075151 5.559258 0.346780 0.163727 0
0.099448 3.967829 2.065849 2.340331 0
0.074033 1.814830 2.117795 3.139966 0
0.080489 0.837413 2.417196 1.968287 0
0.035945 3.254734 2.404499 2.240984 0
0.053375 2.414909 1.355333 3.112758 0
0.057425 4.396251 1.842228 5.283547 0
0.099552 1.789449 2.222470 3.492334 0
0.041180 5.234037 1.735297 0.996375 0
0.068156 2.006968 1.632943 0.079208 0
0.077991 1.829139 1.595494 1.609132 0
0.065146 2.430318 1.709973 3.478369 0
0.095121 2.761940 2.533128 1.191902 0
0.090770 1.906089 1.950038 0.965630 0
0.005521 2.005363 2.994320 6.246172 0
0.077715 5.013017 1.670826 4.860333 0
0.079427 0.828195 2.614450 0.599364 0
0.067174 2.910229 0.669706 0.373776 0
0.086850 3.897746 1.193056 1.122734 0
0.008451 5.560326 2.053953 5.729931 0
0.056968 4.037271 0.648961 0.932744 0
0.097258 4.943308 1.163935 5.962514 0
0.032545 1.864366 2.659756 4.460297 0
0.030752 3.097635 1.537639 4.558065 0
0.079045 2.610967 2.267458 0.477809 0
0.093740 5.836001 0.754036 3.977379 0
0.074106 2.834492 2.243901 3.495440 0
0.057972 3.418031 1.507281 4.150713 0
0.043191 3.580834 2.237138 0.832291 0
0.059721 0.698645 0.578751 2.906442 0
0.063868 0.153935 0.856489 3.157208 0
0.071938 4.120998 0.995418 0.894216 0
0.026726 0.306332 0.972457 5.969977 0
0.098873 2.223609 1.737915 3.309709 0
0.089723 2.481098 0.584743 0.886549 0
0.096896 3.464150 2.218567 0.788061 0
0.034820 3.837534 1.065318 3.002755 0
0.084968 2.131972 2.648675 0.816006 0
0.060317 0.709566 1.838703 5.537477 0
0.087682 5.405302 0.308702 5.279344 0
0.095343 1.520532 2.190471 5.570781 0
0.077194 2.347120 1.396665 2.519057 0
0.087660 3.119268 1.654934 4.444162 0
0.021859 2.159684 2.298917 1.062031 0
0.097698 0.569389 1.869061 4.250213 0
0.065569 3.690798 2.230177 4.987268 0
0.083686 2.756247 1.928506 2.947742 0
0.054676 4.390066 1.179662 1.306812 0
0.096990 0.626851 0.625289 3.371554 0
0.068798 3.191713 2.636314 1.519004 0
0.006651 3.013032 2.686305 0.328028 0
0.090734 4.912203 0.979388 4.886750 0
0.093404 5.454845 1.479053 1.899768 0
0.067496 1.636812 0.630405 0.979636 0
0.083617 4.845409 1.823604 6.271423 0
0.068547 5.871280 0.942493 2.579703 0
0.018496 1.889458 2.677759 3.188918 0
0.089927 5.558682 2.092754 5.108966 0
0.060352 4.387903 2.390068 1.178061 0
0.069293 0.543867 2.766542 2.215328 0
0.097710 2.635404 1.885859 2.577984 0
0.082459 4.718946 1.703612 2.382089 0
0.072264 1.201814 1.322759 6.233459 0
0.035457 3.665376 1.374862 1.004854 0
0.094025 2.198048 1.912316 4.352819 0
0.048427 2.618509 1.582576 3.762074 0
0.033927 2.332407 2.180340 3.740147 0
0.067659 4.721760 2.680769 2.591801 0
0.041344 3.787385 2.272597 5.346194 0
0.059483 2.444220 1.000346 5.504315 0
0.076176 3.815424 2.398308 4.435942 0
0.043658 1.701381 2.391842 0.469263 0
0.078779 3.351382 2.135205 5.372974 0
0.097475 1.717495 1.478441 0.409932 0
0.080285 1.508813 1.897593 0.642991 0
0.099580 3.822369 1.600467 1.021366 0
0.045949 2.121392 0.232286 3.549714 1
0.085243 1.529472 1.452508 1.928461 0
0.092232 1.942247 0.227879 0.259325 1
0.076151 5.522013 0.694954 1.259872 0
0.064206 5.550670 0.476296 2.276915 0
0.039593 3.201524 1.425536 5.034882 0
0.086584 0.553740 2.510398 4.657724 0
0.083455 2.629480 2.511055 5.702678 0
0.086955 5.763465 1.515896 3.033298 0
0.040088 5.740050 2.188760 0.071462 0
0.047189 5.042976 0.463021 5.042740 0
0.082551 1.059375 0.111268 0.588828 1
0.022808 0.369088 1.482878 1.311839 0
0.075384 5.552590 0.201458 1.997764 1
0.098583 5.741409 0.491783 4.199254 0
0.057643 6.051393 1.723269 0.555389 0
0.093829 0.304768 1.713596 0.258240 0
0.098085 2.267260 0.462247 1.160744 0
0.040430 0.660489 2.915861 5.308854 0
0.052319 6.222912 2.640984 2.046724 0
0.022170 2.480240 1.639915 3.879427 0
0.052770 3.422099 2.627558 1.572790 0
0.067707 6.249493 2.563120 4.968025 0
0.097865 3.107606 2.431279 5.266189 0
0.073695 2.828916 2.431774 3.174005 0
0.090060 5.854130 1.960370 6.123227 0
0.019192 4.255049 2.263922 1.951298 0
0.081708 4.763392 1.846901 4.503590 0
0.039097 1.073400 1.232794 2.710091 0
0.084586 1.693837 1.942586 1.092636 0
0.051402 3.771740 2.762953 1.394660 0
0.030803 5.300890 0.495385 4.008534 0
0.054212 5.902092 0.775992 0.659612 0
0.093331 5.234103 0.571750 5.704470 0
0.071431 5.648549 0.972672 1.117558 0
0.081062 5.370605 2.480411 5.089203 0
0.015999 1.437795 1.026978 4.656318 0
0.070598 5.798990 2.549812 4.791776 0
0.072335 5.526430 2.892773 3.883706 0
0.085042 0.280914 1.061203 0.107569 0
0.099200 2.508408 0.713923 5.372857 0
0.048193 1.266834 2.124714 4.665293 0
0.031720 6.166725 2.569442 4.760954 0
0.091445 5.120813 1.706616 5.414964 0
0.020937 5.083080 1.778066 3.407054 0
0.085553 3.253865 1.169914 1.603245 0
0.063042 1.818896 2.413659 0.758058 0
0.057810 0.812820 0.760543 1.999631 0
0.072704 1.632809 0.858909 4.780554 0
0.067933 5.883445 1.577503 3.531840 0
0.095804 2.662328 1.202184 4.737944 0
0.048860 5.576580 1.804694 1.775379 0
0.083459 1.374633 2.277880 2.692174 0
0.085828 0.814893 1.946873 0.842423 0
0.064744 3.499185 1.058075 4.733600 0
0.082842 2.466110 0.541870 1.350048 0
0.080769 1.539349 2.828648 0.715376 0
0.042588 3.010079 1.930429 0.623408 0
0.095015 6.256825 2.355437 0.889177 0
0.093986 2.947888 1.418361 3.643508 0
0.082943 1.563803 0.183069 2.667835 1
0.061529 4.347916 1.688417 5.012485 0
0.049890 5.110740 1.673251 5.875920 0
0.045375 3.912945 0.795535 5.392582 0
0.093154 0.790199 2.806025 0.308718 0
0.077771 4.071989 0.790774 3.189499 0
0.080242 0.010292 1.873690 3.312662 0
0.068616 0.460047 0.666837 0.997517 0
0.056754 0.725482 1.738296 4.402547 0
0.089859 0.892425 1.567694 0.354128 0
0.097746 0.311561 2.957407 1.013644 0
0.081997 0.889644 0.280798 3.393615 1
0.051706 6.230999 1.750247 5.480121 0
0.079986 4.634459 1.328045 1.782246 0
0.085979 0.181927 2.241784 1.319747 0
0.031965 5.767893 1.305296 2.665824 0
0.018290 5.982616 0.722632 5.283587 0
0.030691 3.917033 2.489047 0.311836 0
0.082037 5.584577 0.954415 2.169915 0
0.017437 1.448522 2.451091 1.870879 0
0.047142 2.982678 0.849839 5.416139 0
0.046077 3.454250 0.783166 5.978704 0
0.076073 6.010106 0.827347 4.278151 0
0.093516 3.332529 0.660535 5.705003 0
0.069466 1.445975 2.091830 3.623816 0
0.092388 4.059934 1.826325 3.308416 0
0.073142 5.261132 2.409545 3.552362 0
0.026053 4.758676 2.383678 1.822804 0
0.048174 0.207870 0.801301 2.792121 0
0.076344 1.870956 1.361103 1.015112 0
0.050429 3.502905 2.325260 0.809506 0
0.029647 5.954052 0.386146 3.584209 0
0.042161 4.936729 0.787507 0.196665 0
0.065716 4.860492 1.686758 6.074804 0
0.078161 2.700227 1.635263 4.264907 0
0.043258 2.484036 2.786973 2.633887 0
0.065455 0.760284 2.384961 0.070841 0
0.064713 1.630463 0.857500 4.229117 0
0.090388 0.096031 2.219111 5.685617 0
0.098127 5.269947 1.521454 0.883740 0
0.079022 3.911481 0.855162 0.353783 0
0.062937 4.585486 0.305432 0.044040 1
0.039945 3.489382 1.951507 2.178246 0
0.097504 4.113473 2.131461 2.382139 0
0.088073 3.954956 1.349810 1.221811 0
0.094284 3.538933 2.396588 4.435602 0
0.076061 4.206367 1.794337 3.401861 0
0.071288 0.541489 1.943515 0.833434 0
0.084185 5.366005 0.899378 0.658572 0
0.076409 1.332620 0.681940 4.670833 0
0.087604 5.011559 0.609612 4.512235 0
0.067253 5.378027 0.634358 1.432418 0
0.069670 3.064168 1.415035 2.352032 0
0.022565 1.821973 0.574565 3.954880 0
0.097951 4.342482 0.852269 2.938284 0
0.088165 5.359156 1.772741 3.053756 0
0.084081 4.958936 1.753481 1.827096 0
0.003650 4.414940 0.371882 4.830374 0
0.070730 0.780638 1.544638 5.985160 0
0.099004 3.670612 0.877714 2.925278 0
0.026809 3.788623 2.318313 0.771512 0
0.094496 5.781759 2.099549 5.355751 0
0.078187 5.799947 1.202607 2.441842 0
0.088092 5.782569 2.417806 3.034707 0
0.084236 2.924741 2.150242 4.466691 0
0.041006 5.076547 1.530133 4.199809 0
0.096550 6.073303 1.815199 5.732664 0
0.074215 5.036177 1.324214 3.912325 0
0.063601 1.368882 2.083932 1.869026 0
0.037156 3.127042 0.795004 4.708511 0
0.064867 2.952442 0.761253 1.236536 0
0.062468 0.079581 1.938613 0.626960 0
0.069149 2.849861 2.241273 4.060818 0
0.051140 1.824345 1.191184 1.217221 0
0.050690 5.879226 0.663595 5.075191 0
0.085863 3.041456 1.431158 0.890648 0
0.083781 1.104981 1.448926 5.277793 0
0.082070 3.701266 1.750501 0.592642 0
0.024284 4.570287 1.139824 2.822349 0
0.086026 6.100421 1.668903 1.371004 0
0.065152 2.259774 2.387660 4.310318 0
0.080623 1.126079 2.433295 5.698581 0
0.033901 6.194239 2.014622 5.354337 0
0.068550 0.911732 2.985489 1.079663 0
0.056654 2.721474 0.217875 6.248737 1
0.014903 3.777389 0.605318 0.510078 0
0.057321 2.387372 1.631578 0.431173 0
0.059235 0.498551 1.130344 4.871704 0
0.066257 0.950814 1.493448 0.559259 0
0.057493 2.143191 3.014481 2.799012 0
0.057179 4.465241 1.154137 5.006754 0
0.092508 1.831964 2.785789 1.110500 0
0.085129 6.160688 0.853324 4.692992 0
0.076269 1.634245 2.286553 5.719382 0
0.080004 2.252312 2.849984 6.226224 0
0.066167 1.669547 2.132442 5.509187 0
0.064579 1.430393 2.769714 4.697255 0
0.075416 6.043100 0.909850 5.627828 0
0.082003 3.083246 1.966105 3.318942 0
0.088447 4.154629 1.993179 3.185462 0
0.080108 5.505494 1.056170 1.403837 0
0.036922 0.515155 0.748650 4.878170 0
0.066367 0.707404 2.134876 5.518329 0
0.061506 3.352765 2.106176 4.997313 0
0.087250 4.529592 1.656779 2.073557 0
0.082625 4.624465 0.990140 2.231477 0
0.047615 5.769597 2.444565 0.056550 0
0.076124 3.696677 1.602766 1.389987 0
0.068159 4.837282 1.459871 3.775538 0
0.092297 3.633858 1.322823 1.836718 0
0.083122 0.908545 0.851553 0.435029 0
0.082353 5.816192 2.387902 2.761283 0
0.080410 2.560540 2.140019 2.068921 0
0.037885 6.253040 1.948578 2.326345 0
0.095575 3.567632 1.326884 3.097307 0
0.039516 5.624908 2.013462 3.900108 0
0.081554 0.997932 0.980309 3.248256 0
0.085859 3.762983 2.237753 2.689868 0
0.086226 6.156835 1.565482 2.649652 0
0.095161 2.274055 2.377997 3.469256 0
0.087718 3.962590 2.438516 5.736415 0
0.079112 3.555390 1.122375 3.388710 0
0.036560 4.162470 0.361304 1.820960 0
0.074680 4.690126 2.534084 1.400012 0
0.095146 0.830343 2.070984 4.036664 0
0.085501 3.450058 0.537721 2.981669 0
0.072731 3.568244 2.485702 2.730365 0
0.096428 4.759071 2.910431 4.393709 0
0.062297 5.454613 1.797245 0.087734 0
0.065878 5.626513 1.677586 3.566654 0
0.074697 3.679277 2.367321 0.726805 0
0.057622 4.825497 1.241885 1.491091 0
0.094876 0.491901 2.433400 3.965981 0
0.079207 5.971102 0.662439 0.982481 0
0.071988 0.012601 1.753649 2.815274 0
0.087146 3.629282 0.787937 0.926962 0
0.066764 4.772736 0.827101 5.527528 0
0.080938 4.491140 1.465369 1.338676 0
0.054805 1.915425 1.221180 3.973449 0
0.026991 4.192298 2.403000 6.113577 0
0.086343 4.709109 1.780758 2.342972 0
0.083655 4.460837 1.629354 1.370000 0
0.084378 0.755114 1.909447 2.961924 0
0.083534 5.111073 1.810969 0.901922 0
0.075701 4.903581 0.306343 1.433502 1
0.070372 2.957261 1.452935 4.998767 0
0.088063 4.837658 1.426239 5.330422 0
0.066118 1.870385 2.268863 1.147785 0
0.021716 2.674001 1.682169 4.693334 0
0.036816 0.533025 2.765261 5.325090 0
0.045278 3.965423 1.200210 5.672536 0
0.066676 5.892714 0.434014 0.110749 0
0.084752 0.437537 1.037413 1.341460 0
0.073505 4.316429 0.190853 1.984297 1
0.067596 2.746073 0.834359 5.617673 0
0.085717 6.192348 0.561443 4.912767 0
0.064119 3.973030 1.628545 3.434815 0
0.084685 3.103064 1.357548 5.794195 0
0.035353 4.480548 2.278346 3.578613 0
0.080682 5.474818 1.746053 2.320001 0
0.097004 5.233613 1.737040 3.023966 0
0.072107 3.718504 2.207042 6.137758 0
0.016991 6.039798 2.406651 4.797851 0
0.097304 5.954518 1.661908 2.248938 0
0.076159 0.467163 2.513577 1.867232 0
0.075380 1.877288 0.974850 4.355530 0
0.010900 0.278602 1.076419 4.164728 0
0.095691 5.340320 0.360143 5.382590 0
0.082637 3.863006 1.240725 1.274419 0
0.045457 0.848449 0.875477 1.479717 0
0.031032 0.318053 3.081780 0.270837 0
0.099916 3.421815 1.371550 3.633749 0
0.078673 1.920343 2.420397 1.176020 0
0.077744 0.596038 2.435259 3.872281 0
0.037310 0.899322 1.113259 0.344875 0
0.099653 1.955368 2.537660 4.247204 0
0.096230 1.567650 2.430405 0.833513 0
0.062011 0.367431 1.303965 3.021161 0
0.033030 2.307611 1.618690 0.674870 0
0.095492 5.811772 1.951395 3.335219 0
0.048021 3.526415 2.021914 5.246560 0
0.081001 3.759603 1.473259 4.997093 0
0.086110 4.589480 2.346756 4.615381 0
0.020407 4.786246 1.390876 6.080036 0
0.010608 1.817839 0.644585 2.486809 0
0.058974 2.943592 2.423773 2.870754 0
0.091420 2.516782 1.699761 4.697444 0
0.057055 1.571058 1.111716 3.494298 0
0.090072 6.260717 1.351341 2.936740 0
0.077122 5.293329 1.076307 2.112874 0
0.075690 0.709429 0.538790 3.861286 0
0.093523 3.024469 1.735967 5.566386 0
0.087788 4.288500 1.118994 0.744392 0
0.038862 0.994795 1.722110 6.200110 0
0.074759 0.877584 2.058727 5.556946 0
0.062427 0.080662 1.451615 1.262929 0
0.009624 5.225733 1.914309 3.795327 0
0.082107 5.850317 2.648005 1.552315 0
0.020980 0.070085 2.379225 5.772237 0
0.070179 2.788552 2.225843 1.653677 0
0.035545 0.542263 1.331858 1.742773 0
0.049460 6.013215 1.079577 5.048636 0
0.031097 6.274068 1.956123 3.056256 0
0.010671 0.807271 1.955020 0.129738 0
0.097989 2.235669 1.822844 3.985695 0
0.053565 3.550081 2.438434 2.079362 0
0.075906 4.668425 1.046322 0.431534 0
0.043222 0.340666 1.227857 1.967659 0
0.037486 4.483280 1.752868 2.419988 0
0.081888 5.370131 0.898655 4.820923 0
0.092371 5.507836 1.055703 5.432558 0
0.007128 5.913179 2.450475 6.064925 0
0.054491 3.204176 1.771350 3.668463 0
0.027381 3.022259 2.549169 4.091237 0
0.047330 1.033054 2.025997 2.581291 0
0.046758 0.324797 2.035296 2.256650 0
0.087477 1.976196 2.081304 2.738201 0
0.041134 5.862077 0.934953 0.140970 0
0.089977 2.869933 2.456103 5.118649 0
0.063077 4.852639 2.164992 4.365588 0
0.053130 2.384638 1.112209 2.244701 0
0.092765 1.215507 0.183515 0.531211 1
0.059822 4.575524 1.561536 3.622280 0
0.088313 1.378266 2.628686 3.425213 0
0.073067 4.272383 2.864576 4.417604 0
0.078291 1.156168 2.038726 2.654817 0
0.080048 3.848917 1.017342 0.242842 0
0.062040 0.107485 2.056588 4.192000 0
0.062979 0.076111 0.313907 1.615835 1
0.045340 0.206268 1.248681 3.540178 0
0.087238 5.259547 0.766823 3.398929 0
0.023757 0.475018 0.595607 3.709090 0
0.086924 0.421186 1.144839 2.315491 0
0.050104 0.118898 2.192103 5.603455 0
0.079467 0.177404 2.607899 0.103000 0
0.021294 4.171541 1.946730 2.777012 0
0.082221 4.448516 1.980444 5.539270 0
0.086072 0.256707 1.460652 3.153392 0
0.093698 3.675536 0.416942 5.870882 0
0.081276 0.810091 1.620216 2.614770 0
0.044268 5.140297 2.176513 2.808631 0
0.091489 3.617385 1.242585 2.943825 0
0.077715 1.692012 1.540626 4.079678 0
0.096603 1.058640 0.613830 3.828020 0
0.093621 4.966351 1.552496 3.878756 0
0.091174 5.880368 0.705021 4.456126 0
0.072171 1.018097 1.862087 1.140087 0
0.053941 1.057425 1.767266 3.059466 0
0.099318 2.401934 2.621702 5.173731 0
0.097878 1.713812 1.141642 3.530923 0
0.073624 4.881196 0.955169 2.986192 0
0.097229 1.900920 0.589949 5.163808 0
0.030489 3.615131 1.448831 5.807143 0
0.071502 3.508340 1.840971 0.201847 0
0.084877 1.740722 0.960819 0.071442 0
0.066734 5.096791 1.567395 2.712683 0
0.043984 2.715819 1.059078 0.951673 0
0.083964 3.437600 2.011808 1.552270 0
0.056919 5.810010 2.031565 1.692261 0
0.047669 5.069488 0.613487 2.011831 0
0.061822 3.332262 1.034282 5.613748 0
0.029785 5.515873 2.588990 5.083855 0
0.039360 0.874343 2.266573 3.771556 0
0.097485 2.003019 0.359699 0.903489 0
0.086662 1.804282 1.148908 2.865284 0
0.091338 0.054571 1.989034 0.994307 0
0.096611 2.672830 1.425446 1.009141 0
0.048190 3.259452 1.532392 3.860567 0
0.022159 4.556760 1.586565 0.865945 0
0.077660 2.723540 2.676723 4.762856 0
0.075672 4.821911 1.283446 3.285832 0
0.029363 2.452280 1.910812 5.260582 0
0.082308 6.044482 1.144550 3.215258 0
0.098524 6.260235 1.917656 5.680449 0
0.064942 0.612948 0.514300 4.109013 0
0.078506 3.427376 1.089190 4.180927 0
0.052030 4.877525 2.222409 5.490398 0
0.045798 4.713487 1.837665 4.915763 0
0.071945 6.221296 1.170869 3.793957 0
0.061680 6.107730 1.452671 0.363767 0
0.096648 4.614036 1.710489 5.684894 0
0.085481 1.505405 2.236612 0.957780 0
0.058064 5.488562 2.230409 5.990752 0
0.064731 0.470003 1.810841 4.333704 0
0.092254 2.652181 1.698250 0.382223 0
0.041507 1.227801 2.327325 4.334696 0
0.043077 0.933209 1.145523 3.556302 0
0.034728 4.616822 1.821202 0.343596 0
0.068494 1.215909 2.736150 1.255572 0
0.065811 4.827463 1.270851 4.839665 0
0.080115 0.996961 2.034685 0.382408 0
0.048319 2.152540 2.095764 0.531307 0
0.087447 1.973844 0.782413 5.887204 0
0.071383 6.211515 1.827332 4.367556 0
0.037029 5.784181 1.072696 1.619293 0
0.080955 5.560741 1.186191 0.782305 0
0.028025 1.708194 1.211812 3.214778 0
0.020045 4.251230 1.119435 4.285311 0
0.091393 0.035304 2.078053 0.431969 0
0.059009 3.100645 0.804628 0.709380 0
0.089868 1.876806 0.450471 1.992948 0
0.053600 4.252112 0.222319 2.666674 1
0.077287 1.717991 1.943641 1.587741 0
0.039805 6.248857 1.322667 1.489012 0
0.051614 4.407923 2.091237 1.926337 0
0.061494 0.191863 2.927780 1.340972 0
0.019014 4.596181 1.120030 2.415012 0
0.047433 2.736217 1.565321 0.204945 0
0.085685 3.437790 1.265696 0.134973 0
0.047317 2.275211 1.462376 5.159826 0
0.079721 0.804430 0.550653 4.988750 0
0.035009 2.834427 0.353796 2.443967 0
0.039071 4.898367 1.972635 3.335131 0
0.090008 4.298767 2.081109 5.317397 0
0.064473 0.165859 1.001905 4.025404 0
0.067962 4.573615 1.924700 1.231913 0
0.052446 0.145056 0.970476 3.134937 0
0.062064 4.168534 1.202855 0.130285 0
0.088965 2.475959 2.251628 5.743065 0
0.091933 5.313612 1.165831 6.269550 0
0.079075 6.274151 1.628093 2.735838 0
0.082628 1.714414 1.119007 0.618310 0
0.054704 3.219272 2.069332 4.782348 0
0.049018 2.590877 2.724817 3.237921 0
0.065988 1.097963 0.239501 5.156200 1
0.091553 2.101250 2.322303 3.956275 0
0.085351 4.122334 1.658304 3.604409 0
0.070836 5.320002 1.714267 0.798368 0
0.091938 0.629085 1.696097 3.317515 0
0.061072 5.304255 1.826382 4.223771 0
0.059713 2.296352 1.437136 3.750042 0
0.088194 2.454011 0.683032 1.339976 0
0.075187 0.794450 0.370344 2.535285 0
0.067887 5.499475 0.366263 1.189723 0
0.072894 3.624530 2.124710 0.208199 0
0.065082 2.101720 0.823580 1.689130 0
0.065926 4.540773 2.206401 5.074304 0
0.075292 2.659283 1.530455 5.802184 0
0.088810 5.737824 1.611375 3.559679 0
0.055115 3.973818 2.164710 5.460624 0
0.087114 5.112646 1.098623 1.380783 0
0.083004 1.921098 1.387997 1.384375 0
0.093948 1.081453 1.055184 1.923790 0
0.071177 2.599141 1.721393 5.913978 0
0.036926 2.336379 2.091717 4.418573 0
0.089168 1.436801 1.826956 3.668112 0
0.037667 0.923427 0.796347 2.800090 0
0.088285 5.844262 1.191213 3.382328 0
0.086247 3.690251 2.113141 2.719474 0
0.094503 1.050432 1.882095 4.873793 0
0.058249 5.696423 0.580366 5.315057 0
0.056593 4.127318 2.182561 2.869108 0
0.016950 3.367761 0.822680 5.176174 0
0.087445 4.942067 1.384952 5.696002 0
0.096619 3.505707 1.270702 4.479554 0
0.069864 4.190434 1.050099 1.457321 0
0.050423 0.058623 1.906586 0.925664 0
0.042013 1.997459 2.579280 3.240939 0
0.047383 0.030669 1.290603 3.423075 0
0.081349 0.935476 0.075703 4.338498 1
0.082758 1.013493 1.599414 2.824614 0
0.097358 5.792587 1.278864 5.537869 0
0.069273 4.450336 1.760578 6.081893 0
0.061255 5.312934 0.927053 3.955085 0
0.092461 5.432824 2.157466 0.197426 0
0.042728 4.397020 1.665403 2.557793 0
0.083946 5.711175 2.699292 2.302490 0
0.024051 5.989865 0.481917 4.666702 0
0.033855 3.589289 0.907852 0.392548 0
0.070226 3.445561 2.663144 6.113800 0
0.050663 3.381469 2.650906 3.970298 0
0.061948 0.885351 1.073248 1.499588 0
0.007462 0.239760 1.093000 1.182087 0
0.085905 5.135378 1.762407 2.781283 0
0.085222 3.437562 2.237266 4.926834 0
0.070740 5.441575 1.624540 3.864416 0
0.066129 4.518482 1.933746 5.846370 0
0.051722 3.904196 2.509919 3.293570 0
0.039944 5.306307 0.812288 3.413696 0
0.099269 2.622879 2.169954 6.226648 0
0.067498 0.327113 0.874049 1.216234 0
0.093241 4.865429 1.846734 3.742674 0
0.056698 2.798104 1.328008 5.164047 0
0.055802 5.696673 1.444308 4.704173 0
0.079107 0.719056 1.937288 5.612827 0
0.085780 3.661157 1.405032 5.625730 0
0.065362 3.603894 1.447825 2.592752 0
0.099550 1.386340 1.376885 2.806227 0
0.052221 3.661763 1.854996 0.892758 0
0.059762 1.736793 2.066333 4.263811 0
0.084956 0.738568 1.571777 0.208206 0
0.015556 5.889951 2.169605 4.084025 0
0.022772 2.896551 1.657509 4.949073 0
0.020903 6.036878 1.945573 2.958802 0
0.073101 0.764674 2.445127 3.301175 0
0.058510 1.804582 2.805488 3.864466 0
0.093274 3.846678 2.110954 1.427165 0
0.094268 3.109471 2.517501 3.835183 0
0.078258 2.552464 1.861943 4.000095 0
0.058622 2.672583 1.129906 2.485052 0
0.094146 5.214601 0.884541 5.843657 0
0.088923 5.442558 1.371387 2.042696 0
0.099394 1.787641 2.347605 2.075061 0
0.075612 5.168087 2.669482 2.775381 0
0.065935 4.413567 1.915281 2.031867 0
0.044422 3.610338 2.621031 5.087891 0
0.099037 3.627254 1.463386 2.038847 0
0.005148 4.605735 2.026397 5.585785 0
0.075030 5.674838 2.262830 2.222260 0
0.087715 1.382344 1.936469 4.758258 0
0.071029 3.325641 0.600794 0.479021 0
0.059314 0.206476 1.606713 4.942124 0
0.085750 1.173764 0.675955 5.859895 0
0.087259 0.274670 2.076918 4.663719 0
0.078804 1.186216 0.522635 3.918575 0
0.096011 4.943279 1.596131 3.045917 0
0.083062 2.084246 2.314357 2.885958 0
0.074278 3.249947 0.968216 0.353389 0
0.021573 1.911165 0.745077 2.502946 0
0.058055 4.086813 0.889036 0.454498 0
0.091501 1.852689 0.141068 3.761494 1
0.058188 4.695808 1.246996 6.029283 0
0.096755 2.561408 1.738077 5.390789 0
0.044092 0.602663 1.250853 5.556434 0
0.065394 1.138513 1.252759 6.153498 0
0.083573 3.520237 0.379653 4.680863 0
0.092975 1.056113 0.776569 1.265857 0
0.090472 2.062508 1.101348 4.120319 0
0.078938 1.751562 1.057397 6.042557 0
0.016165 3.740655 2.572863 6.046207 0
0.005481 3.170142 2.265957 1.240379 0
0.077489 1.024147 0.579918 0.176528 0
0.058668 2.672833 0.172900 0.267935 1
0.099280 0.270544 2.183708 5.341286 0
0.045950 5.849422 0.458130 0.186397 0
0.050914 2.044312 1.950742 5.543942 0
0.077726 5.905343 2.329660 3.960058 0
0.073158 4.808783 1.756963 3.381690 0
0.051950 2.593706 2.061504 5.468545 0
0.075881 5.135695 2.492914 5.780513 0
0.049271 5.691915 2.752572 1.435228 0
0.097414 4.714061 0.568018 1.005930 0
0.082537 0.817286 0.901454 5.909041 0
0.067486 5.499043 2.272602 0.374286 0
0.090281 4.189926 1.960230 2.200829 0
0.065741 1.774239 2.460636 4.411264 0
0.083377 3.921402 1.716149 1.702613 0
0.066444 2.958512 0.904540 4.299255 0
0.061381 0.965203 2.541605 2.046515 0
0.095073 6.227812 1.542416 3.676376 0
0.034823 4.244771 1.621952 3.623510 0
0.074214 2.188844 1.846827 2.298645 0
0.012334 2.048956 2.017757 2.811110 0
0.078005 3.798807 0.793932 1.907954 0
0.047824 4.535813 1.720635 4.210936 0
0.043904 4.810507 1.275397 3.578381 0
0.095877 1.678304 2.482356 5.171789 0
0.050823 2.394155 1.386208 2.384843 0
0.023795 5.867211 2.720195 3.816370 0
0.053119 3.722965 2.812914 1.868456 0
0.095845 4.331304 2.082372 3.311930 0
0.054217 5.618754 2.293668 3.283950 0
0.078495 2.547265 0.909293 5.082520 0
0.041355 3.438707 1.325185 0.567112 0
0.090244 1.719426 2.544101 0.456756 0
0.080913 2.020696 1.475160 4.469321 0
0.050537 2.566766 1.199759 3.377591 0
0.003228 1.834336 2.304828 5.778466 0
0.099060 3.642427 1.464157 1.729381 0
0.068845 1.743908 2.209049 0.566191 0
0.082641 6.225031 2.494833 5.365760 0
0.073351 1.743242 2.664845 2.214378 0
0.074236 5.388589 1.420479 1.293064 0
0.042335 5.512733 2.557521 2.730820 0
0.053469 1.481706 2.806464 1.802859 0
0.072647 5.071274 0.943708 3.198497 0
0.062196 4.105350 2.175590 5.408511 0
0.096485 3.658023 2.694729 3.857247 0
0.075693 5.340228 1.506526 0.697236 0
0.035689 2.589509 1.497527 4.262954 0
0.051938 5.582749 2.447345 2.821011 0
0.087516 5.035217 2.445265 0.325425 0
0.019287 5.377058 1.242378 3.549780 0
0.081419 3.426425 0.551085 0.312476 0
0.044578 5.392969 2.534039 0.814663 0
0.066371 5.412504 2.079580 0.084490 0
0.084342 1.328547 0.720966 5.269832 0
0.078967 3.693342 1.605183 5.612969 0
0.069017 2.522433 1.249938 1.522017 0
0.045037 1.419441 1.146213 1.508202 0
0.028583 3.975727 2.226864 4.678460 0
0.042201 5.523074 2.200202 2.367556 0
0.085869 4.428738 1.583729 1.117479 0
0.075252 1.570945 0.905361 1.744418 0
0.067931 1.983696 0.696184 0.534362 0
0.095054 3.980665 2.846435 2.386758 0
0.018708 2.014940 1.817493 1.494377 0
0.073932 5.756216 1.526533 3.947695 0
0.074087 1.777377 1.313766 4.567724 0
0.040237 1.050720 0.656011 5.650123 0
0.093385 3.834314 0.562724 2.754328 0
0.092751 1.686386 2.017500 2.021565 0
0.076427 5.229810 1.383276 3.063935 0
0.068256 2.420073 2.396477 3.147203 0
0.084015 3.076281 2.068559 1.586209 0
0.063697 1.360975 2.436415 5.998070 0
0.070674 1.593687 1.942493 4.155617 0
0.064875 4.934703 1.692360 1.840678 0
0.062899 4.006972 2.051763 1.607904 0
0.095191 2.810567 1.726723 3.080256 0
0.052883 6.185396 2.843018 4.684482 0
0.060795 5.311698 1.038983 0.474111 0
0.057878 6.190080 1.219431 4.654107 0
0.044921 1.311038 1.972181 4.406221 0
0.067993 2.368415 1.292537 5.549132 0
0.040290 5.801208 0.866168 3.505764 0
0.074901 5.701631 2.249431 2.935168 0
0.059562 2.459952 2.725732 3.986204 0
0.061315 5.876429 1.328395 4.684446 0
0.088354 3.936000 2.267926 0.726550 0
0.078206 0.935691 2.364159 5.110763 0
0.059798 3.466463 1.600151 5.151454 0
0.096366 5.512451 1.988981 0.571625 0
0.089478 5.524025 1.873260 2.272283 0
0.088692 2.907871 2.288403 0.888298 0
0.092429 4.939690 2.155080 1.446800 0
0.084938 0.978818 2.829315 3.154690 0
0.088443 5.006617 1.808465 2.474527 0
0.097250 2.978713 0.945266 1.905852 0
0.016057 4.535904 0.717290 5.996868 0
0.077411 5.191521 0.429477 2.512458 0
0.083990 4.362696 2.121199 3.091646 0
0.039642 3.709007 1.840925 0.072020 0
0.061358 2.571261 1.027986 0.615259 0
0.075167 1.366881 1.772167 2.181711 0
0.011989 1.368005 2.073877 6.032621 0
0.083175 5.958343 1.077984 4.508708 0
0.081866 2.429408 1.922001 1.693046 0
0.046142 4.507699 1.916282 5.770105 0
0.064169 2.707060 1.390606 3.574592 0
0.014543 0.275324 1.732250 2.498392 0
0.067309 5.165433 1.561902 0.113478 0
0.019912 0.600416 1.298007 0.339441 0
0.055972 0.668241 0.238432 0.031953 1
0.023378 1.744165 2.032347 4.554460 0
0.081501 2.479867 2.990737 5.511317 0
0.033482 4.169824 2.203079 3.291590 0
0.030739 1.293616 0.619057 0.726580 0
0.049970 4.229610 1.597340 4.415525 0
0.070375 0.055438 2.028207 3.360986 0
0.032308 0.541005 1.749631 2.624274 0
0.043870 3.789304 1.415679 1.552644 0
0.093844 0.913704 2.805200 3.423857 0
0.073492 6.071425 1.414313 4.097952 0
0.079369 1.367039 0.866056 4.551763 0
0.065074 1.689354 2.318762 4.229595 0
0.097058 2.220129 1.320003 2.747636 0
0.060180 0.607751 2.806667 2.931420 0
0.042759 3.525865 2.447185 2.358003 0
0.040527 1.928737 1.818107 0.282268 0
0.067260 3.734566 1.751474 6.236013 0
0.074878 0.074927 1.864399 1.197684 0
0.047906 5.157135 2.550094 4.102622 0
0.029942 4.744604 1.215602 0.199082 0
0.032935 4.410966 1.508726 2.957115 0
0.089373 2.772155 2.634951 6.167474 0
0.004859 5.161045 1.280479 1.046818 0
0.035829 6.152939 0.955820 3.649038 0
0.075739 5.035210 1.717835 0.843940 0
0.090183 1.369459 1.213086 0.268918 0
0.019682 1.507886 1.973062 0.806713 0
0.099755 0.137387 0.823245 0.650854 0
0.085082 3.952514 1.719799 3.283886 0
0.026507 3.213318 1.579258 0.456319 0
0.057691 5.410467 1.022145 2.897775 0
0.091672 2.832223 0.412592 2.601355 0
0.050214 3.865493 1.667619 0.411200 0
0.091278 5.486919 0.670499 5.478362 0
0.033654 5.051659 0.034686 0.680926 1
0.090877 1.007685 0.956870 3.454214 0
0.088850 4.939748 0.544867 5.401683 0
0.054553 3.623089 2.615269 3.961059 0
0.066162 1.077953 0.615014 1.747405 0
0.078888 0.839276 1.965195 5.494425 0
0.086532 1.510869 2.646277 3.656537 0
0.033724 0.302558 1.478393 1.426224 0
0.092312 2.853603 1.235262 4.260077 0
0.078393 3.438929 0.995045 2.538302 0
0.057750 1.886019 1.078530 3.965373 0
0.093638 1.231616 1.073628 1.976293 0
0.060628 2.218895 1.757163 6.219746 0
0.069766 1.789272 2.387271 1.479755 0
0.072473 5.053424 2.258718 4.014745 0
0.092327 1.704820 2.391923 4.427013 0
0.085176 1.264933 1.333770 2.136526 0
0.086524 3.835011 2.080643 0.516169 0
0.095422 0.048442 2.011437 4.946953 0
0.045136 6.124788 0.649705 3.589626 0
0.057266 4.363758 1.693524 5.118668 0
0.098959 2.673986 0.451814 3.169985 0
0.047943 5.451530 0.776987 0.517022 0
0.037278 0.059328 2.181855 5.431588 0
0.045909 1.064755 0.938505 6.028123 0
0.088308 5.959756 0.410585 4.337610 0
0.097787 4.742648 1.526150 1.005069 0
0.085417 3.641438 2.051651 0.361562 0
0.052351 1.837697 2.410449 1.591854 0
0.084738 5.795468 2.112668 5.955908 0
0.088883 5.663384 0.349329 5.836978 0
0.095436 5.133779 2.198016 0.763787 0
0.099324 6.270308 0.577064 4.815114 0
0.097287 0.769831 1.484090 5.671890 0
0.093666 5.870917 0.506067 3.813543 0
0.071689 4.988469 1.906017 4.951180 0
0.029397 3.372150 0.409581 5.054663 0
0.067755 5.021688 2.099916 1.565061 0
0.083701 4.917129 0.871267 3.841413 0
0.077437 6.104234 2.055426 3.683071 0
0.098462 5.113925 1.271400 5.755050 0
0.096769 5.084539 2.261796 5.113049 0
0.086233 5.537529 1.411547 1.618254 0
0.082174 0.535327 0.430195 4.785794 0
0.078860 0.546097 1.703500 0.508726 0
0.094135 2.001472 1.223993 3.686487 0
0.031801 3.192641 0.922543 4.403139 0
0.069256 5.849915 1.130642 2.821861 0
0.086310 4.018024 1.297523 4.281225 0
0.066986 1.154295 1.561086 1.208463 0
0.025502 5.754496 1.470400 4.651453 0
0.003250 3.112966 1.574765 3.914116 0
0.076312 0.428148 1.990877 2.943663 0
0.062184 0.213443 0.474420 3.065037 0
0.073627 1.591678 0.898472 0.136588 0
0.042938 2.988015 1.512467 5.839062 0
0.033918 5.252174 1.794033 3.542232 0
0.014008 0.665005 2.108533 0.531924 0
0.014729 1.294226 2.278275 0.142954 0
0.083751 2.054252 1.866492 1.783069 0
0.062856 2.196726 2.099675 4.912021 0
0.061935 5.073696 1.091873 5.816253 0
0.024663 2.878862 2.678887 1.540596 0
0.096630 2.628105 0.861919 0.306546 0
0.050417 4.933574 1.797846 1.720379 0
0.094395 2.316287 1.283803 5.734894 0
0.075804 1.152494 2.627984 1.734520 0
0.071440 3.651732 1.690767 5.689146 0
0.096479 1.961136 1.954607 1.975442 0
0.034587 6.011853 1.024149 1.133835 0
0.064421 1.178166 1.421541 2.191222 0
0.077832 3.770904 1.364398 5.403365 0
0.062077 0.063360 0.748895 1.736686 0
0.061541 3.092861 0.899857 5.990160 0
0.082199 0.783057 0.998983 1.168915 0
0.084013 4.959084 0.614588 4.000061 0
0.031841 4.892857 2.695319 1.388681 0
0.085764 1.200828 1.372440 0.945870 0
0.061533 5.196947 1.569363 6.185266 0
0.065366 5.634859 2.330595 5.105959 0
0.095231 6.146004 0.606025 1.794680 0
0.068587 1.747854 1.021592 0.917849 0
0.063467 2.943150 1.228382 0.682514 0
0.050762 2.661640 2.083471 2.256083 0
0.044982 4.374893 1.731653 5.892837 0
0.094202 6.167280 0.603821 1.671530 0
0.089926 3.692613 1.048232 1.482522 0
0.069607 0.595872 0.444511 2.459319 0
0.027019 0.864756 1.932737 3.414370 0
0.064483 5.755653 1.959499 5.143521 0
0.062005 0.135798 2.595354 4.034666 0
0.066725 4.225424 0.069404 4.068750 1
0.060728 3.652327 1.742510 1.609668 0
0.075023 4.233923 1.615249 2.334277 0
0.051142 4.854809 1.787411 4.687636 0
0.093140 4.122096 0.759684 5.909371 0
0.089089 5.117768 1.538630 1.316276 0
0.085473 1.089590 0.336904 0.722668 1
0.044162 6.002646 2.110995 4.022826 0
0.079237 4.764897 1.132529 6.262017 0
0.058279 5.486792 1.053692 5.670460 0
0.073966 4.869697 1.101776 5.080879 0
0.074007 5.538352 1.680431 2.608816 0
0.073315 4.349098 1.278056 2.080929 0
0.071183 5.275558 1.652250 1.490731 0
0.011421 3.573817 1.270866 1.307351 0
0.072398 0.687547 2.341511 0.954978 0
0.093155 0.855382 0.791528 1.303297 0
0.009689 2.522309 0.675836 3.496517 0
0.042009 2.412123 1.297684 4.550141 0
0.051513 5.779540 0.765216 5.044552 0
0.078232 3.110774 0.749706 0.745948 0
0.057856 4.239501 1.278614 2.185109 0
0.049349 4.450078 1.682714 4.823410 0
0.090426 2.539452 2.566824 4.306884 0
0.073505 0.429012 2.474747 3.453822 0
0.068536 0.017568 0.663830 4.060142 0
0.062185 2.961365 1.308539 4.096981 0
0.062543 3.202870 1.480514 0.019987 0
0.006962 3.700643 0.713318 2.133605 0
0.051353 3.002615 1.954858 3.187091 0
0.043143 1.527989 1.103831 0.023948 0
0.080458 1.222518 1.959022 1.179090 0
0.051269 3.657829 2.065421 4.602851 0
0.076483 5.300066 1.325871 6.105089 0
0.056111 4.706905 1.820813 4.435965 0
0.050880 0.494048 2.002450 1.657048 0
0.081707 5.221888 1.778897 5.851650 0
0.055585 1.826182 1.447605 3.110825 0
0.073064 4.482871 1.568626 1.138427 0
0.095291 1.182421 1.305379 1.073733 0
0.087770 0.667243 2.509703 2.232462 0
0.097454 1.773206 1.217412 1.662369 0
0.017704 5.973251 2.796843 1.823515 0
0.017118 4.271101 1.678904 4.378804 0
0.071474 0.988031 1.830149 5.151120 0
0.066925 0.419639 1.191635 6.168383 0
0.088332 5.113534 0.830956 4.324713 0
0.004508 3.341140 2.372265 4.853020 0
0.079872 4.791845 0.730830 3.692507 0
0.021180 2.856663 2.352529 0.478792 0
0.063665 5.170025 1.300359 2.730842 0
0.070894 5.782871 0.742280 0.084558 0
0.027861 4.773730 2.300392 3.301928 0
0.090915 0.931254 1.585291 3.812693 0
0.098085 4.210750 1.148580 6.057558 0
0.044936 0.969482 2.063426 5.277089 0
0.095757 5.429690 1.425396 6.043194 0
0.056464 1.758102 0.392417 4.549897 0
0.032038 2.541109 0.819661 3.802882 0
0.056991 1.824014 1.810496 2.528511 0
0.022375 2.839934 2.598059 5.507928 0
0.077473 2.734380 1.537636 3.532790 0
0.032458 4.891657 1.623523 1.930650 0
0.096583 1.651369 0.787378 5.339280 0
0.035635 3.610964 2.243565 2.801041 0
0.092440 5.338090 0.849813 6.014008 0
0.050400 2.065306 1.695936 3.636807 0
0.078677 1.137959 2.866801 4.203879 0
0.079568 5.712572 1.662288 1.465896 0
0.058683 0.182873 2.203257 2.825711 0
0.089869 2.022662 2.110634 4.652483 0
0.076468 5.680916 1.752268 4.471905 0
0.069199 2.524681 0.816262 2.094576 0
0.050140 2.057514 1.138499 3.175598 0
0.081004 5.359102 0.588915 1.728955 0
0.018450 0.411353 2.664818 4.191770 0
0.098725 3.078271 2.499578 2.004506 0
0.072044 4.373165 2.138273 2.052488 0
0.013389 3.303394 0.524166 3.786674 0
0.065567 4.130363 1.190482 5.709819 0
0.024328 2.965155 1.028874 1.951444 0
0.089408 3.346607 2.254912 2.862303 0
0.062093 5.656263 2.050417 2.636400 0
0.098270 4.240907 0.597888 5.908356 0
0.040606 6.202650 1.068707 4.297136 0
0.082656 0.176709 0.206025 4.405272 1
0.074423 0.488225 1.167532 6.181228 0
0.085736 3.884154 2.473554 4.990446 0
0.030017 0.845886 0.659453 5.588793 0
0.081686 5.785747 1.255674 0.331832 0
0.090612 0.475984 1.515586 4.943255 0
0.086644 3.513217 2.042242 5.752883 0
0.073914 6.198102 1.771154 1.442126 0
0.012076 3.833273 2.608588 3.571729 0
0.082933 1.472973 1.675450 2.656899 0
0.092337 2.794448 0.969424 5.923252 0
0.076117 2.022866 2.297484 1.549642 0
0.049273 1.113585 1.158070 0.401067 0
0.050298 4.849707 2.347806 0.023274 0
0.057533 3.629562 2.565519 5.512419 0
0.075108 3.259805 0.666000 3.636104 0
0.035902 0.235572 0.787420 5.131389 0
0.052146 4.394419 1.022879 0.782487 0
0.037966 2.869264 0.524654 4.546017 0
0.088239 5.651413 2.794332 0.134371 0
0.027692 1.693948 0.592468 2.071382 0
0.020361 5.879760 1.231048 2.340208 0
0.071656 1.587628 1.046700 0.487429 0
0.087835 2.240802 1.888684 5.657325 0
0.062780 5.048180 2.019896 4.184918 0
0.070911 6.010632 2.190967 4.065096 0
0.064287 5.389958 1.308812 1.205654 0
0.087022 2.140402 0.960077 5.239999 0
0.078119 1.875463 0.832924 4.094820 0
0.048403 3.122852 0.312178 4.698174 0
0.086585 1.721285 2.279208 3.274727 0
0.079409 3.025949 1.413306 0.155275 0
0.053389 0.871209 1.962243 4.950358 0
0.030867 3.024412 1.440133 3.195366 0
0.058240 5.060197 1.983282 0.606186 0
0.038211 5.741045 2.607829 4.751764 0
0.046066 0.591195 1.385696 2.805361 0
0.076884 2.715241 0.912777 2.141342 0
0.084029 0.122766 2.380363 2.115427 0
0.070791 1.781749 1.289904 4.939660 0
0.064979 0.327709 1.719434 3.251614 0
0.073042 0.055917 0.324336 5.483307 0
0.090236 4.564815 2.788610 6.033527 0
0.080014 5.652493 2.018686 5.355998 0
0.099685 0.782319 1.156923 3.674550 0
0.074609 3.098524 2.589170 1.650901 0
0.071602 4.948775 1.770990 0.086821 0
0.026683 6.037030 2.214271 3.100297 0
0.011393 2.350128 0.209553 3.433675 1
0.061882 0.232520 1.408448 1.238973 0
0.087380 2.440105 0.816067 2.536824 0
0.053663 5.491421 1.061416 1.769916 0
0.099925 3.487811 2.393558 3.488114 0
0.021965 4.977173 2.259840 3.524439 0
0.076142 2.622158 1.720859 4.090101 0
0.061494 2.354555 0.779557 2.457556 0
0.086532 0.975938 2.636722 0.827543 0
0.043856 2.241842 1.221531 6.005793 0
0.086322 3.055831 1.286168 0.208175 0
0.060028 3.869068 1.191406 2.254621 0
0.041338 1.139371 2.546273 1.376843 0
0.098665 4.598565 2.165335 3.476121 0
0.038628 2.229357 0.937758 3.313540 0
0.085414 2.190249 2.562568 3.005410 0
0.070987 5.379141 1.792679 4.374644 0
0.046143 5.899468 1.879890 6.019745 0
0.065214 0.073498 2.953745 4.936180 0
0.079214 1.922825 0.779739 5.016260 0
0.069811 0.367165 0.265306 2.895555 1
0.088900 5.011200 0.237910 5.903267 1
0.039035 1.371527 1.504549 5.541283 0
0.075291 2.421531 1.287520 0.444777 0
0.049144 6.096461 2.134203 2.855285 0
0.095353 2.633488 1.394900 2.101673 0
0.065638 2.536579 0.707819 0.366366 0
0.084246 1.662283 2.365053 1.238415 0
0.056833 5.492543 1.892184 0.711992 0
0.081959 4.222460 0.463937 5.177929 0
0.094356 3.265695 1.995478 2.872577 0
0.095139 0.416350 1.626772 0.921528 0
0.019117 1.853591 1.774397 5.942370 0
0.084507 0.085472 1.115752 0.910880 0
0.064600 2.515524 0.935470 0.798269 0
0.081543 0.376687 1.211406 6.207255 0
0.096650 6.170653 0.647598 3.806602 0
0.080877 0.968135 1.430198 3.420729 0
0.082087 0.854187 0.080292 3.637872 1
0.044968 3.327476 2.039020 1.500162 0
0.090807 2.053027 0.887995 3.384961 0
0.058340 2.920203 1.947017 4.760549 0
0.093012 5.573086 2.448739 3.330348 0
0.097311 1.312316 1.606717 5.535817 0
0.043698 3.890479 1.544578 5.309711 0
0.087936 5.760579 1.347942 2.809259 0
0.022972 2.457376 0.324487 1.602116 1
0.095952 4.723346 1.558282 4.682734 0
0.028017 4.261623 1.124117 2.631685 0
0.037818 6.080349 0.867181 0.051182 0
0.092450 0.384681 1.647245 5.036837 0
0.051970 0.352763 1.944837 2.896781 0
0.082179 1.065516 1.172561 2.818670 0
0.029395 4.370562 2.483934 0.874489 0
0.029445 5.791875 1.357511 0.046420 0
0.082070 5.578883 2.100568 4.725223 0
0.075244 0.230477 0.852340 4.455961 0
0.006633 2.182772 2.020466 5.397890 0
0.063924 1.605488 1.898085 4.264450 0
0.055827 2.157825 0.766260 6.201492 0
0.071625 2.801353 1.441644 3.766251 0
0.037609 2.081721 2.068255 1.433483 0
0.050311 0.834160 1.013454 5.822447 0
0.014376 6.209057 1.936308 3.687178 0
0.015775 5.338207 1.150580 0.183989 0
0.044385 0.083911 2.460313 3.805247 0
0.051853 3.450236 1.124824 3.647650 0
0.094475 2.664558 1.706290 2.548216 0
0.093270 0.019749 0.141236 0.071456 1
0.057832 4.672022 1.022818 3.691882 0
0.093613 2.984843 1.599305 5.636038 0
0.068063 1.212443 1.538463 3.067062 0
0.020632 4.899984 1.605645 1.505259 0
0.089062 2.549746 2.332819 0.390110 0
0.097720 0.813832 1.860073 5.324857 0
0.074405 1.320532 1.054201 2.661117 0
0.046186 1.621170 1.440231 3.441751 0
0.003991 4.237513 0.753506 5.516188 0
0.038662 4.081590 2.152998 3.849884 0
0.091792 1.625887 0.646383 5.561498 0
0.019653 3.884813 0.721855 5.226581 0
0.015522 6.094077 2.478104 6.151355 0
0.031532 3.371266 2.282325 4.103114 0
0.086413 0.499730 0.560709 6.032078 0
0.058099 3.213619 1.586410 2.130907 0
0.043114 4.041090 0.969327 2.107116 0
0.054108 6.232950 2.681862 0.850343 0
0.050077 0.307576 0.287176 1.818337 1
0.081685 0.912227 0.711271 4.343762 0
0.033925 0.095239 1.918457 1.347842 0
0.074277 3.121774 2.396601 1.875118 0
0.075920 5.932002 1.066649 5.742405 0
0.067496 4.814654 1.054288 4.030382 0
0.063987 2.954036 2.835859 4.412055 0
0.067982 5.811313 2.311860 4.479452 0
0.098684 5.391053 0.096460 4.028093 1
0.005655 0.776337 1.229026 0.743214 0
0.037245 0.017417 1.229832 4.338082 0
0.070684 1.258827 2.930120 0.477511 0
0.038007 1.554025 2.940559 3.770079 0
0.011665 1.526857 1.027412 2.658054 0
0.084449 1.371588 0.723468 1.101509 0
0.037841 6.049321 2.459849 0.735420 0
0.090598 5.595565 2.113290 5.177284 0
0.011883 0.568998 2.656331 0.960293 0
0.030550 1.728368 2.327495 3.725606 0
0.068951 5.228389 1.915474 3.894839 0
0.028188 4.139847 0.976192 0.584722 0
0.094968 2.899008 1.603009 3.864412 0
0.082443 4.029699 2.190387 5.170313 0
0.077726 4.263696 2.646350 2.669838 0
0.075442 4.386061 1.044674 3.664793 0
0.088804 1.201248 2.062593 5.541474 0
0.068283 3.640275 1.520578 5.916811 0
0.064148 0.903826 1.694255 3.084707 0
0.089595 4.910197 1.739613 4.427192 0
0.049282 0.629020 1.201778 5.796617 0
0.086108 0.691155 2.083898 2.171367 0
0.088803 4.306292 2.142426 2.247742 0
0.061922 0.121956 2.650924 1.081042 0
0.045891 4.254435 0.469073 4.252820 0
0.050644 3.323225 1.810170 4.197004 0
0.082022 1.131726 0.820084 2.987539 0
0.098061 4.667955 0.876535 1.284758 0
0.091817 3.139965 0.728868 3.672507 0
0.078086 5.481933 2.606386 2.502786 0
0.074689 4.401894 2.108471 5.914208 0
0.084852 4.379877 0.686699 5.847054 0
0.061171 1.051395 1.787375 3.962652 0
0.083441 1.419950 1.156331 2.318485 0
0.063727 2.874996 2.330849 2.310414 0
0.044777 0.154385 1.715681 0.273554 0
0.072409 4.393360 1.829751 0.842285 0
0.075611 3.506750 1.635611 0.813963 0
0.050863 1.812413 0.538738 6.149309 0
0.099274 1.157050 2.529697 2.260231 0
0.059286 3.246681 2.945345 0.299879 0
0.086181 1.816168 1.403468 0.935122 0
0.086407 1.641203 1.603888 5.950928 0
0.053458 0.557522 2.947973 5.089938 0
0.088767 3.887358 2.664395 2.259805 0
0.042049 2.994109 1.549205 2.736382 0
0.087463 3.518752 1.398346 4.715628 0
0.086266 2.032497 0.676905 0.601061 0
0.091663 0.632372 0.776712 3.662624 0
0.062426 3.519304 2.052747 0.856518 0
0.090627 1.560097 0.586066 0.672909 0
0.058054 0.465557 2.557787 0.785315 0
0.083234 5.411885 1.540083 5.463838 0
0.058125 6.118887 1.170394 0.646146 0
0.073067 4.519540 2.355627 1.747071 0
0.020686 6.054448 1.315465 5.548030 0
0.025346 3.249072 1.502586 2.852173 0
0.027789 1.242031 1.752304 5.645697 0
0.066781 4.232951 0.150305 4.919746 1
0.086475 5.798267 2.525214 2.768238 0
0.088552 2.466996 1.181380 0.766589 0
0.060538 3.865925 0.988058 5.657151 0
0.057844 0.491324 0.872175 2.371132 0
0.020443 3.469169 1.070994 0.666220 0
0.026314 4.563446 1.691025 0.920246 0
0.096123 0.943898 0.427523 2.324419 0
0.090770 0.318178 0.803613 3.592173 0
0.098664 0.382856 0.222185 4.760225 1
0.067347 2.026117 2.432941 5.152549 0
0.096837 0.656365 2.027324 1.711136 0
0.042739 5.647552 1.874888 1.410275 0
0.067154 5.718245 1.224909 3.268591 0
0.079774 5.594888 1.910649 3.520798 0
0.020169 4.471595 2.607224 5.432450 0
0.087311 0.523012 1.443076 4.623032 0
0.037970 2.818664 1.557579 3.755720 0
0.087811 2.343701 1.405637 4.453637 0
0.069100 0.868413 2.866162 4.147755 0
0.019248 3.963856 2.448347 3.066314 0
0.073550 1.351339 0.181705 1.114236 1
0.032485 4.240557 2.066189 0.918642 0
0.062176 4.197065 0.208297 0.935553 1
0.086673 2.809345 2.448623 5.625945 0
0.094643 2.375471 1.557073 4.189604 0
0.086665 5.723563 1.319385 1.436052 0
0.022169 2.241643 2.461288 0.541570 0
0.099380 4.858651 1.719772 3.321228 0
0.099416 3.659604 1.995282 0.589845 0
0.050730 2.787311 1.024140 4.045941 0
0.033406 1.576394 2.196489 5.421268 0
0.083547 4.256893 2.113481 3.730563 0
0.023574 1.579322 1.071358 5.068350 0
0.040285 3.997036 0.377512 1.328491 0
0.099645 5.805024 1.154101 6.160992 0
0.083497 5.477946 1.589082 4.307294 0
0.067401 1.351312 2.163744 4.471341 0
0.081159 0.122441 1.277755 4.839815 0
0.051998 0.932405 1.840249 6.084575 0
0.090879 2.458739 1.695374 5.538477 0
0.080167 5.168933 1.956550 5.057761 0
0.067735 4.544858 0.256859 2.838277 1
0.080451 1.973128 1.434935 2.164001 0
0.043113 5.915118 0.347805 4.022253 0
0.039559 5.085248 1.269870 5.121869 0
0.091040 4.444505 1.742542 0.623340 0
0.092507 1.373210 0.526035 4.283024 0
0.078094 3.956681 1.697415 1.586825 0
0.067260 1.578772 0.484383 5.725212 0
0.098722 0.464468 1.293084 3.907141 0
0.062286 4.996388 2.772083 3.605485 0
0.085827 6.259251 0.961835 5.611566 0
0.089752 3.554962 2.000453 3.985819 0
0.052264 1.845562 2.056850 0.810007 0
0.071574 5.033887 2.241021 0.767536 0
0.065642 2.348161 1.317514 5.549811 0
0.079056 2.715763 2.200557 3.767377 0
0.071144 0.988957 0.979877 5.617827 0
0.097601 1.179290 1.506624 4.330480 0
0.042881 4.284680 1.736201 6.216670 0
0.049771 1.825925 1.820950 3.272737 0
0.076442 2.245277 1.875047 0.607074 0
0.039814 2.892590 0.973453 3.703362 0
0.091329 3.728973 1.516146 2.884499 0
0.016035 1.678641 0.489342 3.341782 0
0.065158 1.760024 1.422182 2.369757 0
0.068396 5.616550 0.521148 4.094670 0
0.075883 4.075913 1.856885 5.174500 0
0.096918 1.664274 1.254382 3.290140 0
0.078881 6.246797 1.813700 4.905530 0
0.067422 5.271825 1.308080 1.813768 0
0.065766 5.295694 2.089212 2.879163 0
0.033166 5.066957 2.942205 3.358747 0
0.029419 2.614183 2.538243 3.483110 0
0.055674 6.145556 0.942314 5.565592 0
0.079171 5.322750 2.002785 3.556937 0
0.033469 0.337774 0.608498 4.613389 0
0.021901 4.461106 1.600767 3.157588 0
0.074098 5.561440 2.192513 6.167359 0
0.085321 3.386438 1.450101 5.265099 0
0.058771 2.701096 1.313006 2.714006 0
0.091976 1.785980 2.906974 0.979641 0
0.051219 1.208525 0.411336 5.586634 0
0.019871 4.718955 1.481165 0.951928 0
0.089711 3.424277 2.451985 5.358116 0
0.050497 2.517866 1.277231 5.051944 0
0.053466 0.920689 2.178782 0.086885 0
0.082795 1.416269 2.351232 0.194151 0
0.080951 1.409460 1.496423 3.149458 0
0.071314 2.822087 1.890550 4.843790 0
0.080093 4.391146 1.896639 4.278702 0
0.067076 0.724439 2.298238 1.600460 0
0.081258 4.512762 0.668073 5.750915 0
0.034490 2.907908 2.024900 2.543564 0
0.078060 3.172606 1.407368 1.852540 0
0.085460 1.699248 1.214807 2.423055 0
0.070340 4.954848 2.455592 0.020961 0
0.048758 3.418426 2.151364 5.524363 0
0.049288 2.728804 1.691502 4.353303 0
0.074135 2.467325 2.679545 1.318775 0
0.033304 0.345967 0.723266 1.444345 0
0.071963 5.306177 1.843557 0.799288 0
0.059113 0.335172 1.414261 0.501288 0
0.056902 4.698519 1.501588 5.143127 0
0.073238 2.213670 2.270225 4.863933 0
0.094677 3.745654 1.882517 0.875298 0
0.017448 1.341804 2.297374 3.644516 0
0.077862 4.899178 2.189359 4.506031 0
0.091367 5.749795 2.677132 2.215836 0
0.087156 3.655099 1.530529 0.685200 0
0.079691 5.666952 0.899082 6.024691 0
0.080605 4.110831 2.158951 1.169283 0
0.008109 3.765535 2.739981 5.673411 0
0.044209 3.855140 0.414094 1.419276 0
0.090946 5.494124 2.229200 2.722888 0
0.080879 3.743898 0.796849 3.072076 0
0.071482 0.612924 2.322925 1.700109 0
0.082418 2.019851 1.327676 1.975109 0
0.047264 3.571797 1.100013 5.485904 0
0.047194 0.318061 0.491580 1.440758 0
0.080618 0.122031 0.744408 5.311600 0
0.079560 1.096508 0.540414 2.890931 0
0.022121 5.511482 2.476621 4.417563 0
0.068778 0.276368 0.907175 6.182702 0
0.037621 0.211181 1.057762 5.157315 0
0.059589 3.984935 0.752944 3.634649 0
0.045021 2.565853 1.473806 2.672990 0
0.067749 3.209369 1.885407 0.684325 0
0.072815 4.944732 2.710625 1.025386 0
0.098056 0.160429 1.819969 0.065502 0
0.095011 3.246951 2.011973 2.360921 0
0.074883 5.689520 1.286502 4.412611 0
0.096908 3.860064 1.617015 1.848547 0
0.049857 4.135979 2.411864 2.835360 0
0.025813 2.037378 2.423956 3.302560 0
0.091381 3.338912 1.843218 2.294961 0
0.056425 3.699624 1.627726 1.758514 0
0.078380 0.953479 1.138015 3.248779 0
0.081763 0.023896 2.474499 1.440563 0
0.095358 1.586953 2.612218 5.330931 0
0.093109 2.856729 0.774600 0.725644 0
0.033604 0.096304 1.704699 1.128170 0
0.058274 2.786169 1.993629 1.097244 0
0.098734 2.134430 1.650654 1.842355 0
0.096360 0.429368 1.717514 3.410922 0
0.046913 5.424886 0.494616 5.583276 0
0.093124 5.986216 0.700930 4.879013 0
0.045311 0.310642 1.823400 0.453815 0
0.071000 4.823052 0.896220 3.876895 0
0.088484 4.740463 2.205776 0.769853 0
0.044486 3.152610 1.153069 1.085342 0
0.091731 5.259303 1.502659 4.837908 0
0.095151 0.245381 1.187137 0.788332 0
0.094997 2.342161 0.237819 4.835864 1
0.057053 0.829077 1.663269 3.335175 0
0.042590 1.075264 1.778356 4.307090 0
0.096889 4.968449 1.164776 4.534487 0
0.073839 0.622679 2.330110 4.669172 0
0.077515 0.888252 2.552993 2.779142 0
0.098915 2.399026 0.957682 5.553040 0
0.064875 3.299510 0.192764 2.031490 1
0.094758 0.146610 0.619699 1.403677 0
0.039406 4.015859 2.104150 2.115405 0
0.090015 2.244657 0.298916 4.706254 0
0.038471 2.040110 1.512182 4.355647 0
0.065100 1.978710 1.443139 0.154891 0
0.067549 2.212963 1.504680 2.731331 0
0.085675 4.267899 1.199308 0.973212 0
0.045210 2.059373 1.527209 0.642709 0
0.059253 3.588869 1.214704 3.181670 0
0.045862 0.502054 2.326927 0.129481 0
0.066118 5.436386 2.140357 3.676632 0
0.043580 1.510105 1.111579 3.856098 0
0.074516 4.490727 1.851194 0.072591 0
0.025870 0.661837 1.463105 5.032494 0
0.088577 4.805109 2.718139 6.213959 0
0.030416 2.727222 0.613819 2.787279 0
0.007237 2.619870 2.690510 1.354449 0
0.070489 4.982839 1.014964 5.868636 0
0.081134 0.036480 1.609159 5.329349 0
0.049613 5.011175 1.494541 5.035400 0
0.071573 0.630066 2.247112 3.639221 0
0.045345 1.628728 1.328732 6.221638 0
0.015484 2.111049 2.852047 0.731948 0
0.087752 0.442711 1.691292 4.871177 0
0.069816 3.204991 2.949874 6.184506 0
0.055058 1.426370 2.561906 6.040684 0
0.048251 2.748854 2.238512 3.009435 0
0.048482 1.705925 1.116033 4.695560 0
0.060974 0.586455 1.216472 3.627894 0
0.059377 4.440125 1.706415 2.365834 0
0.020652 3.435574 1.556850 5.106260 0
0.078565 0.333823 1.747633 0.657681 0
0.075048 3.636691 0.605769 5.443459 0
0.089767 0.045772 2.285662 0.242727 0
0.066692 4.004621 1.605999 4.271469 0
0.095334 5.013810 1.424570 1.763352 0
0.094409 4.735440 2.368976 1.532262 0
0.067848 2.674407 1.813989 3.160368 0
0.098612 0.712692 1.193239 3.705080 0
0.040812 5.677693 1.970027 4.585329 0
0.069457 4.921762 1.764263 1.811076 0
0.088916 2.663376 1.217221 1.478974 0
0.024748 5.305964 2.550663 6.095358 0
0.080153 2.151102 1.048934 3.353668 0
0.030988 0.683585 2.159448 3.495736 0
0.073105 2.500841 0.492197 3.184787 0
0.071516 2.356360 0.631933 4.260048 0
0.052788 4.969443 1.385306 4.782066 0
0.075778 0.024610 0.447948 2.292369 0
0.065407 2.363759 1.772619 3.072796 0
0.046976 3.238601 1.489019 5.423126 0
0.092617 4.460493 1.363046 5.993060 0
0.090482 1.096355 1.591175 2.218884 0
0.075664 3.578529 2.374659 0.527544 0
0.097189 6.010354 2.122264 1.402570 0
0.086457 1.066599 2.890458 2.021447 0
0.041674 0.211408 1.953177 3.779194 0
0.064020 1.801973 0.611228 3.961705 0
0.089567 3.453774 1.558080 4.147093 0
0.050950 5.595255 1.800523 0.491974 0
0.025496 0.779393 1.433256 4.005620 0
0.083282 1.831345 2.029684 4.009625 0
0.049804 3.037570 2.378577 6.255127 0
0.080821 5.313647 1.196643 5.195378 0
0.093773 0.024018 1.426996 1.817037 0
0.053909 3.260191 2.567031 0.583380 0
0.026184 2.597202 2.101055 2.061861 0
0.055124 2.304256 1.382598 2.317696 0
0.070056 5.264694 0.160008 1.158385 1
0.035968 4.573294 2.271857 2.371368 0
0.045968 4.297020 1.313878 5.431849 0
0.072773 4.336698 1.963569 2.569351 0
0.083308 0.752242 1.978204 6.186708 0
0.079912 3.881944 0.564205 4.443211 0
0.017660 5.217376 0.378090 2.105231 0
0.044396 2.775722 1.990907 4.322095 0
0.052884 4.463057 2.410569 2.570084 0
0.066195 4.365306 2.180852 4.080846 0
0.061535 1.001577 1.598785 5.706622 0
0.092174 1.290365 1.196437 3.415806 0
0.057017 0.095990 1.627402 6.055039 0
0.079568 3.806231 1.919518 4.173893 0
0.066042 4.436952 3.090740 3.978869 0
0.038462 4.418865 1.204970 2.686719 0
0.064312 1.215074 2.309449 5.351903 0
0.094241 3.915070 1.573334 1.676335 0
0.088460 0.095887 0.863302 3.971737 0
0.046971 3.092559 0.865221 3.428859 0
0.071237 4.423686 1.589616 0.883297 0
0.055663 1.132593 2.226546 4.687154 0
0.094150 5.053129 1.326865 0.215848 0
0.071240 4.400616 1.494638 5.787546 0
0.094539 1.876185 2.148136 4.912885 0
0.096006 1.722643 0.445057 4.424717 0
0.053799 1.405806 1.237324 3.204782 0
0.084613 3.217626 0.476847 1.403728 0
0.046492 3.551168 1.295308 3.304859 0
0.086339 1.061030 1.097230 3.970120 0
0.098646 4.091665 1.909680 3.019783 0
0.059295 0.805349 1.372969 1.541602 0
0.065328 1.097223 0.331752 2.189604 1
0.066992 0.477335 0.463269 4.638395 0
0.054746 2.444404 1.043222 0.098321 0
0.094928 1.910447 1.021739 0.736972 0
0.093233 3.789074 1.861425 3.862189 0
0.087859 5.750658 1.039213 4.681078 0
0.075263 5.735091 0.989940 5.768235 0
0.020234 3.941820 0.832259 2.938790 0
0.089554 1.197952 2.255467 1.575724 0
0.051636 5.459529 2.931519 3.558429 0
0.050789 1.490926 1.735520 0.999592 0
0.073576 5.158798 1.107125 2.579802 0
0.065123 5.778395 0.319316 1.231606 1
0.091373 1.707930 2.651026 2.521820 0
0.042964 1.047175 1.201249 1.417091 0
0.089108 3.033520 1.967652 3.744853 0
0.082065 3.201089 2.337260 5.906760 0
0.061513 5.251510 1.583660 3.998180 0
0.027036 0.555567 2.202896 3.860623 0
0.095366 0.451151 0.317723 2.095867 1
0.099572 0.316045 1.629999 5.192228 0
0.056756 2.956973 0.994953 3.183811 0
0.079830 3.437732 2.053880 2.709957 0
0.017301 2.673597 0.332068 4.419540 0
0.096695 5.492200 1.861851 1.968933 0
0.084256 0.941932 2.689171 4.919775 0
0.048820 4.681700 1.364218 0.928679 0
0.090384 2.654452 1.533531 5.079212 0
0.068758 0.068835 1.843671 4.994473 0
0.069395 5.419118 1.162799 0.746770 0
0.064001 0.212815 1.671276 2.761732 0
0.067778 3.628351 0.775415 2.477914 0
0.067200 4.941200 1.999262 1.014706 0
0.096764 4.130775 2.665962 1.097445 0
0.063447 2.148509 1.207813 1.378956 0
0.087431 5.050671 0.335332 1.490274 1
0.090266 4.163238 0.360159 1.862129 0
0.072462 2.096660 1.400411 5.872835 0
0.060627 6.065626 1.316533 5.195888 0
0.073678 3.249467 0.979602 6.248159 0
0.055099 5.837463 0.811849 1.507428 0
0.076583 0.630976 1.399111 6.214342 0
0.066511 4.630998 0.948407 1.299261 0
0.073545 1.485096 1.458497 2.234805 0
0.094814 2.991096 1.879784 2.664318 0
0.089986 0.422648 1.284356 1.114047 0
0.018067 4.605349 0.130588 3.615881 1
0.050013 1.417366 1.711077 3.479112 0
0.039325 4.560534 2.198472 4.656696 0
0.090899 1.308229 2.049196 1.687809 0
0.097224 5.897965 1.521590 3.054526 0
0.041839 5.776605 2.323544 0.465024 0
0.062883 3.103081 1.566897 1.289087 0
0.074909 5.383310 1.333517 3.730818 0
0.076795 2.429883 0.848015 5.277104 0
0.078250 4.644368 1.356347 4.818892 0
0.068191 1.176387 1.586970 1.830042 0
0.062884 1.497069 1.690851 2.140658 0
0.042066 0.221736 2.283231 2.211725 0
0.097707 4.201330 1.422287 2.199672 0
0.040315 5.806091 1.681529 4.546955 0
0.088366 5.891892 1.197053 2.328505 0
0.056961 3.058100 0.953222 5.885839 0
0.047527 3.795455 1.990425 4.341000 0
0.088955 1.330762 2.873597 1.173272 0
0.067087 3.405708 1.625680 3.939680 0
0.075982 2.225928 2.850925 3.342599 0
0.015143 2.544968 2.440534 1.165299 0
0.057368 2.747844 2.529186 0.690905 0
0.061242 1.423655 1.531894 4.395142 0
0.084457 4.341833 1.846826 5.901039 0
0.054322 2.136155 1.833966 0.542758 0
0.074282 3.846710 1.099804 0.011562 0
0.039276 5.029959 1.831457 4.596676 0
0.039346 3.819461 1.078274 1.116775 0
0.011371 0.915176 1.293670 2.149117 0
0.076354 1.711143 1.474655 6.019572 0
0.070634 5.859432 1.891365 1.333368 0
0.078967 1.846138 0.799289 5.772181 0
0.079612 4.910075 0.142301 1.166024 1
0.062744 1.747784 0.895456 3.442832 0
0.028056 5.128828 1.114145 1.467259 0
0.065128 3.412413 1.392375 2.746347 0
0.082991 4.866109 2.163101 1.707424 0
0.021634 1.452302 0.999859 3.428864 0
0.040460 5.575339 2.112814 4.946627 0
0.042563 5.713453 1.995338 5.120584 0
0.083114 4.467378 0.046682 0.530757 1
0.099457 1.181009 1.838827 0.426534 0
0.006513 5.729913 1.162347 2.691755 0
0.067457 4.477828 2.390585 0.903545 0
0.069795 4.050381 1.401080 3.354818 0
0.093583 4.054780 0.572246 0.248046 0
0.072985 5.262728 2.283016 4.485225 0
0.086424 3.347111 1.628452 2.750154 0
0.049367 3.326046 1.615157 1.463280 0
0.084695 0.971315 1.160966 4.533705 0
0.025794 3.783607 0.795308 3.277184 0
0.056111 0.097191 1.907913 5.039001 0
0.081247 0.508512 1.236436 3.367070 0
0.085222 2.611130 1.722100 1.627040 0
0.050315 2.526603 2.810213 0.000483 0
0.096687 3.151703 1.446028 1.121832 0
0.017597 6.031547 1.392723 4.701617 0
0.033844 4.474925 1.510454 1.137720 0
0.056070 3.894412 1.988111 3.953596 0
0.079705 2.312447 1.432791 1.855990 0
0.067005 4.820045 2.295017 1.101066 0
0.042744 2.554991 1.438797 2.738661 0
0.089931 2.557186 1.442340 4.672123 0
0.095320 5.489781 2.576004 5.903452 0
0.091306 2.095882 1.955946 5.957820 0
0.021395 0.990835 0.735613 2.262968 0
0.088177 5.227258 2.935284 2.593665 0
0.044719 2.642790 2.000245 4.077479 0
0.043330 3.389531 2.276254 2.327639 0
0.097268 1.623466 2.230210 4.742930 0
0.081570 1.522259 1.567701 3.606355 0
0.034059 2.642637 1.597865 5.966998 0
0.086842 1.265319 2.491104 5.026141 0
0.059923 0.170803 0.823300 0.858217 0
0.092689 0.939302 1.669726 0.371396 0
0.075505 1.618353 1.999971 4.761742 0
0.089277 3.344233 0.732687 4.669219 0
0.088918 5.872496 1.566777 2.865165 0
0.042061 6.260832 0.348016 1.840425 0
0.064578 3.414955 1.029999 1.075617 0
0.086307 0.882686 2.800082 0.653243 0
0.040947 0.824496 1.025248 0.168365 0
0.052983 4.963342 0.594928 5.345890 0
0.021797 4.988634 1.789905 5.306393 0
0.057115 4.630643 1.747043 0.734196 0
0.081953 0.538206 1.717029 5.331522 0
0.028653 3.787696 0.771166 3.136136 0
0.038254 2.412999 1.918397 5.599740 0
0.072424 4.030326 3.002820 4.349174 0
0.087902 1.481259 2.024144 0.335435 0
0.016028 5.057298 2.512262 0.459925 0
0.077386 3.222587 2.559795 5.812430 0
0.049988 3.175559 0.412443 5.789997 0
0.076881 3.862802 2.141340 4.229617 0
0.046649 5.727095 0.856074 2.286779 0
0.054363 5.294322 1.059116 5.152594 0
0.069575 1.573132 1.595305 1.613099 0
0.069722 1.452935 1.181257 3.215806 0
0.019009 1.346673 1.741648 3.989796 0
0.085277 3.158863 1.691233 6.139304 0
0.009030 3.782482 2.493463 3.765002 0
0.046560 4.201264 1.098162 2.729412 0
0.076167 2.794002 2.210183 5.502083 0
0.053600 0.336339 1.973045 4.846601 0
0.055127 1.306888 0.336810 4.963862 0
0.066275 2.125048 1.163279 2.986872 0
0.074333 5.572214 0.677316 1.757797 0
0.062417 4.212523 1.062975 2.499129 0
0.052196 0.976846 3.031399 3.073918 0
0.090781 1.692380 2.581596 2.540098 0
0.084500 4.536335 1.115093 0.008336 0
0.088063 6.130487 2.147632 0.498960 0
0.042860 5.031451 2.402188 3.914013 0
0.037282 1.076119 0.637846 4.345036 0
0.024107 1.311182 2.801105 2.813039 0
0.093762 1.433562 2.333551 0.952338 0
0.061938 5.293113 1.856254 1.305333 0
0.033433 3.546400 1.796753 5.188690 0
0.053517 5.604427 2.284006 0.389038 0
0.093149 3.768777 0.770817 0.322733 0
0.063293 0.067634 1.926871 3.390356 0
0.042665 4.854446 1.003032 1.508901 0
0.099060 1.271854 1.955966 5.406147 0
0.065619 3.350922 0.219386 5.115824 1
0.061298 4.101556 0.297466 3.063158 1
0.046606 3.983403 1.188173 3.164320 0
0.072522 0.882503 1.702244 2.473187 0
0.086039 4.441356 1.460542 0.885137 0
0.084713 0.749482 1.940063 5.652744 0
0.094440 5.727700 0.766450 5.486370 0
0.033766 5.200400 2.056913 3.421784 0
0.060082 4.684632 1.284507 4.628988 0
0.063116 2.392395 0.986618 3.867773 0
0.012141 3.377624 0.704994 3.397257 0
0.082342 4.302266 2.623208 2.628222 0
0.062577 2.383180 1.689411 0.686243 0
0.070610 1.505667 0.188760 2.453404 1
0.038888 0.934262 1.078454 1.666551 0
0.098811 6.265920 2.239115 2.119615 0
0.086188 1.059573 0.551283 0.887184 0
0.074121 1.874378 2.110113 3.544582 0
0.091427 5.503866 0.659426 3.228943 0
0.074880 0.245913 2.614739 5.983384 0
0.064686 3.087339 0.501231 5.761754 0
0.085499 0.442244 1.175552 5.543188 0
0.046806 3.588561 0.788276 1.227984 0
0.075392 6.014889 1.636417 1.955478 0
0.035487 3.813016 1.475500 4.243246 0
0.095141 1.314435 1.022707 4.656210 0
0.029183 2.163296 1.058617 4.058062 0
0.061922 1.175947 1.768371 5.038302 0
0.082373 4.144703 2.023907 2.573107 0
0.085442 0.165659 1.141201 5.963454 0
0.077298 2.759663 0.780027 1.042331 0
0.062969 4.255851 1.525013 3.282644 0
0.053310 5.840472 0.921740 1.189890 0
0.037248 2.747347 2.607776 1.406837 0
0.088405 1.164882 2.403170 1.036667 0
0.061037 2.939975 2.775471 0.320930 0
0.035716 4.308655 1.491915 5.388440 0
0.084387 4.727146 2.231180 1.945348 0
0.043768 5.976961 1.521785 3.694991 0
0.079284 5.985490 0.677807 5.735308 0
0.093923 1.937155 0.650732 0.131314 0
0.086346 0.204928 1.035156 3.311960 0
0.046692 0.719865 1.965149 3.710640 0
0.076320 4.140411 1.858018 4.461334 0
0.058712 0.642421 1.706493 0.357009 0
0.092444 2.352112 1.300376 0.290006 0
0.057063 5.290037 1.842595 5.995513 0
0.089138 4.679447 2.395043 4.251933 0
0.023036 6.089649 1.977115 5.017918 0
0.004258 5.921397 1.214807 1.381203 0
0.023873 0.112135 2.240539 4.017917 0
0.082269 2.840228 1.265086 0.135240 0
0.074450 5.762654 0.567379 2.569032 0
0.053991 2.794606 1.480735 3.877467 0
0.053545 0.560850 1.713952 0.510614 0
0.091325 2.754246 2.112931 5.573714 0
0.063840 2.862607 1.951336 2.572103 0
0.063089 0.071955 1.832137 2.858896 0
0.017117 2.761963 0.624864 4.436635 0
0.094425 2.789693 2.043475 2.801655 0
0.060096 5.064125 2.359645 4.100742 0
0.050076 1.946540 1.092286 3.377003 0
0.063171 5.284820 1.810554 1.464503 0
0.052864 2.366978 0.707997 4.316591 0
0.091231 5.063479 0.631301 1.447218 0
0.090406 4.558814 1.950536 5.319525 0
0.040637 4.899742 1.676475 0.356599 0
0.047309 1.761665 1.576100 3.675412 0
0.029387 2.245756 1.018347 2.118149 0
0.081684 3.187992 2.417591 0.416500 0
0.059033 3.099584 1.157906 3.945507 0
0.093275 2.636035 1.191688 4.412961 0
0.047478 2.584422 2.616651 0.268579 0
0.036997 3.883109 2.463465 1.897644 0
0.063074 2.777892 1.284447 3.905915 0
0.085000 5.412496 0.943709 5.082161 0
0.046781 2.791109 0.784035 5.567362 0
0.097550 0.129092 2.701524 1.885543 0
0.071684 1.581680 2.598435 2.412053 0
0.081931 1.526778 0.596102 5.634045 0
0.080890 0.118823 2.644271 4.971252 0
0.079808 5.207541 0.620543 0.218412 0
0.052050 2.839953 1.888951 6.241805 0
0.055984 5.422468 2.219972 3.344330 0
0.055428 5.957905 1.406741 1.626308 0
0.098426 2.329184 1.688928 3.032488 0
0.078894 3.059716 2.393594 1.845394 0
0.085438 5.986370 0.903046 2.414510 0
0.098573 0.815691 0.864476 3.823940 0
0.097910 1.688287 1.861598 1.442295 0
0.084894 1.883494 0.983545 0.214317 0
0.040346 0.158509 1.703942 2.953168 0
0.098664 6.187154 2.046195 5.920226 0
0.059617 1.808143 1.419962 6.144016 0
0.088020 1.830885 1.096299 3.171169 0
0.049412 2.902478 2.462235 1.356078 0
0.076926 0.405070 2.276870 3.458216 0
0.057721 2.939185 2.165038 0.338410 0
0.087610 0.018239 0.602253 5.845456 0
0.016772 4.111375 1.370142 0.009977 0
0.079941 0.811730 2.662996 6.248496 0
0.064573 2.316546 2.807350 1.204547 0
0.081246 1.532366 1.974507 5.681500 0
0.084014 3.678209 0.707684 1.869828 0
0.080615 5.934411 2.340565 6.176635 0
0.064209 3.945368 0.386599 1.129905 0
0.079425 0.784588 0.676652 4.140355 0
0.088273 3.207614 1.897678 2.628122 0
0.079981 3.797349 1.395414 0.356032 0
0.098644 2.419574 1.043438 3.978140 0
0.079308 5.936294 1.645625 2.103598 0
0.072815 4.130848 1.838773 1.131411 0
0.077585 3.018284 0.831488 0.089300 0
0.032909 1.256721 0.912317 4.644074 0
0.056999 1.911381 1.365528 0.654087 0
0.090261 0.368390 1.615571 2.855155 0
0.081425 5.875641 1.592951 3.996449 0
0.056588 4.771765 1.090988 5.963969 0
0.083919 5.067859 1.124072 1.473006 0
0.068119 5.757808 1.398964 0.414411 0
0.062989 3.629277 0.574132 3.173372 0
0.088183 1.722916 1.033716 0.644122 0
0.076054 4.035504 0.943736 2.470107 0
0.083720 4.580418 2.339332 2.286447 0
0.081494 2.253263 3.128021 6.184903 0
0.034361 1.691114 2.620159 5.166716 0
0.027518 1.366883 0.481047 3.391310 0
0.036596 2.960953 1.783802 3.334411 0
0.022106 4.309432 0.380421 5.193044 0
0.097984 1.758859 2.602213 3.383460 0
0.096031 0.852190 2.612466 3.915071 0
0.092985 4.895643 2.913081 3.322296 0
0.037119 6.201229 1.597035 1.607563 0
0.050607 2.806515 0.566695 2.084947 0
0.081499 0.847630 2.408557 5.014902 0
0.077856 2.998793 1.221400 4.115629 0
0.040391 2.290726 1.533830 0.774203 0
0.080281 2.579468 1.900143 3.560762 0
0.073903 3.728045 0.901584 2.581080 0
0.061033 1.110982 2.644773 3.206224 0
0.040469 2.844204 2.132083 2.638184 0
0.094834 5.304880 2.098348 3.540931 0
0.098955 3.916203 1.290549 3.677909 0
0.031711 4.338776 1.024835 1.656851 0
0.023477 4.535840 1.342651 4.395901 0
0.036392 0.305532 1.084545 4.263780 0
0.080123 2.866126 0.607262 0.090895 0
0.079560 0.181865 1.620322 5.006133 0
0.069398 1.827720 0.968255 2.393603 0
0.036768 6.084263 2.665998 0.718741 0
0.076917 1.923996 1.981765 4.349092 0
0.099837 5.907003 2.718324 0.325903 0
0.081365 2.153813 2.097859 4.991780 0
0.062563 0.112096 1.516906 0.209737 0
0.068848 3.534048 0.441046 0.672145 0
0.076903 3.597751 2.510617 0.458797 0
0.092924 0.756225 1.478613 6.274886 0
0.029782 2.503748 0.685884 4.274584 0
0.083946 5.107092 1.312950 4.407331 0
0.086773 2.063249 2.102074 2.607381 0
0.081925 3.171852 0.950702 0.393222 0
0.072295 4.288349 0.629924 6.262171 0
0.049495 0.903592 0.655507 5.255125 0
0.084641 0.046223 2.530110 3.643629 0
0.035737 2.283137 1.728612 1.359751 0
0.087284 4.345771 2.487277 2.931445 0
0.071026 1.691640 0.844647 1.617401 0
0.077305 5.788824 1.922811 1.688766 0
0.065279 5.540757 1.226767 5.961439 0
0.075123 2.684947 2.670110 5.085133 0
0.075573 0.308370 1.866493 1.806697 0
0.023756 3.487810 2.396305 1.157041 0
0.095837 2.802470 1.370581 4.274647 0
0.037105 1.867942 0.786638 4.034734 0
0.075268 1.978497 2.496644 1.031286 0
0.048601 3.593732 1.436210 4.161627 0
0.067365 4.802040 1.794941 0.114039 0
0.043771 3.497121 2.284910 4.792342 0
0.077824 2.973059 0.452263 4.160084 0
0.016816 5.766180 2.335736 5.948630 0
0.060311 1.550732 1.827786 3.150521 0
0.073763 4.862999 0.777225 0.695071 0
0.029809 0.271020 1.103490 2.042448 0
0.078428 4.446409 2.916701 0.432869 0
0.068698 3.760771 0.598975 4.169067 0
0.039386 5.746080 1.422761 4.780197 0
0.062265 2.994077 1.415958 2.613636 0
0.062788 1.691036 1.292679 4.762536 0
0.071829 6.219174 1.068778 0.377257 0
0.087395 2.531941 0.851750 5.357299 0
0.066791 2.798685 0.870313 0.384527 0
0.039127 1.037451 0.738002 3.927174 0
0.087388 1.364305 1.134168 5.772928 0
0.036284 4.491278 1.938168 3.263152 0
0.043741 0.643850 2.627298 3.679241 0
0.060960 1.872685 1.252553 5.576654 0
0.053653 3.788464 2.679651 0.324475 0
0.007697 0.743054 2.512506 2.840181 0
0.075079 0.515151 1.597256 4.503649 0
0.049710 4.042104 1.248879 0.067638 0
0.092761 3.960692 2.604324 6.233608 0
0.058751 3.827320 1.593711 3.370955 0
0.084357 2.807179 0.713841 0.522871 0
0.086303 2.925603 2.797966 0.205351 0
0.026187 5.770251 0.589262 0.468101 0
0.019138 6.211601 1.623880 3.771859 0
0.026570 0.249804 1.196278 1.996169 0
0.082649 4.139959 1.220613 3.415132 0
0.053783 1.621188 1.642146 3.986251 0
0.093121 0.295944 0.852466 3.636493 0
0.070276 1.841033 1.900716 1.499801 0
0.087100 3.975704 1.095915 5.197517 0
0.074237 2.234979 2.503817 3.692890 0
0.058678 2.690715 0.897077 2.606962 0
0.068410 3.173886 2.054681 0.949242 0
0.040501 0.383752 1.970585 2.848126 0
0.056489 1.446742 0.601390 1.170263 0
0.052665 1.625214 2.129442 4.845809 0
0.074275 2.682935 0.199682 1.949697 1
0.024445 1.767577 0.759804 3.838224 0
0.079814 0.246463 0.923826 6.165950 0
0.068372 2.429492 1.361782 5.877697 0
0.094435 0.809671 0.597192 0.350852 0
0.043582 4.908127 1.589064 3.198363 0
0.010681 3.750171 1.972054 1.814371 0
0.092494 2.892196 0.494936 2.558446 0
0.094197 0.439419 2.020820 5.950585 0
0.059267 5.372173 1.686932 6.209551 0
0.094564 4.753552 2.791218 2.272628 0
0.037844 2.298857 1.153083 0.220050 0
0.070338 2.410893 0.612391 4.301951 0
0.040603 3.769880 0.911481 1.107519 0
0.044368 5.585753 1.500806 0.329065 0
0.059102 3.298884 1.489831 1.486710 0
0.077134 1.112469 0.885845 5.945297 0
0.017906 4.659733 2.623991 5.820091 0
0.070581 5.680793 1.132931 4.029958 0
0.051962 3.676673 1.931379 4.804993 0
0.098431 4.820910 1.469453 0.840215 0
0.060603 4.040887 1.180982 3.544471 0
0.072947 4.869624 1.805942 5.538219 0
0.054778 0.477862 0.701468 5.623625 0
0.050310 1.895853 2.321977 1.791786 0
0.020822 4.874214 0.955667 3.402501 0
0.082455 3.138226 0.883856 5.968287 0
0.029090 5.399282 2.014449 0.336094 0
0.079158 1.030667 0.894936 6.244612 0
0.089842 3.124044 1.687020 2.131824 0
0.052176 1.096249 0.978160 3.595805 0
0.050053 2.128600 1.505385 3.164441 0
0.080032 1.938796 2.186602 4.296855 0
0.029039 0.001734 0.989367 4.801647 0
0.070692 2.565444 2.013270 3.671674 0
0.051733 2.693657 1.850127 5.618548 0
0.076990 5.184077 2.459351 2.512692 0
0.056770 2.802687 2.069623 3.735418 0
0.078774 6.031373 0.841427 5.473047 0
0.054653 3.984282 1.317494 5.901242 0
0.097092 1.027344 1.819507 0.169717 0
0.040470 5.331082 2.192516 4.169038 0
0.050673 3.174926 1.042313 3.294881 0
0.096644 5.565294 1.407302 3.309721 0
0.084310 1.927033 2.593139 0.207936 0
0.086762 4.183744 1.828860 2.345471 0
0.079107 4.991392 1.034113 5.808720 0
0.065462 3.889635 2.385317 2.332381 0
0.088463 3.058502 1.365806 5.946057 0
0.057900 1.190276 1.792339 3.719739 0
0.083351 5.389437 0.696368 3.950600 0
0.086226 3.361679 0.810732 2.854546 0
0.091746 0.516364 1.545612 3.735247 0
0.086490 0.722651 2.780618 2.348854 0
0.095363 1.332866 1.155607 2.123346 0
0.091169 1.017980 2.002371 3.856294 0
0.080548 0.674640 1.691273 6.182880 0
0.054480 1.067891 1.723491 6.230118 0
0.016648 4.350869 1.813804 4.845687 0
0.047696 4.874668 0.989701 0.434889 0
0.092629 4.479530 1.904342 3.807953 0
0.090992 3.967670 2.856988 4.633040 0
0.091848 1.748011 0.555995 4.239852 0
0.066349 4.928928 1.134135 0.559288 0
0.094437 5.332127 0.547360 1.185298 0
0.013636 4.078417 0.876819 0.290974 0
0.058443 5.029763 2.258870 3.575463 0
0.075917 0.270524 1.850982 2.729092 0
0.086948 1.897303 0.404768 3.669051 0
0.096615 0.127482 1.205354 4.882324 0
0.054635 2.492106 1.474325 4.641484 0
0.042555 4.651951 2.285584 0.458231 0
0.076747 5.659755 1.073731 3.817724 0
0.074154 2.775760 1.883718 5.601086 0
0.049223 2.962174 1.491700 5.143584 0
0.071729 0.620530 1.054055 1.699568 0
0.063303 1.843350 2.358712 2.099620 0
0.056006 1.104339 0.679991 3.846325 0
0.075657 3.537748 1.267941 4.734293 0
0.055085 1.122210 2.282113 5.607406 0
0.028175 0.552868 1.570908 3.953766 0
0.072785 0.967458 1.612212 4.850967 0
0.079084 6.165030 1.753170 0.879145 0
0.028276 5.300856 1.390654 3.020207 0
0.037018 1.664147 2.251952 2.831853 0
0.066379 5.818585 0.506867 0.081745 0
0.069936 2.599617 2.132930 4.979662 0
0.076964 3.725377 1.949771 4.220607 0
0.082517 1.162643 1.161443 1.323689 0
0.058225 5.162854 2.877977 6.059733 0
0.089604 3.602837 0.657886 5.547074 0
0.064581 3.234406 1.294338 3.481529 0
0.088297 1.120738 0.138763 1.383853 1
0.032315 0.425191 1.008080 3.729286 0
0.069384 6.281637 1.340921 0.463450 0
0.076985 0.446460 2.084013 1.718889 0
0.050606 0.292059 1.539274 3.739203 0
0.093176 2.934049 1.690178 4.216427 0
0.020094 4.171444 1.678825 2.874210 0
0.042270 5.764411 0.215332 6.021217 1
0.030952 0.102751 0.872527 1.258101 0
0.028987 2.587483 2.198805 3.552750 0
0.064153 1.129965 1.852920 0.026578 0
0.050090 2.417071 1.110291 3.185528 0
0.065664 4.788045 0.650486 1.880858 0
0.047855 4.157297 2.795857 1.692611 0
0.057058 3.294416 2.041669 3.168220 0
0.066465 4.639374 1.495815 3.377606 0
0.086875 4.028137 2.066432 5.270067 0
0.023002 3.339909 1.377994 2.918370 0
0.084345 0.272646 1.508161 6.046299 0
0.065428 4.690415 1.509339 5.398847 0
0.071312 3.590187 0.819211 4.634185 0
0.048275 0.810621 0.166816 3.509853 1
0.080829 4.610431 0.506798 0.597493 0
0.068713 3.301139 1.839325 1.425560 0
0.040803 2.327620 0.518193 1.378526 0
0.094974 2.952073 1.947379 3.854218 0
0.071640 0.958659 1.722813 5.914436 0
0.094820 0.282787 2.215711 2.561164 0
0.078511 6.026618 0.781796 5.337272 0
0.029695 0.955774 1.385872 4.659090 0
0.094122 2.958828 2.309355 2.249639 0
0.099815 2.948497 1.741476 1.022873 0
0.091636 4.087641 1.332949 4.660461 0
0.034699 0.415110 1.276890 3.981248 0
0.046759 5.848825 1.721257 0.739658 0
0.098786 2.359411 1.621502 3.721400 0
0.057851 4.212985 1.453996 2.656898 0
0.090699 5.339427 0.834904 4.451778 0
0.056631 0.006201 0.521902 1.991851 0
0.068575 4.093431 1.530402 1.947630 0
0.054960 5.416123 0.458812 2.654416 0
0.096336 2.556400 0.478248 0.921818 0
0.058115 3.964977 1.080218 1.970465 0
0.008098 4.962297 2.517985 2.144047 0
0.067845 2.184166 2.127262 1.777671 0
0.044432 5.833747 2.956370 3.255477 0
0.096408 0.364496 2.305377 2.511460 0
0.084232 1.978866 2.003550 0.072629 0
0.042065 4.783996 1.438456 0.659852 0
0.041020 3.079523 1.051190 3.179250 0
0.034809 3.243145 2.264261 0.802517 0
0.055312 4.558395 1.508677 4.814355 0
0.027039 1.464324 0.447127 1.699784 0
0.040190 0.255104 2.186225 0.571649 0
0.031403 3.919403 1.552179 5.077528 0
0.096889 1.259014 2.264443 0.726888 0
0.098070 1.594016 0.978115 0.817035 0
0.086245 2.968410 1.846326 5.434853 0
0.099428 2.862814 2.970601 1.850628 0
0.042558 2.900749 0.498146 1.597400 0
0.083350 0.690638 1.620343 5.379958 0
0.038797 1.969259 2.678008 1.565343 0
0.096810 2.751530 0.483209 5.503745 0
0.079894 5.509842 2.958427 3.770369 0
0.036141 1.334188 2.049035 5.494210 0
0.082751 2.300503 2.070116 4.230969 0
0.090651 4.600062 2.781410 0.018156 0
0.044022 0.180209 1.063572 5.582698 0
0.037229 4.912739 2.082338 1.816589 0
0.030871 4.347893 1.647373 0.204288 0
0.036043 3.741617 2.526853 4.826782 0
0.068732 5.655481 1.304208 3.788946 0
0.033532 0.618184 1.525701 5.009082 0
0.068156 1.362663 1.511962 1.798819 0
0.097416 2.755277 1.135544 0.897165 0
0.068352 3.432530 0.355721 3.806333 0
0.057288 4.876149 2.481331 2.660896 0
0.068414 2.721668 1.482699 3.757095 0
0.016930 2.290033 1.299825 3.148374 0
0.051436 4.614657 0.657074 2.368813 0
0.091260 3.654105 0.861180 1.868343 0
0.089356 4.051576 1.738880 4.696307 0
0.028869 5.484136 2.466193 3.459154 0
0.064740 5.790149 0.812998 4.695565 0
0.083522 0.322038 0.852151 1.040784 0
0.069600 3.938461 2.126113 3.223807 0
0.099564 0.815385 0.238591 1.607637 1
0.092963 0.743129 1.839771 4.379698 0
0.083657 5.071160 2.991873 3.130816 0
0.067226 3.632016 1.037297 3.363218 0
0.067148 0.854223 0.594602 5.466448 0
0.023976 1.521488 1.807674 4.744301 0
0.054167 4.952103 2.570757 4.887233 0
0.064419 4.299779 1.139360 2.552687 0
0.090228 1.916849 1.901039 4.262021 0
0.065065 1.853588 1.318885 0.774026 0
0.031954 2.323388 1.816202 3.481113 0
0.097357 5.448779 0.606967 2.505186 0
0.005616 1.100331 1.089927 0.381004 0
0.064597 5.567276 2.254199 4.465345 0
0.082110 4.627205 1.547812 0.560386 0
0.064867 4.897246 1.561718 1.475777 0
0.029068 0.990211 2.543476 3.190888 0
0.067276 1.813145 1.835964 3.485362 0
0.081139 1.586570 0.672122 3.808753 0
0.034599 1.244435 0.140037 0.771981 1
0.061089 1.719202 0.885382 4.966585 0
0.039960 6.278290 1.573073 5.239486 0
0.085771 6.218137 2.579528 0.982923 0
0.087697 2.629759 1.351675 5.363109 0
0.075904 1.913312 1.289940 0.180584 0
0.077012 6.235725 1.738488 1.579805 0
0.049493 4.349236 2.367751 2.291274 0
0.094354 5.419311 1.545858 1.655252 0
0.036896 4.216239 0.468594 1.858621 0
0.081869 3.487396 0.736830 2.550469 0
0.073803 0.331607 1.695835 1.971362 0
0.068652 5.992091 0.842813 0.298152 0
0.050812 3.322096 0.559325 5.348674 0
0.072192 4.144683 0.652454 4.813747 0
0.059317 6.033852 0.740099 1.521220 0
0.090710 3.885090 1.581899 6.025306 0
0.053793 3.515122 1.058169 6.029488 0
0.033836 2.415662 1.298530 4.141681 0
0.066124 5.830163 2.810975 5.708637 0
0.093892 0.881142 2.718979 0.878100 0
0.081790 0.202339 2.951801 1.194690 0
0.083178 0.588882 2.720260 0.274571 0
0.023247 0.547086 1.128095 5.509527 0
0.083988 4.972261 2.307232 6.250320 0
0.059229 0.569204 2.711158 2.923532 0
0.068924 2.010209 0.721111 5.732136 0
0.049783 0.611885 2.267524 0.813069 0
0.048747 4.881191 1.090903 5.696266 0
0.089948 1.634757 0.632519 3.147367 0
0.059490 0.333021 1.660152 2.563188 0
0.037426 5.217728 1.125888 5.312284 0
0.078853 0.757992 2.319229 6.111002 0
0.045960 4.992856 1.446256 4.312063 0
0.033849 3.533376 1.769265 2.277066 0
0.081224 2.635416 1.554416 5.638289 0
0.044306 4.781304 2.224211 0.033766 0
0.014542 5.659141 1.583383 2.356515 0
0.097657 0.319885 2.172430 0.589084 0
0.093880 0.426047 2.643434 3.161232 0
0.043410 4.897601 1.522221 2.511235 0
0.075770 5.740398 0.595128 4.327151 0
0.068990 4.301126 0.456020 0.852665 0
0.032247 3.411167 0.365724 1.886778 0
0.055125 5.259139 1.171607 2.042161 0
0.085889 5.101678 1.982468 4.344071 0
0.092891 3.035193 2.177633 4.675991 0
0.074221 4.551338 1.041027 4.645279 0
0.070982 4.543087 0.764092 0.489839 0
0.079791 1.413442 2.133288 0.707703 0
0.095368 5.138022 1.043360 0.084739 0
0.060054 1.768137 1.189153 4.175289 0
0.034413 3.892062 2.936664 5.379184 0
0.065681 4.332939 1.665948 1.848933 0
0.041554 2.090039 0.394855 4.546187 0
0.023876 1.795776 1.496462 3.523944 0
0.009413 3.781610 1.852119 4.055977 0
0.090930 2.547588 2.113352 4.626434 0
0.047244 0.040863 2.093948 3.668428 0
0.053657 0.399506 1.043420 2.553089 0
0.082645 1.494795 1.075742 0.718937 0
0.096307 5.089157 1.387144 0.629496 0
0.037763 2.809608 2.275058 1.254202 0
0.085614 1.800779 2.118738 4.661061 0
0.094258 2.508745 1.343565 4.494255 0
0.089707 0.914348 1.473850 0.175573 0
0.038991 1.265491 1.796286 2.764209 0
0.051477 5.404532 2.335812 5.956565 0
0.031315 0.683201 0.505109 0.160691 0
0.095849 2.960187 0.725036 0.385184 0
0.095828 5.965871 1.072230 4.091994 0
0.048590 0.134348 1.355317 0.782668 0
0.064858 4.903723 2.318145 1.416241 0
0.096228 1.831241 1.054905 0.490096 0
0.070204 5.435814 1.606681 4.761730 0
0.085164 2.288418 1.995158 5.173302 0
0.068771 4.827426 2.343205 2.460791 0
0.048932 6.124179 1.476559 0.991038 0
0.096135 4.485361 2.236966 1.007144 0
0.085747 1.269718 1.125987 0.979616 0
0.099123 0.783549 1.331133 5.708327 0
0.064510 3.987670 2.908771 5.711522 0
0.070696 3.169542 1.911064 1.414273 0
0.093202 2.341990 0.443839 2.146394 0
0.037556 5.638381 2.056140 2.390660 0
0.093385 1.169975 1.647299 5.003055 0
0.094872 2.181546 2.721633 3.991859 0
0.074114 1.516824 2.192560 3.341519 0
0.060507 1.084146 1.451167 4.915163 0
0.089845 2.681898 1.963382 1.928928 0
0.096503 2.250381 1.635014 5.026215 0
0.085493 3.647590 0.771468 5.478603 0
0.069131 5.496608 1.052805 2.198976 0
0.024702 4.967776 0.784810 6.038733 0
0.037128 0.645859 1.764849 4.317400 0
0.058669 2.435696 0.973885 4.463056 0
0.074847 4.142394 1.555976 2.308471 0
0.029346 1.155348 1.927093 0.109360 0
0.073623 1.297415 2.258422 1.714916 0
0.088714 6.024998 0.780969 1.664605 0
0.091308 2.496412 1.802685 5.621819 0
0.043355 4.782427 2.362668 2.047139 0
0.092948 2.841588 0.228071 1.307784 1
0.091646 1.457087 2.562419 2.513940 0
0.094403 2.582689 2.135329 6.140586 0
0.077132 2.776626 2.995997 0.860581 0
0.080524 5.102336 1.389613 2.735860 0
0.087805 3.485831 1.983090 3.799385 0
0.097576 1.980862 1.569659 0.880061 0
0.027643 2.232200 1.502500 5.908390 0
0.089862 3.008553 0.791161 4.067887 0
0.084305 0.420644 0.439559 3.781934 0
0.069137 5.121054 1.729903 0.458184 0
0.050691 3.606096 0.951793 5.688534 0
0.062128 3.894262 1.246721 0.986210 0
0.041783 0.258489 2.121518 0.795966 0
0.059700 1.640427 1.085462 2.719455 0
0.078508 4.603226 1.314322 2.663230 0
0.045984 3.277649 0.540563 5.794233 0
0.076720 0.746574 1.619004 0.418439 0
0.096637 0.649132 0.765606 1.198936 0
0.082295 2.195388 0.630640 0.397288 0
0.098448 2.745494 0.976870 0.903373 0
0.069145 6.169092 1.093833 5.243334 0
0.049287 3.375365 1.086749 5.398961 0
0.051945 4.024263 1.122173 3.024000 0
0.040266 2.226937 1.376507 4.717019 0
0.068793 5.828030 2.258374 2.557952 0
0.017571 6.012081 1.767925 4.449203 0
0.055341 4.361173 2.144428 1.730748 0
0.036202 6.229990 1.408552 3.827465 0
0.098660 4.333459 1.457881 1.359045 0
0.047634 4.467217 0.556971 3.121045 0
0.059284 2.253825 2.843943 3.227022 0
0.084447 2.396907 1.079994 1.171087 0
0.055591 0.513128 1.758894 2.135728 0
0.019626 1.202742 0.441875 2.166306 0
0.094102 5.148238 1.813647 0.104212 0
0.090050 0.247989 1.825017 4.927753 0
0.085391 0.436105 0.047958 6.007086 1
0.088340 0.478432 1.476230 0.828432 0
0.065943 2.706805 1.865954 0.929834 0
0.090127 5.716309 1.233162 0.762279 0
0.099571 5.829961 1.493183 0.188275 0
0.034538 3.199753 1.317586 0.030247 0
0.057326 6.251635 0.293627 0.876661 1
0.018560 4.066136 2.582247 4.797886 0
0.084650 5.808026 2.025648 3.122377 0
0.002282 1.083548 1.831315 2.735531 0
0.077669 1.723078 1.738300 2.610880 0
0.042897 5.766286 1.644573 1.102453 0
0.091957 6.271166 0.940792 6.062579 0
0.071228 3.645309 2.791692 5.252538 0
0.075838 6.227285 2.827202 3.830197 0
0.079890 5.650429 1.314400 2.229291 0
0.090756 0.583499 2.351091 5.178543 0
0.051509 3.019293 1.069147 5.457400 0
0.086878 5.296253 1.124324 5.898572 0
0.087216 5.158254 0.689594 3.809229 0
0.090501 2.008568 1.713575 2.050783 0
0.094860 3.398263 0.829451 2.984450 0
0.072935 0.866150 0.590198 1.069414 0
0.019273 2.876359 1.620828 5.408663 0
0.074206 2.367189 1.949819 5.126905 0
0.092590 5.934909 1.948825 3.845666 0
0.088741 6.086214 1.672660 3.444144 0
0.088860 4.178893 0.807676 3.824333 0
0.099235 4.558811 2.626216 5.558152 0
0.051615 0.612066 1.286163 5.016252 0
0.048504 2.790878 2.785103 1.711610 0
0.094972 3.101186 0.747271 2.843910 0
0.093291 5.141109 1.089633 4.571670 0
0.087339 5.988749 1.244350 3.457623 0
0.096010 5.595204 0.638317 4.469875 0
0.074538 1.588770 1.202666 3.395186 0
0.098915 1.602952 1.420163 1.538284 0
0.059374 4.929569 0.418680 3.693235 0
0.047828 0.073831 2.375198 0.821314 0
0.071086 6.241933 1.738255 2.360205 0
0.090093 5.352854 0.654232 3.609503 0
0.089726 2.782841 0.722032 4.567009 0
0.057741 1.402522 1.447010 5.585771 0
0.068998 4.764721 1.429050 2.855686 0
0.011596 5.367925 1.980834 2.299506 0
0.079931 4.665320 2.708206 5.451571 0
0.086848 5.114401 3.060594 1.630982 0
0.089856 3.654925 1.844641 3.889821 0
0.065851 4.639878 0.911082 1.499826 0
0.042587 2.000079 2.768305 3.234394 0
0.073589 2.537348 1.377134 0.110707 0
0.040269 5.234751 1.515000 1.103371 0
0.082914 1.077178 1.654062 2.050614 0
0.095601 3.112433 0.912234 4.198465 0
0.055618 1.208699 2.597449 0.733614 0
0.087981 3.537450 2.061997 1.305032 0
0.054906 5.839573 1.463404 3.033676 0
0.049771 2.588507 3.043456 4.959067 0
0.090322 2.521863 2.231610 6.144739 0
0.048426 1.752982 0.805356 5.792920 0
0.067114 4.367802 1.043353 2.289474 0
0.043648 2.779347 0.363031 3.140700 0
0.079669 6.034201 1.806197 2.568484 0
0.072345 2.214562 1.805936 5.182607 0
0.053090 0.395188 1.175940 3.327416 0
0.068911 1.917982 1.200029 1.826364 0
0.084061 0.789887 1.089736 5.913275 0
0.063617 2.652842 2.383571 5.373030 0
0.034259 0.700172 0.975265 1.934509 0
0.074417 1.584073 2.233803 1.184380 0
0.046096 2.666337 1.766619 4.623554 0
0.088137 1.343195 1.692495 0.368664 0
0.052600 5.456074 1.748225 4.722077 0
0.041667 5.699378 0.413882 5.530716 0
0.018110 1.953173 2.268860 2.748950 0
0.085620 4.300629 1.143191 5.343474 0
0.089213 3.218115 0.818460 2.197135 0
0.087424 6.070007 1.647240 6.137277 0
0.062485 0.851194 2.010066 1.050872 0
0.059097 1.717437 0.990648 3.932772 0
0.037643 5.115616 1.323198 1.981196 0
0.084927 2.636919 0.916143 4.737889 0
0.085471 0.106346 0.906043 2.912922 0
0.083749 3.042449 1.189733 3.124590 0
0.099820 2.968008 2.337767 4.779566 0
0.066215 2.420054 2.065691 5.207988 0
0.072155 2.828119 3.017069 5.465637 0
0.085056 1.395210 1.562403 5.435881 0
0.019034 5.486887 0.877506 4.759450 0
0.054124 2.362618 1.593895 0.147527 0
0.062686 4.417808 1.544965 0.592752 0
0.043282 5.033659 1.755105 1.154450 0
0.052298 2.755881 2.665639 4.473311 0
0.090762 4.284489 1.652540 2.163997 0
0.036333 3.373788 0.962571 5.374978 0
0.087121 4.461672 2.027735 4.996639 0
0.076378 5.661565 1.676452 5.505995 0
0.052639 0.403872 2.497379 4.209961 0
0.087601 2.430786 2.127925 5.998750 0
0.043359 2.236870 0.762566 2.899741 0
0.089142 0.520846 0.859145 3.885501 0
0.087452 4.487979 2.753453 5.634758 0
0.050124 1.112761 2.099608 0.064394 0
0.094191 2.971039 2.228090 2.956622 0
0.061149 2.250751 1.259529 4.090417 0
0.065000 1.549768 1.204770 1.193116 0
0.079594 0.536721 0.780221 5.161813 0
0.066440 1.778696 1.121949 1.483157 0
0.060497 2.868235 2.358729 0.821692 0
0.041325 5.134970 0.333666 2.651610 0
0.099717 4.899815 1.434909 5.538979 0
0.050268 1.493851 1.270539 3.937088 0
0.077199 4.391847 1.109883 0.116039 0
0.097244 3.761512 0.948032 3.638984 0
0.082709 2.217836 1.370847 0.788638 0
0.079754 4.295980 1.290266 0.012890 0
0.037446 1.357268 0.746096 1.954058 0
0.018241 1.007847 2.055594 0.173598 0
0.096966 1.038487 2.529365 1.212146 0
0.063485 1.641807 2.264062 6.276940 0
0.097994 0.610368 0.265156 5.692085 1
0.083415 1.418949 1.540963 2.386927 0
0.076080 5.565496 1.581610 1.350132 0
0.075465 5.447360 0.968985 4.459320 0
0.028808 2.197604 0.288899 0.730495 1
0.071426 4.735861 0.778143 2.829929 0
0.095865 0.333485 1.861506 2.023500 0
0.056069 2.908124 1.204791 1.725762 0
0.074832 2.127049 0.877825 1.607186 0
0.075124 4.182545 1.845608 0.899597 0
0.074260 0.886492 1.282949 0.759960 0
0.008980 3.612752 2.293412 0.572110 0
0.096164 5.349474 0.945462 2.732622 0
0.077790 2.206698 2.450602 3.293312 0
0.063583 3.321441 2.335598 4.515475 0
0.099572 1.050882 2.977992 3.464870 0
0.071118 1.092712 2.232530 0.440743 0
0.091629 2.782983 0.960199 2.456926 0
0.076421 3.590069 1.594765 3.720142 0
0.038258 2.152982 1.945790 0.446807 0
0.044051 5.594857 1.582840 5.021419 0
0.049159 2.458795 1.209659 4.058552 0
0.095914 1.065173 1.296570 5.726615 0
0.058033 2.248893 1.496468 5.293985 0
0.072927 1.697171 2.541743 2.333676 0
0.084442 0.791882 2.123389 1.866444 0
0.083511 1.724304 2.462695 5.301587 0
0.078555 3.595653 2.549493 5.096556 0
0.068023 2.644638 1.793279 4.425694 0
0.090124 5.866336 1.266753 4.600483 0
0.032122 4.491903 1.862117 2.764378 0
0.026987 0.669027 1.120821 3.799215 0
0.061367 1.226721 2.831023 0.563166 0
0.056681 4.640308 1.342179 0.117369 0
0.011384 1.733011 2.381696 3.958713 0
0.092091 4.884165 1.452905 1.952804 0
0.044525 0.323688 0.246956 0.065865 1
0.099256 2.296373 2.077554 0.555162 0
0.028353 2.427076 1.627469 0.962700 0
0.070197 5.094718 2.112696 5.462301 0
0.007803 4.611621 2.733717 2.056856 0
0.068738 2.171892 1.257787 3.050170 0
0.078834 1.309995 0.693516 2.950382 0
0.099289 3.497781 2.166067 1.156592 0
0.077988 4.998498 0.913625 3.728308 0
0.040127 5.888806 1.942787 1.516777 0
0.056878 1.319824 1.358446 5.128799 0
0.014459 0.958207 1.951153 0.169611 0
0.094152 4.050196 1.275218 2.255386 0
0.099513 4.400692 2.330644 3.843806 0
0.095335 6.031254 0.578392 5.621662 0
0.071874 5.414188 0.569047 0.784134 0
0.081070 1.717526 2.022340 5.141188 0
0.045890 2.512726 0.493450 3.355843 0
0.078101 2.854257 1.266885 3.963907 0
0.077896 0.226187 1.892032 3.099106 0
0.082499 0.076800 2.352357 4.215286 0
0.084417 4.376863 1.121078 3.904993 0
0.081025 2.286908 1.603230 1.087597 0
0.047504 3.738538 1.154682 5.547412 0
0.093186 0.100987 1.984810 0.496025 0
0.064497 4.780194 1.798856 0.163077 0
0.046375 6.053326 1.889841 5.163730 0
0.099971 1.977317 1.191941 4.272710 0
0.057177 1.050958 1.268004 0.248422 0
0.092944 3.980716 1.898715 3.269568 0
0.099876 1.113699 1.968095 1.402351 0
0.087878 6.228895 0.663532 4.025116 0
0.008621 5.071992 2.025420 2.660409 0
0.075367 2.089824 1.469366 4.920267 0
0.054408 0.667284 1.782203 1.856292 0
0.064877 5.780462 2.826998 4.698717 0
0.029539 2.050627 2.183062 5.976056 0
0.097975 2.817369 1.513739 6.015782 0
0.079098 1.036418 0.877943 2.500119 0
0.039536 1.801525 0.395113 1.028824 0
0.030652 4.763190 1.746011 4.159334 0
0.030115 0.229533 1.460701 2.429794 0
0.037780 0.314041 1.943681 3.541418 0
0.098487 4.131902 1.184151 0.359552 0
0.099196 0.620903 0.182938 5.930687 1
0.073974 3.014861 2.502570 1.086155 0
0.080298 0.515046 1.712820 5.033407 0
0.060720 3.828323 2.764307 2.906904 0
0.060612 3.468279 0.721604 2.878158 0
0.076715 3.579467 2.331696 4.594629 0
0.078719 3.310852 1.148106 3.704825 0
0.042959 3.809811 1.868925 1.058913 0
0.083974 4.116800 0.683858 1.585801 0
0.036748 0.086514 1.420744 4.899754 0
0.030942 6.258230 1.733334 2.918131 0
0.077803 3.429021 2.594742 6.111697 0
0.031263 0.324901 1.431910 4.311927 0
0.078829 1.731436 1.405084 1.514690 0
0.089583 4.476233 2.293511 6.201857 0
0.056459 3.000708 0.810930 0.150388 0
0.036440 1.684001 1.106992 1.682798 0
0.053084 4.408145 0.440101 2.372075 0
0.083523 3.949342 2.323925 1.903372 0
0.041750 4.832056 1.105459 1.709293 0
0.090596 4.438553 2.730323 2.778140 0
0.099095 2.361406 1.945987 4.929091 0
0.029706 3.229161 2.144910 2.557312 0
0.099575 5.825349 1.432241 0.781005 0
0.044176 4.443889 1.353339 2.996679 0
0.063941 2.763169 2.358773 0.668853 0
0.026140 4.375775 1.388554 1.524504 0
0.068225 4.304109 1.600150 1.798417 0
0.062565 2.971832 2.045150 2.346279 0
0.092131 2.586202 0.817321 5.887691 0
0.096205 5.839948 1.253633 5.762045 0
0.092552 4.869517 0.409595 0.325090 0
0.069446 2.723668 1.628180 5.599069 0
0.093448 2.407338 3.042976 5.916164 0
0.028207 2.556961 0.887230 3.424572 0
0.030327 4.391279 2.294986 3.037360 0
0.041458 3.516360 2.365514 0.129978 0
0.098552 0.092639 2.727504 5.634738 0
0.097170 1.896301 2.249403 5.031513 0
0.027715 5.373464 2.353304 3.512852 0
0.053731 2.395187 1.471045 1.017599 0
0.087427 2.813472 0.655219 5.302451 0
0.092452 1.808060 1.346826 5.948317 0
0.099331 1.383641 1.430567 0.996080 0
0.088310 1.802946 0.874260 4.719377 0
0.054926 0.860541 1.871107 1.544986 0
0.066239 2.901343 0.435557 3.239474 0
0.056301 5.649917 0.553542 3.805569 0
0.052955 3.297876 2.135614 0.281258 0
0.098623 5.473746 2.461238 5.198595 0
0.039867 1.744362 2.150974 0.914775 0
0.070558 1.283032 1.168257 1.744819 0
0.070082 3.036912 0.341114 4.981563 0
0.078759 4.251940 0.396198 0.371110 0
0.037213 0.536677 1.720641 2.861719 0
0.099228 4.079724 0.499679 1.665328 0
0.041735 5.207271 1.180587 0.922577 0
0.083662 1.247111 2.819041 5.396452 0
0.069001 4.701713 0.133711 6.119476 1
0.097596 1.938897 1.050984 2.787538 0
0.088990 1.762120 1.015708 2.590077 0
0.097835 1.729279 1.513340 0.600972 0
0.060053 0.288585 1.673184 2.169365 0
0.083381 3.846794 1.793247 5.462723 0
0.066408 5.781279 0.255663 0.885525 1
0.034439 6.223287 3.113863 3.736677 0
0.085952 0.026834 1.708543 4.343374 0
0.055934 5.154077 0.752240 0.658354 0
0.031741 2.333642 1.604811 0.363886 0
0.080414 6.209618 0.805326 0.045691 0
0.018499 4.427549 1.271419 4.583325 0
0.056294 6.049750 1.769865 4.762037 0
0.093966 3.864978 2.494226 0.009863 0
0.077820 5.646355 1.764568 2.163708 0
0.095022 1.036323 0.379820 1.355734 0
0.099259 1.071623 1.203712 0.540227 0
0.073618 5.262519 0.778152 1.185000 0
0.090876 1.868971 0.916931 5.403969 0
0.004607 3.445748 1.750822 2.004492 0
0.071502 1.183787 0.562083 2.476971 0
0.089640 6.130907 1.360841 2.570659 0
0.093510 6.233375 2.102492 4.884080 0
0.039624 4.958263 2.975235 0.893728 0
0.097964 1.970717 0.996126 3.151967 0
0.038885 2.338067 1.961133 6.139002 0
0.081827 5.567659 2.310734 4.220372 0
0.065919 2.680709 2.948607 5.942534 0
0.078425 0.425024 1.245079 2.630075 0
0.020835 4.623154 2.285568 5.766821 0
0.085315 3.651915 1.971740 5.559856 0
0.060857 4.324344 0.330869 2.073694 1
0.004347 1.604354 2.296122 0.961926 0
0.079212 3.279442 0.738165 1.866274 0
0.063880 6.077528 2.785998 5.294138 0
0.062763 6.028326 2.185533 0.056362 0
0.016457 0.806621 1.425404 0.442909 0
0.092961 1.603984 2.924922 3.719934 0
0.091460 4.294261 1.524629 1.299706 0
0.060967 3.167004 1.644650 2.347295 0
0.087143 2.315875 1.624179 2.430594 0
0.094367 4.126964 1.947369 1.876048 0
0.079000 4.100329 0.770362 0.113173 0
0.078232 5.840487 0.330021 4.015633 0
0.024067 2.855971 2.003358 5.793699 0
0.084251 4.385088 1.599083 3.432669 0
0.061754 6.227052 2.101757 4.731583 0
0.070364 1.822590 0.727674 1.599043 0
0.081158 4.104913 1.857376 3.450598 0
0.055691 2.043319 2.339945 5.869998 0
0.098883 6.213647 2.701008 3.705931 0
0.095837 6.152706 0.997803 6.134872 0
0.065862 5.896922 2.493078 0.902262 0
0.079777 2.592647 1.960432 0.111802 0
0.063537 2.784121 2.143251 5.647385 0
0.085626 5.639077 0.804613 2.461990 0
0.074216 4.992880 2.650961 5.409497 0
0.034619 4.956049 2.202319 0.613477 0
0.088188 4.696296 1.955096 4.374274 0
0.085245 5.757788 1.923211 1.008124 0
0.092461 3.588160 1.168095 3.087163 0
0.099182 6.245317 1.589059 2.434136 0
0.066112 1.759163 1.128991 1.069778 0
0.042127 2.761579 1.695315 4.575859 0
0.048390 3.161172 1.750195 2.224289 0
0.054027 2.415295 1.473934 0.437361 0
0.036310 0.873989 2.131274 5.394222 0
0.023554 2.754409 0.276306 5.720115 1
0.009722 2.029547 1.372952 6.240191 0
0.056301 5.723057 1.329588 4.737932 0
0.043684 4.189477 2.584227 2.314089 0
0.032603 3.056294 0.631977 2.139146 0
0.099476 4.308933 1.970260 1.768315 0
0.026494 0.918015 1.268292 1.269448 0
0.053405 0.734125 0.497271 2.140594 0
0.074513 0.499647 1.049669 3.547918 0
0.063446 4.101617 1.686708 4.520873 0
0.075076 5.896066 1.517941 4.740522 0
0.077792 2.500146 0.715984 4.470229 0
0.094039 1.378189 0.459734 5.490719 0
0.095139 4.689624 0.810167 6.128165 0
0.094471 3.181525 0.869424 1.116457 0
0.078943 1.494914 1.607556 1.121000 0
0.056342 4.834576 2.078490 4.523754 0
0.064980 1.890657 1.449493 6.194495 0
0.048918 5.737063 2.072277 5.305895 0
0.055767 5.423258 1.682868 1.227277 0
0.028720 3.819129 0.532392 6.205383 0
0.059516 1.410660 2.754182 1.550022 0
0.085491 0.881606 1.418981 2.224651 0
0.061501 5.923531 1.635796 4.371080 0
0.084392 1.731383 1.401299 0.844744 0
0.075925 5.373091 0.708497 5.125577 0
0.087649 5.407886 1.896991 0.497805 0
0.085078 1.358041 1.103035 5.066220 0
0.090773 2.159893 2.199211 1.119552 0
0.075384 4.755596 1.419977 1.879554 0
0.094720 5.336053 1.882215 1.730536 0
0.088995 1.166670 2.799947 3.168136 0
0.067915 2.430079 1.851820 0.236908 0
0.049185 4.768934 2.355947 0.063766 0
0.078720 3.227587 0.607205 2.158408 0
0.085430 2.286654 0.794937 3.479612 0
0.084124 5.929860 2.053256 1.733916 0
0.083704 0.985553 1.721570 3.756286 0
0.007820 1.434490 2.413597 5.014820 0
0.064342 5.305252 1.164419 5.499214 0
0.048075 5.912651 2.542530 2.972129 0
0.083668 4.815422 1.537146 2.008849 0
0.052923 3.597467 1.903372 0.062266 0
0.096772 5.108699 1.698558 4.047484 0
0.086997 1.857856 2.568590 2.874458 0
0.067271 3.111684 0.474834 2.881830 0
0.085062 5.834381 1.062811 0.864148 0
0.087916 3.513236 0.226409 0.025407 1
0.070723 5.816299 1.524926 1.257917 0
0.083192 6.033432 1.610651 6.108359 0
0.072994 1.150838 2.873097 2.948650 0
0.099812 3.429318 0.687143 4.731725 0
0.091732 0.211163 0.953446 1.847398 0
0.072722 1.670557 2.100595 1.585835 0
0.044096 0.059507 1.348832 6.078199 0
0.075407 2.530161 2.801844 0.432260 0
0.057304 2.817958 1.090547 0.128625 0
0.063933 4.956944 2.969881 5.915919 0
0.098594 6.124424 1.391517 6.084134 0
0.072147 3.294333 2.029510 2.274545 0
0.074694 5.855671 1.888152 0.545157 0
0.044479 2.567985 1.243289 2.464794 0
0.064667 4.580976 1.286293 6.200236 0
0.036300 2.080230 0.476052 2.891226 0
0.088293 2.039488 1.532035 1.183207 0
0.033692 2.973650 0.737312 0.537842 0
0.066933 3.397324 0.468693 6.085445 0
0.025497 4.871464 1.225015 3.913966 0
0.084100 6.198748 2.003562 5.686992 0
0.062870 0.306930 1.153593 5.111041 0
0.088201 4.128410 2.214912 5.715858 0
0.099405 5.377402 1.307484 4.823642 0
0.042478 5.343748 2.719026 1.846950 0
0.056899 0.539604 1.327506 4.849101 0
0.079157 2.723583 2.072106 4.345398 0
0.045693 0.444982 1.190751 5.755812 0
0.023955 0.152118 2.268367 2.844093 0
0.027030 0.745035 1.083994 5.346955 0
0.088070 0.416855 2.119290 4.798900 0
0.096030 0.820339 1.633788 0.644775 0
0.099048 3.063020 1.362433 1.915115 0
0.075722 4.876518 0.560700 1.256366 0
0.045781 5.132392 2.470427 2.628778 0
0.094216 1.294759 1.233325 5.937919 0
0.047987 0.977838 1.364742 1.905925 0
0.052364 4.170775 0.807459 0.313134 0
0.085448 5.749321 2.248763 4.098701 0
0.021353 2.168205 2.105859 0.167377 0
0.091246 0.952016 1.226938 2.550664 0
0.096314 2.563523 1.784229 0.862264 0
0.047418 3.125610 1.682260 0.706919 0
0.083876 5.592446 0.484555 5.867246 0
0.021376 2.860479 1.017232 2.009972 0
0.034505 2.459680 1.307223 5.335698 0
0.055363 1.151954 1.573859 2.212291 0
0.072692 1.611503 1.325826 2.268199 0
0.063875 4.462161 2.133993 2.108867 0
0.034376 2.342709 1.516510 2.155229 0
0.093290 0.178987 1.481729 3.605503 0
0.095841 3.223801 1.586067 6.058531 0
0.098404 4.679550 1.124402 0.549162 0
0.036911 4.108424 2.632545 2.781862 0
0.091499 2.752888 2.201469 2.297352 0
0.083344 1.090637 2.041216 0.644725 0
0.094008 3.101230 1.446976 0.012112 0
0.093082 5.724723 1.255484 4.629073 0
0.096933 5.029489 1.182240 5.391958 0
0.055996 5.140955 2.271563 1.771198 0
0.075032 0.669437 1.306318 4.393366 0
0.087202 1.922036 0.772664 3.755053 0
0.086258 5.886196 2.755906 2.756130 0
0.033226 4.334771 1.653416 6.246446 0
0.042834 6.154447 3.016297 0.313568 0
0.094373 2.142713 2.181314 5.216510 0
0.037615 0.610847 1.957114 2.859122 0
0.095678 3.209401 2.064484 3.005937 0
0.078571 0.667496 0.870128 2.373513 0
0.064198 2.008161 2.826550 0.981270 0
0.050639 5.897786 1.761603 2.304819 0
0.079282 0.855069 1.289035 5.102186 0
0.034000 2.243452 2.380218 0.039131 0
0.083551 4.075211 2.308949 5.275183 0
0.086360 3.297738 1.147498 4.154674 0
0.018879 0.198255 0.765975 4.102791 0
0.037120 1.993544 0.352454 3.455282 0
0.079805 0.038500 1.995662 5.612876 0
0.097200 1.890767 1.070461 3.602472 0
0.066107 3.902589 1.339519 3.472167 0
0.098903 1.554042 1.688750 4.249021 0
0.094653 2.483753 1.602450 4.032125 0
0.095925 5.092139 1.165750 6.005444 0
0.091760 2.781039 1.790101 6.156144 0
0.087172 4.018169 1.630244 2.493102 0
0.080352 1.481609 1.137585 3.709769 0
0.073262 3.457302 0.833294 6.118211 0
0.041396 3.450528 1.623533 0.939562 0
0.089247 0.535304 2.280458 4.350637 0
0.069318 2.146417 1.232708 2.517362 0
0.038994 4.003190 1.279591 6.245764 0
0.028239 6.064671 2.816590 5.275627 0
0.077765 3.163779 1.015569 1.573137 0
0.085985 3.308336 2.320745 1.734577 0
0.027710 0.028775 1.046759 1.559158 0
0.074414 4.876795 1.364708 2.200687 0
0.092810 1.404118 0.416158 2.147972 0
0.075172 2.367716 2.077184 4.505905 0
0.011816 0.621769 2.006846 0.588765 0
0.025334 4.304020 2.619332 4.202908 0
0.043421 1.066750 2.565454 5.830001 0
0.083446 4.775765 0.937110 4.857538 0
0.087445 2.850997 0.292582 2.000657 1
0.047950 2.632230 1.914875 0.573521 0
0.080150 4.469483 1.436673 1.303697 0
0.029694 1.103641 2.585366 0.641735 0
0.052403 3.994899 0.916854 2.128665 0
0.056640 0.811706 0.175739 3.200348 1
0.054678 5.824434 1.444914 6.253542 0
0.082890 4.028558 2.137396 2.838368 0
0.030808 4.961405 2.141601 2.040976 0
0.045669 2.757185 1.402219 5.346798 0
0.038750 5.335990 0.488407 1.497497 0
0.015779 6.176912 1.246057 1.881857 0
0.078670 3.369731 1.851039 5.904360 0
0.081578 4.058911 1.468738 6.059893 0
0.075696 5.568687 2.737573 1.633987 0
0.072626 4.574959 2.008207 3.910429 0
0.071956 3.028196 2.677865 4.563629 0
0.095957 2.282718 1.726006 0.445679 0
0.046104 3.994551 1.179412 1.491969 0
0.078666 4.082407 1.644786 1.493718 0
0.043133 1.101164 0.869618 5.350390 0
0.090623 3.936415 2.254935 2.477048 0
0.071609 4.874162 1.884499 0.252792 0
0.070984 2.300205 1.902014 0.135929 0
0.092089 3.831442 2.089685 4.830596 0
0.098646 2.043614 2.317864 1.166498 0
0.098031 0.936265 1.416400 3.643257 0
0.089373 6.032294 2.258999 6.187625 0
0.036787 6.251867 2.308600 6.010347 0
0.078836 4.098742 1.267803 0.843829 0
0.065428 0.032059 0.861981 5.855655 0
0.060925 5.259843 2.707330 1.377480 0
0.066852 4.407957 2.922485 2.639074 0
0.016370 5.201165 1.783754 6.206550 0
0.098833 0.180854 1.706503 4.872918 0
0.099441 2.420411 2.118444 0.780235 0
0.061663 3.749002 0.576289 0.011003 0
0.049901 2.711606 0.755544 4.254279 0
0.066081 1.951453 1.790655 5.075929 0
0.038434 3.535147 0.330697 3.736210 0
0.051399 0.095113 0.242737 1.828303 1
0.091811 3.897672 1.112493 5.150524 0
0.080568 5.318289 1.762529 4.008489 0
0.048130 2.234428 2.122687 3.844606 0
0.097585 5.296120 1.800079 1.264805 0
0.052390 4.710442 2.429167 4.468205 0
0.024551 3.062646 1.608797 1.306820 0
0.022377 3.431171 2.220872 1.974526 0
0.074915 5.135130 1.782860 2.539377 0
0.066152 5.554497 0.985761 0.544957 0
0.085467 5.146972 2.036898 6.045115 0
0.041807 3.058984 1.719338 0.798461 0
0.057424 1.178961 1.220430 3.796459 0
0.096816 1.299163 1.192567 6.268112 0
0.083319 5.242426 0.941193 4.676417 0
0.061680 0.051592 0.488711 5.916695 0
0.090857 4.170587 1.257340 1.653154 0
0.074013 3.579603 1.265769 1.748315 0
0.062360 0.468372 1.024795 3.541605 0
0.074926 5.116781 1.962199 5.599275 0
0.004470 0.120146 1.561551 5.901959 0
0.047528 5.094027 2.633870 5.781118 0
0.080318 0.895447 1.905762 0.160493 0
0.038823 4.542109 2.777449 6.133761 0
0.062183 1.966890 1.022366 5.871410 0
0.093955 3.701840 0.958722 1.706698 0
0.081468 2.846785 2.305796 1.414383 0
0.051715 3.305183 0.695890 1.692938 0
0.073835 3.843021 0.949033 4.844637 0
0.064990 0.915412 1.963062 0.423944 0
0.053685 2.233736 0.619846 2.757898 0
0.028002 0.378440 1.400274 2.922170 0
0.061096 4.112203 1.368503 1.608639 0
0.049360 3.846934 1.626129 5.701070 0
0.025561 2.280454 0.745010 2.090915 0
0.094286 1.562739 1.776685 2.727780 0
0.092755 5.095564 0.940202 1.776436 0
0.097810 5.631803 1.266526 1.538650 0
0.050184 2.784817 1.947259 2.075013 0
0.070954 0.621836 2.202664 5.508588 0
0.086801 1.224392 0.745843 6.264897 0
0.089840 4.149379 2.513050 5.481861 0
0.015277 0.231863 0.940343 5.732285 0
0.053443 5.073442 1.258676 0.917177 0
0.078641 3.466112 1.427712 3.613612 0
0.066931 4.893994 2.265315 4.397084 0
0.047130 3.165624 0.348554 4.558883 0
0.077640 5.186095 1.776827 2.238314 0
0.014234 4.618328 1.273074 5.198629 0
0.062883 1.619621 1.981992 2.631169 0
0.054284 5.686894 1.226186 3.646087 0
0.084413 4.257148 2.040399 2.079787 0
0.047874 0.973692 2.518821 4.254806 0
0.096637 4.562475 1.322227 0.980125 0
0.047955 2.557616 2.438925 5.232374 0
0.048213 3.040110 0.899494 1.587827 0
0.046784 3.407528 0.573874 3.859774 0
0.089448 4.900574 0.365715 0.595449 0
0.082768 2.288027 1.928498 2.498248 0
0.020420 2.521613 2.045679 1.702066 0
0.074585 3.988249 2.681770 3.079805 0
0.060074 2.042391 1.867444 3.712452 0
0.085564 3.315754 1.417422 6.060532 0
0.010755 3.849144 0.969815 1.447931 0
0.039362 1.868443 2.331588 6.000637 0
0.027807 5.515464 0.450106 4.790115 0
0.049190 4.554435 0.822977 1.782295 0
0.035523 5.583213 1.680121 4.288168 0
0.072343 3.158047 0.857009 5.555815 0
0.090977 5.144717 1.520957 3.517259 0
0.058866 5.646724 1.619521 2.249963 0
0.071506 4.659779 1.748811 4.186169 0
0.019748 2.722414 1.815801 0.730869 0
0.055776 4.216520 2.430093 3.474998 0
0.062924 0.242976 2.309660 3.280633 0
0.096295 2.458469 0.938776 2.831281 0
0.094546 2.370402 1.234170 4.533769 0
0.044280 5.088993 1.118227 3.409220 0
0.084181 5.062449 2.500385 1.382029 0
0.073982 3.073892 2.453427 3.684079 0
0.096047 3.188633 1.988127 1.467814 0
0.042257 3.652747 2.181380 3.609738 0
0.078742 3.916920 0.632205 3.438727 0
0.012114 1.892801 3.049970 5.708720 0
0.082372 2.090734 1.834114 5.495138 0
0.037774 5.727148 1.404374 5.349073 0
0.084689 1.997170 0.540554 1.662269 0
0.089838 6.016114 2.348711 4.584183 0
0.068190 3.478111 2.755561 4.043531 0
0.036730 4.711623 0.971709 4.743395 0
0.061096 1.977269 1.164130 2.437561 0
0.078482 1.885760 1.151675 1.850088 0
0.079554 5.822400 0.847390 4.873035 0
0.091551 3.683213 1.827401 3.489589 0
0.095082 4.386839 2.265148 4.468260 0
0.080974 4.215020 1.451999 0.758145 0
0.047371 2.538070 2.127536 2.257618 0
0.039220 6.171759 0.689588 3.311866 0
0.054494 2.616765 2.550082 5.735913 0
0.084652 1.329338 0.945546 2.195834 0
0.037180 2.364857 0.722872 6.134916 0
0.098111 4.724606 1.634414 5.445268 0
0.067092 2.209992 1.727005 0.664842 0
0.015024 0.116415 0.991961 1.551773 0
0.064998 6.224662 1.784997 3.620993 0
0.098638 4.527220 0.654746 1.695894 0
0.037014 0.115915 0.883587 5.363325 0
0.047960 2.451438 0.934967 2.313806 0
0.087552 2.061657 1.254879 4.581181 0
0.028296 5.506856 1.763505 3.331338 0
0.047768 1.090420 1.846292 1.575489 0
0.043826 5.419168 1.566235 3.861320 0
0.092367 0.653467 0.904211 5.190696 0
0.090804 1.848801 0.630165 6.041487 0
0.055919 1.752026 2.252690 3.409969 0
0.081793 0.114415 2.535595 2.736575 0
0.058850 1.606126 0.835663 2.679151 0
0.036341 4.777833 2.721860 2.263459 0
0.096642 3.723484 1.794636 0.791903 0
0.067461 0.683024 2.072782 1.936926 0
0.046120 5.852351 0.750706 0.233993 0
0.047505 1.447840 3.071539 3.382682 0
0.071363 5.113921 0.577497 1.120145 0
0.091220 6.233241 1.800441 1.121224 0
0.049767 4.891289 1.782061 2.385978 0
0.073409 3.527678 2.071407 2.971005 0
0.039250 2.205199 1.769880 3.827443 0
0.067799 2.132946 2.558667 4.224713 0
0.052048 0.325620 2.003416 3.120078 0
0.053128 4.451000 0.376092 4.973326 0
0.072271 0.729041 2.792291 2.226888 0
0.032876 3.667005 1.636581 2.235278 0
0.060174 0.865300 2.061211 5.661046 0
0.083616 2.987508 1.315706 5.360954 0
0.090909 6.111774 1.495483 1.797743 0
0.055874 2.386395 2.731308 3.663647 0
0.065699 4.197977 0.572271 4.485474 0
0.061362 0.720115 1.581626 5.647529 0
0.048025 2.985900 1.054692 2.128253 0
0.024258 4.939342 1.970293 2.644829 0
0.096116 2.701602 1.206644 3.914434 0
0.095155 4.371556 1.523226 4.598631 0
0.081760 5.897414 0.269249 6.161680 1
0.056428 6.135645 1.698643 4.712637 0
0.080290 4.042681 1.498583 0.133045 0
0.087064 6.090541 2.568105 6.211952 0
0.066675 1.088619 1.218312 3.162976 0
0.097948 0.137365 2.584284 5.549418 0
0.067219 1.547310 1.583234 2.244892 0
0.097058 6.172869 0.606516 3.835826 0
0.095971 0.673526 1.754127 1.504536 0
0.028933 0.973277 2.936233 4.576424 0
0.089348 2.848914 2.093322 3.495570 0
0.065020 4.206857 1.660918 5.449526 0
0.091804 5.481356 1.309270 5.040253 0
0.094565 1.853937 1.950663 2.174503 0
0.073575 1.203967 1.989676 3.036928 0
0.041720 4.979733 0.622652 0.597564 0
0.094855 4.303890 1.233559 6.179245 0
0.091645 2.036087 2.008252 4.009941 0
0.088174 2.898767 0.913572 1.258086 0
0.036179 4.646661 0.525844 6.117915 0
0.078226 2.753744 2.155264 3.180368 0
0.085635 2.898283 2.352527 1.725742 0
0.080802 3.491081 2.112977 5.195901 0
0.059006 5.352239 2.575713 1.557702 0
0.073268 1.612379 1.003620 2.366925 0
0.076202 5.926247 0.244821 2.250283 1
0.063604 1.316005 1.687812 3.364268 0
0.097416 3.932796 1.589070 3.524313 0
0.025337 1.790795 0.523982 5.011035 0
0.086388 5.776366 0.544055 2.508142 0
0.068917 5.216263 0.991151 5.171891 0
0.082585 0.931137 0.539620 1.375074 0
0.063625 1.900170 1.763094 6.191982 0
0.049559 3.835679 1.252716 4.085060 0
0.090549 5.667448 0.890781 4.831164 0
0.072659 4.365140 1.223487 3.720414 0
0.098982 2.493787 1.348271 4.561827 0
0.056235 2.901856 0.723401 4.971230 0
0.054041 2.207641 1.801493 6.120250 0
0.070679 4.306343 0.909470 5.682293 0
0.099388 4.954137 2.464982 1.466559 0
0.063162 1.466984 2.445160 1.375128 0
0.036808 0.434577 2.919889 4.168306 0
0.087401 1.995399 1.059919 4.672467 0
0.084527 4.053798 1.510126 0.192968 0
0.032715 3.737893 2.270270 2.507403 0
0.097276 2.740947 1.314259 2.801127 0
0.034873 3.556605 1.266477 0.687432 0
0.059542 1.508139 1.251011 4.734187 0
0.068812 1.422425 2.807339 3.826371 0
0.054365 6.032423 1.098182 0.373534 0
0.052694 3.317026 2.222060 6.233822 0
0.041606 1.713924 0.303523 1.760109 1
0.093150 5.307801 1.937340 5.114166 0
0.053009 0.328793 1.069590 2.529668 0
0.078637 3.832342 1.594833 6.112955 0
0.092193 5.371092 2.040646 2.032419 0
0.028499 4.390087 2.615769 2.367334 0
0.081166 1.287096 1.442893 5.883961 0
0.085602 1.503682 2.600623 5.691762 0
0.071561 5.978201 0.891821 2.386238 0
0.089231 5.436196 0.911517 0.485195 0
0.095788 2.849325 1.530446 3.367203 0
0.025183 6.231963 1.588425 5.738962 0
0.092015 1.477744 1.016562 5.830201 0
0.096638 1.063801 1.169466 3.723970 0
0.061168 4.655217 1.629129 0.671834 0
0.099006 2.876157 0.226739 3.093321 1
0.063970 1.249095 2.410129 1.290805 0
0.025298 0.413591 1.121112 6.167096 0
0.072063 4.790863 1.605665 3.661396 0
0.086853 0.164901 1.563023 3.776325 0
0.051131 4.605369 1.628681 1.227291 0
0.094988 5.237691 2.184666 1.736882 0
0.075796 1.992821 1.335345 3.485437 0
0.088030 2.489126 0.437258 1.156966 0
0.077133 5.775131 1.348110 4.140327 0
0.099245 4.223771 1.855585 3.168452 0
0.065934 0.992165 0.598837 1.187904 0
0.042913 3.663836 2.189725 2.799711 0
0.056221 2.004385 1.856502 1.372005 0
0.039066 2.695077 1.560385 4.568613 0
0.086377 5.517602 1.119296 3.273691 0
0.052375 2.066438 1.993603 5.461763 0
0.049802 0.595242 1.627266 1.463920 0
0.087577 1.059956 2.065226 1.267276 0
0.057149 5.179035 1.350527 3.209187 0
0.063827 1.136223 2.720619 4.545705 0
0.070700 3.752714 2.654432 4.099498 0
0.016186 2.743411 1.327550 4.852503 0
0.056105 4.155792 1.144664 3.701369 0
0.099514 6.273665 1.487415 1.497428 0
0.030532 6.198851 1.513391 5.404735 0
0.039405 1.310535 0.502808 3.027743 0
0.018124 2.844005 2.969780 2.766070 0
0.079591 5.962643 0.833093 0.837651 0
0.073909 0.663114 2.179182 3.596777 0
0.073632 1.038889 1.255066 5.384351 0
0.090926 4.009103 1.462660 5.133725 0
0.079784 5.682482 0.475119 4.585305 0
0.094391 3.309317 1.751710 0.290584 0
0.085748 4.095680 1.627082 4.826236 0
0.032324 3.272072 0.948018 4.636728 0
0.068538 2.337710 2.407664 0.100515 0
0.069108 4.128342 1.748617 0.124162 0
0.090686 5.863387 2.424036 4.078727 0
0.075581 2.027863 1.503159 1.305703 0
0.047659 3.277235 2.636575 0.742122 0
0.021973 3.314677 0.834863 4.923219 0
0.042355 4.351034 1.674329 1.783672 0
0.046180 4.775390 0.296642 4.291450 1
0.036344 5.611593 1.980138 3.830738 0
0.074173 1.806071 1.832663 2.340795 0
0.046971 3.180229 0.295685 4.975577 1
0.091044 3.065603 3.106765 0.352066 0
0.009744 5.889103 0.860961 0.363020 0
0.068178 2.126895 2.322196 4.047767 0
0.017605 2.469322 2.598674 1.534664 0
0.039119 5.968652 2.595402 1.791442 0
0.091818 3.934893 2.480946 2.470624 0
0.095588 3.293896 2.131193 0.844052 0
0.017432 4.947755 2.591442 5.399031 0
0.052475 5.817725 2.551036 1.789826 0
0.092909 0.562100 1.250626 2.061052 0
0.065419 1.155898 2.806857 2.883739 0
0.075959 5.657071 1.989330 4.586748 0
0.092211 3.961332 0.246556 4.356412 1
0.050668 5.717186 0.597247 1.070819 0
0.065891 5.355269 1.169646 2.918836 0
0.079986 1.451315 1.210725 5.750012 0
0.039611 1.502594 0.927302 0.126311 0
0.057324 3.409499 1.262180 4.753690 0
0.085241 2.012996 0.965591 1.907433 0
0.046982 5.772646 0.368585 0.446234 0
0.074109 0.306001 2.127900 5.063832 0
0.097909 5.346497 2.832862 2.467899 0
0.083859 1.766337 2.366921 2.155235 0
0.071562 1.138231 1.065940 4.203507 0
0.064831 2.878715 1.958673 4.705519 0
0.002829 0.233997 1.581756 4.570425 0
0.059801 4.530266 0.353884 3.633874 0
0.079985 0.405668 1.874167 1.187335 0
0.033655 2.599570 2.998701 0.451672 0
0.051445 6.102633 1.500066 6.081463 0
0.050238 2.023120 1.182969 4.803438 0
0.070933 3.575575 1.437401 5.802176 0
0.016502 0.770393 1.922719 0.176133 0
0.039982 1.117348 2.107000 3.251382 0
0.094807 4.941231 0.629444 3.384156 0
0.092249 4.682180 2.043338 6.058569 0
0.039866 4.539473 0.382522 2.661446 0
0.083291 3.146626 1.352009 5.944706 0
0.090708 4.413237 2.005609 2.047912 0
0.052102 0.905533 1.045766 1.876731 0
0.051646 5.791413 1.216902 2.680316 0
0.031554 0.516236 2.664031 6.273189 0
0.093198 0.250584 1.644893 4.521181 0
0.088604 1.662466 1.947265 5.931328 0
0.099351 4.523620 1.302763 4.277675 0
0.046985 4.769312 1.827491 0.273621 0
0.067930 2.120968 1.306704 4.604990 0
0.069403 3.888436 0.357415 4.702427 0
0.073525 2.251399 0.863212 4.022239 0
0.066369 0.748070 1.851609 1.941917 0
0.039867 1.103218 0.340068 5.931417 0
0.066345 4.476478 2.459141 2.684438 0
0.065758 1.605963 0.669889 4.103972 0
0.012106 4.618123 1.975157 2.991453 0
0.026937 0.415940 0.949639 3.482406 0
0.082769 1.511793 1.165069 1.417854 0
0.077391 3.001205 2.391514 0.247642 0
0.077247 3.169151 1.262914 4.747929 0
0.082460 2.369473 1.981595 0.754867 0
0.029928 3.692535 1.665704 3.279678 0
0.091830 4.118233 0.863592 5.390587 0
0.062485 5.478058 1.232465 2.909075 0
0.096853 3.412112 0.263331 3.915189 1
0.088525 2.009943 2.342783 2.403912 0
0.089306 4.489951 1.414173 2.477238 0
0.046796 4.841114 0.795177 5.648285 0
0.038419 5.338141 0.277244 1.490167 1
0.066127 3.559272 2.115645 1.762802 0
0.047108 5.870310 0.762653 3.847490 0
0.089786 2.969058 0.556104 4.675995 0
0.012488 0.581676 1.302238 5.021891 0
0.064224 1.357856 0.881112 1.319583 0
0.096473 3.794173 1.780904 0.940538 0
0.061184 4.738801 0.444763 3.279504 0
0.077704 0.425604 2.115580 0.258062 0
0.079637 3.256331 1.206022 5.379197 0
0.067272 2.891068 1.507700 1.625452 0
0.096575 3.416882 0.107875 5.958112 1
0.079774 2.326260 2.088681 0.306992 0
0.076573 5.839436 1.067581 3.248738 0
0.073023 5.423395 1.910797 5.702525 0
0.078572 4.494914 1.429394 1.389582 0
0.088494 1.185329 1.075220 2.622210 0
0.084078 3.668509 1.100587 1.001930 0
0.020974 4.661723 1.406378 6.136518 0
0.053456 2.645643 2.586478 5.793978 0
0.088955 4.225076 2.799334 2.372835 0
0.077577 1.444359 2.480631 0.848564 0
0.030502 3.527664 0.415973 4.463579 0
0.052615 2.966747 2.612210 0.376727 0
0.081291 1.217620 1.525372 2.310551 0
0.088185 4.717158 1.625219 5.162520 0
0.070192 5.939862 2.210048 4.891116 0
0.060533 4.544111 1.983591 0.991039 0
0.062901 4.219693 1.641610 6.267328 0
0.094945 2.702261 0.745216 6.248621 0
0.099575 1.100610 1.993030 1.686134 0
0.080457 3.998990 1.220292 1.936249 0
0.091118 5.061797 1.930288 3.819554 0
0.074590 1.276095 1.429409 0.308281 0
0.038530 1.431555 2.285005 3.235093 0
0.097522 3.318120 1.923269 2.178482 0
0.044686 1.306819 1.253904 0.635495 0
0.079879 2.995331 0.628827 3.955821 0
0.080740 5.029945 2.491272 1.880113 0
0.066106 1.421629 1.787269 1.679175 0
0.017852 1.779976 2.419312 3.696011 0
0.069742 1.914432 1.848976 3.988843 0
0.072975 2.920504 0.794629 3.038468 0
0.099645 5.166882 2.292423 1.210067 0
0.017413 1.096390 1.145556 4.199597 0
0.080698 2.446492 1.154857 1.904476 0
0.043579 1.231002 1.776925 3.939001 0
0.064975 1.317766 2.478871 2.852873 0
0.070215 4.833719 0.414232 6.153813 0
0.027203 4.269990 1.801341 3.810953 0
0.038000 4.800222 0.609802 0.862747 0
0.076571 5.783186 1.223664 3.874435 0
0.030809 3.918375 1.126353 4.688110 0
0.011402 3.663080 0.447540 1.274933 0
0.088256 4.093991 2.291145 1.263528 0
0.092807 4.548924 1.886296 2.226313 0
0.070235 4.382099 1.231819 3.564423 0
0.061402 5.956413 0.860122 3.276212 0
0.084378 1.658425 1.893858 1.874183 0
0.042938 6.211773 2.549621 1.754816 0
0.078247 1.256281 0.320262 3.928645 0
0.088484 0.469142 2.286767 3.530258 0
0.085220 4.134326 2.124580 3.691704 0
0.061805 2.627002 2.654641 5.499522 0
0.033990 1.731773 1.455685 3.094819 0
0.047288 3.872949 0.237038 5.878450 1
0.093827 4.226805 1.009528 0.406615 0
0.081324 0.934882 1.253504 1.719171 0
0.059054 2.321172 2.494360 0.827338 0
0.066640 4.568208 1.968244 1.070261 0
0.062053 2.868196 2.112715 4.819414 0
0.093519 4.396796 1.859405 6.221113 0
0.098762 0.533324 1.536143 1.250385 0
0.083742 3.120593 0.751272 3.654463 0
0.041155 2.315098 1.867826 5.219605 0
0.071920 6.222510 0.657833 5.441142 0
0.059981 0.020220 3.044800 5.050810 0
0.085456 4.342891 2.818939 0.724593 0
0.038429 4.599851 2.441391 0.139915 0
0.065716 3.296571 0.223074 2.558846 1
0.078073 3.110590 1.784945 1.952984 0
0.099585 4.654880 2.473340 1.012209 0
0.033062 3.385340 2.960503 3.936772 0
0.072742 0.604219 1.555879 5.585161 0
0.031525 3.080024 1.966584 5.212868 0
0.042590 4.190672 2.668037 2.067631 0
0.063171 5.198281 1.268915 5.220799 0
0.059329 2.285388 1.019652 6.041562 0
0.092671 5.305690 1.098135 5.343975 0
0.076503 1.035622 0.215995 4.364177 1
0.083882 0.021628 1.204965 1.462442 0
0.031561 5.112493 0.712579 1.250286 0
0.055125 5.117204 0.340121 3.049060 0
0.069383 6.117429 2.250668 5.532028 0
0.089496 1.041051 2.007253 0.961006 0
0.072761 5.966102 0.690366 2.439231 0
0.089105 2.430744 1.020982 2.382806 0
0.074276 1.573020 0.550298 1.604143 0
0.050378 2.481562 1.546919 2.220494 0
0.045676 3.831004 1.675773 3.220200 0
0.065127 3.650748 3.047402 5.689714 0
0.074475 5.102765 2.179728 2.234331 0
0.098885 3.125014 1.587905 3.187069 0
0.066850 3.914721 2.483086 1.513351 0
0.009956 0.843135 1.813353 3.528645 0
0.062012 4.359954 2.257275 4.010803 0
0.029810 1.916189 2.959591 1.869199 0
0.095640 3.418891 2.239547 2.129030 0
0.035379 5.075473 1.034197 4.271446 0
0.078735 0.190930 0.378697 3.755683 0
0.072646 3.417929 0.659900 6.123873 0
0.040869 0.002681 0.965512 1.111743 0
0.036690 5.250195 2.068127 3.261972 0
0.072767 3.489992 0.816187 3.885295 0
0.092759 0.937701 2.552981 4.870188 0
0.083269 4.560708 0.688689 5.143047 0
0.073051 2.251591 1.567522 0.964864 0
0.062349 3.353898 2.097396 5.758464 0
0.027887 5.380114 2.469090 1.538105 0
0.092558 0.670005 1.413623 6.228612 0
0.097068 1.007052 1.591744 2.963979 0
0.084601 4.196988 0.609720 3.620041 0
0.090400 0.037398 1.268748 3.208096 0
0.085546 2.923076 1.222019 1.667918 0
0.090751 5.199264 1.408120 1.334002 0
0.060106 1.070144 0.734154 2.758618 0
0.016307 0.125247 1.947320 5.549869 0
0.035576 0.663387 2.417660 0.432267 0
0.051561 2.419508 1.651944 6.167484 0
0.023032 3.962336 1.686520 5.467999 0
0.079786 5.711383 1.330168 2.314656 0
0.061173 4.460866 1.841794 1.242756 0
0.073311 0.332171 1.390021 5.646921 0
0.047242 3.386039 1.240383 1.569388 0
0.074756 0.135892 0.746794 4.306538 0
0.035666 0.048182 2.104132 2.469717 0
0.062669 1.851866 1.317400 2.801001 0
0.096196 5.858355 1.194052 3.530751 0
0.091727 4.378724 2.607342 1.354641 0
0.063786 3.544795 1.396695 5.933350 0
0.078552 5.174155 2.326931 5.279281 0
0.060199 1.136254 0.609384 5.788295 0
0.044996 1.401555 1.785733 2.071424 0
0.048035 2.267268 2.032518 3.917427 0
0.080968 0.611972 0.532662 3.650150 0
0.017258 2.421057 0.775247 5.473695 0
0.028674 0.459936 0.597983 3.073001 0
0.079836 3.142548 1.437210 1.598511 0
0.056890 1.737066 0.625397 4.310527 0
0.067624 1.160090 1.787032 4.145467 0
0.063851 1.344099 2.935792 4.011382 0
0.075813 4.474847 1.074489 1.447315 0
0.089977 2.080865 2.242823 5.273962 0
0.084647 5.995180 2.005438 5.018518 0
0.016542 5.009622 1.132509 4.176662 0
0.054540 4.531499 2.564944 3.902503 0
0.099884 0.086594 1.174818 2.858701 0
0.044544 5.745482 0.691165 3.808329 0
0.035825 0.654688 1.034555 4.417762 0
0.090354 3.182148 2.619770 3.933169 0
0.091522 4.679357 1.501462 3.481750 0
0.083601 1.105232 1.272093 4.563284 0
0.098651 4.025415 1.351043 1.700654 0
0.060156 1.948748 2.471140 2.259110 0
0.056915 1.249817 2.251127 3.282027 0
0.033665 5.838793 0.733150 1.518509 0
0.018295 2.343695 2.667208 5.339831 0
0.093780 5.518163 1.522465 4.505671 0
0.078929 5.913760 1.095587 2.022502 0
0.034221 3.921317 0.442511 0.567475 0
0.051455 2.759361 1.289052 3.937276 0
0.086563 1.588101 2.905977 0.460266 0
0.067206 5.031011 1.763190 3.550031 0
0.085439 4.549463 2.231112 4.796915 0
0.031158 4.721626 1.799409 6.135816 0
0.079354 0.560189 1.968487 1.587753 0
0.017424 6.062537 1.720535 0.926569 0
0.076745 3.912856 1.018750 5.364216 0
0.024883 3.762174 1.531543 5.097140 0
0.092278 2.931508 2.448036 1.905007 0
0.051699 3.016514 2.398519 6.265952 0
0.045184 4.240393 2.119310 1.892765 0
0.065295 2.350056 1.110266 0.352251 0
0.068057 6.103698 1.178320 3.101008 0
0.096763 5.550260 1.856693 3.300534 0
0.071141 5.521622 1.326448 3.568962 0
0.069106 5.399872 1.326891 2.067700 0
0.057095 1.657138 1.838536 3.727528 0
0.086246 3.144560 1.752823 5.956445 0
0.041875 2.206791 1.045443 3.780600 0
0.085161 3.311420 1.891809 1.183907 0
0.070602 6.072855 1.943281 2.731797 0
0.092189 2.029307 2.739261 2.236675 0
0.044919 2.130710 2.582981 4.268354 0
0.044557 1.905369 0.183717 3.295592 1
0.075299 4.025575 0.700575 1.952975 0
0.037572 4.450230 1.067457 1.988716 0
0.024392 3.192258 2.561534 4.930683 0
0.018733 3.618982 2.812495 3.352425 0
0.073655 4.116319 2.783788 2.465397 0
0.098899 5.833367 2.090607 1.130185 0
0.051723 4.224524 2.372308 2.928289 0
0.098773 5.451407 2.946982 3.409215 0
0.071296 0.680631 2.355815 4.080746 0
0.090366 0.705239 2.770606 5.504696 0
0.078760 5.555593 1.898304 4.117989 0
0.067836 3.983598 0.899383 0.016857 0
0.053772 0.988265 1.359350 1.679173 0
0.029274 0.901141 1.464844 2.219339 0
0.090320 1.924711 2.263397 4.972373 0
0.041707 5.088324 1.232312 4.286729 0
0.095821 1.177408 1.227546 4.616629 0
0.054739 1.870567 1.794372 5.780143 0
0.042651 1.707148 1.722046 4.034366 0
0.095169 4.802176 1.864547 1.224292 0
0.095999 0.250291 1.494925 0.045702 0
0.042808 5.712822 1.288028 6.277097 0
0.046427 1.129483 2.190529 2.447280 0
0.099478 0.781503 0.542350 5.703576 0
0.055836 2.535114 1.859827 3.841557 0
0.083737 1.591975 1.633520 5.548657 0
0.072462 0.670277 1.621188 2.706683 0
0.093326 1.067874 1.824787 4.979709 0
0.045803 0.551255 2.213845 2.469597 0
0.099848 1.007266 1.353244 1.335239 0
0.058316 1.146609 1.776252 2.071371 0
0.055396 4.233344 1.017896 3.887022 0
0.027791 5.528783 1.000458 4.890954 0
0.036511 4.783909 1.899727 4.136694 0
0.093170 1.173078 0.606435 4.643454 0
0.059721 4.491167 1.633986 3.559117 0
0.089584 2.082203 2.736331 5.023313 0
0.070122 2.209038 0.219485 5.226219 1
0.073080 3.857887 0.826975 5.283758 0
0.053643 2.506167 1.489858 2.293319 0
0.052802 4.332989 0.776779 2.589336 0
0.067156 5.057514 0.537409 2.004713 0
0.099581 1.003037 0.486825 2.188358 0
0.093511 3.704959 2.548969 4.253441 0
0.095972 5.493005 1.523661 2.593446 0
0.047520 3.068936 1.034538 4.774504 0
0.032006 2.550885 1.773833 2.451684 0
0.089714 0.379486 2.106425 0.525631 0
0.086603 5.646091 1.562321 1.263002 0
0.083877 3.557813 1.610953 4.367827 0
0.085199 3.632696 0.419969 3.771869 0
0.040966 6.020475 1.109103 0.558446 0
0.091237 4.735694 1.574075 0.365967 0
0.049208 4.688371 2.260441 2.165083 0
0.039008 2.632363 2.059592 6.013122 0
0.069235 3.078586 0.406146 1.441139 0
0.062336 3.370536 1.431097 0.578727 0
0.032044 5.971856 2.182834 5.206014 0
0.072706 5.219553 1.428061 4.375836 0
0.088820 4.436823 2.178070 3.903953 0
0.067812 1.802988 1.938162 4.410776 0
0.018202 3.127206 0.435074 1.164245 0
0.095743 4.909441 0.773638 2.488232 0
0.052090 1.149750 1.824259 4.146333 0
0.084819 0.350327 2.099059 5.165449 0
0.007878 3.388428 1.876893 3.360363 0
0.060828 0.499790 1.003337 0.998454 0
0.088639 0.104110 2.165767 1.542758 0
0.055093 2.889141 2.679381 2.115272 0
0.097854 6.246207 1.614713 5.492730 0
0.088061 4.173698 1.093273 0.294120 0
0.092046 5.627148 1.997025 3.560548 0
0.097537 2.882328 1.346491 6.016471 0
0.099901 0.247904 1.555535 2.312366 0
0.034496 4.546663 1.624689 5.684305 0
0.086034 1.930041 0.796023 0.274685 0
0.087578 0.614226 1.329200 4.552344 0
0.030310 5.669472 1.769548 5.449712 0
0.075272 5.459665 2.546896 2.600248 0
0.087437 3.901099 2.861545 4.497916 0
0.028216 2.320423 1.924989 0.487812 0
0.063934 1.041666 1.461906 3.316019 0
0.094309 6.110998 1.435274 3.955915 0
0.052893 3.661017 1.924785 0.293851 0
0.082488 0.337371 2.144316 4.852492 0
0.097776 2.324898 1.853854 3.283643 0
0.048883 3.479665 2.631912 0.021819 0
0.041795 5.761501 2.024921 1.597820 0
0.053505 2.467751 1.227999 4.367065 0
0.074736 4.885811 0.983156 2.814560 0
0.086614 4.117038 0.564435 0.188293 0
0.048777 4.717890 0.561366 5.770113 0
0.089698 5.328339 1.961977 4.778918 0
0.046696 2.075253 1.122304 2.871429 0
0.094026 1.380080 1.491663 0.369311 0
0.036962 1.129797 1.187648 2.657135 0
0.075668 4.052764 0.701108 0.823780 0
0.065009 2.140912 1.729582 1.085829 0
0.099799 4.125630 0.934234 1.469635 0
0.063835 1.756266 0.801658 1.332409 0
0.035714 5.295983 2.809297 2.171472 0
0.041614 1.607517 2.220820 0.359784 0
0.068956 1.652963 0.695206 3.845994 0
0.066550 2.696226 0.376411 0.097122 0
0.027228 0.960957 0.785736 3.121195 0
0.070262 4.559242 1.916796 3.076635 0
0.061826 5.481145 2.034342 4.962020 0
0.038970 5.502833 0.084632 1.755646 1
0.084775 6.122572 1.823519 5.603682 0
0.047988 2.686834 2.686522 4.434501 0
0.083108 0.409375 1.197983 0.839372 0
0.070304 2.217253 0.792728 3.571406 0
0.071122 1.857396 0.516244 6.280079 0
0.014574 4.616438 1.549129 2.535139 0
0.077915 1.336613 0.910210 4.768623 0
0.029754 1.225218 0.394314 5.071892 0
0.041163 4.168203 1.980285 2.511508 0
0.030168 4.072669 0.661590 4.911649 0
0.084459 2.660134 2.550993 1.304459 0
0.088106 0.404330 2.155600 1.772411 0
0.059997 5.285280 1.118744 2.395179 0
0.075889 4.842834 2.176534 1.149744 0
0.099171 6.144292 2.654880 0.452523 0
0.041581 6.159452 2.431767 2.150930 0
0.080231 3.633618 2.076131 4.616322 0
0.047591 5.325262 1.603650 5.905145 0
0.052050 2.712621 0.788216 0.296412 0
0.070433 5.802284 1.222313 5.378677 0
0.087444 3.838129 1.017488 2.139725 0
0.061775 0.137803 1.617884 2.294040 0
0.099991 2.924652 1.444721 1.085234 0
0.066767 1.987792 1.600904 0.562204 0
0.094587 1.615417 2.276246 0.761326 0
0.032349 2.140126 0.499137 2.359704 0
0.087883 1.309706 1.415642 1.686512 0
0.036319 4.724939 0.721099 5.633182 0
0.060237 2.272674 1.017133 4.677660 0
0.061939 4.779192 0.674789 2.409386 0
0.047550 3.435078 1.683406 4.221578 0
0.092902 0.447599 2.120841 4.761095 0
0.057301 3.679122 2.430794 2.720508 0
0.096237 5.905708 2.235825 4.388810 0
0.038519 1.453142 2.775785 1.761032 0
0.099160 0.574140 0.868007 2.174778 0
0.067312 2.600751 0.611476 5.257291 0
0.041780 1.257767 0.976868 2.517417 0
0.086423 4.878111 0.545416 3.832529 0
0.092066 5.239591 1.303044 1.105540 0
0.064766 1.549675 1.790427 2.171591 0
0.043193 2.623074 0.423248 2.104425 0
0.080545 0.069352 1.803299 3.971112 0
0.032002 4.976486 2.844861 3.490307 0
0.045382 0.431956 1.353538 2.390810 0
0.051858 3.847904 2.168006 0.099382 0
0.062353 5.364036 1.825095 1.485354 0
0.082923 6.242350 1.394593 0.672785 0
0.049004 0.133756 1.476047 2.681036 0
0.066239 3.121591 2.121468 0.549862 0
0.071264 2.367732 2.025360 3.834435 0
0.041094 4.383677 0.838657 2.355085 0
0.087546 3.505969 2.106755 0.222171 0
0.041280 3.370937 0.456397 3.513518 0
0.062467 4.253465 2.203330 0.489044 0
0.081882 1.306580 0.889013 5.721469 0
0.047879 4.006204 1.239362 4.197167 0
0.036664 0.621596 2.107174 4.035552 0
0.068976 2.984816 1.053071 4.050362 0
0.041561 2.628359 0.279901 5.900942 1
0.098808 4.868157 2.820996 0.921831 0
0.055794 0.161482 1.995242 4.407696 0
0.083825 3.151035 2.163590 2.344392 0
0.084229 6.058568 1.123470 5.897951 0
0.077580 3.901996 1.785825 4.626196 0
0.084850 2.275775 1.325463 1.229736 0
0.091501 3.965365 2.319524 0.062715 0
0.022231 5.402359 2.686660 0.161682 0
0.079662 5.803584 0.856472 5.943239 0
0.097436 5.518862 1.870048 4.096827 0
0.061633 2.681304 0.318531 0.561141 1
0.062529 1.940709 0.336224 6.238273 0
0.096431 3.987839 2.046842 4.083113 0
0.099844 0.676660 2.333851 5.241020 0
0.085954 4.309760 2.329844 4.952564 0
0.073874 4.984206 2.249668 1.133079 0
0.084672 6.197759 0.726449 4.186485 0
0.092992 4.860883 1.198946 1.536961 0
0.044763 2.158160 1.232211 3.715688 0
0.080769 2.274008 1.740047 3.658390 0
0.099830 1.968873 1.005338 6.242276 0
0.064888 0.487980 2.285305 1.004373 0
0.087383 4.220660 2.681817 1.943488 0
0.068191 4.787997 1.550097 1.143099 0
0.086512 3.869701 2.341248 3.852820 0
0.062411 1.046525 2.368309 3.706401 0
0.071417 1.204698 0.879579 1.020370 0
0.074408 4.809679 2.082078 3.457369 0
0.028078 6.137077 1.658401 3.140901 0
0.023326 2.333384 1.895979 5.139611 0
0.020763 3.819026 0.729693 3.192538 0
0.060815 3.876482 1.960675 0.743223 0
0.048254 3.382036 2.052135 3.910398 0
0.083954 3.702640 0.957584 1.350062 0
0.088376 2.472517 1.322794 2.102860 0
0.039874 0.766007 2.449443 1.494378 0
0.031410 2.693502 2.066277 0.961770 0
0.089446 2.497367 2.799724 5.297744 0
0.007270 0.618110 1.268766 2.357046 0
0.084578 0.259549 1.557642 5.957591 0
0.076130 1.413128 1.712347 1.786961 0
0.090233 4.918417 1.569342 3.739921 0
0.041989 5.507455 2.605703 2.106759 0
0.099923 5.119823 1.717601 0.610175 0
0.049349 1.953230 1.047619 0.273840 0
0.084163 1.390140 2.455126 4.483806 0
0.056535 1.495496 0.605022 0.219658 0
0.052851 3.657936 2.881164 5.396630 0
0.089838 3.478868 0.776470 3.903646 0
0.058006 4.037429 0.967965 3.221847 0
0.072050 0.919977 2.340814 3.251976 0
0.098044 2.646558 1.802217 1.286755 0
0.085562 5.434095 1.043444 2.767200 0
0.029345 0.848995 0.806633 2.549300 0
0.061085 1.525487 1.451903 4.099536 0
0.090828 2.663023 1.593522 3.971301 0
0.098869 4.113387 1.054887 1.972804 0
0.054520 2.952144 2.283007 5.129331 0
0.078503 4.240072 1.232217 3.628737 0
0.030991 5.960271 2.170805 5.203233 0
0.090193 0.192903 1.089496 5.652230 0
0.040721 2.655068 1.170847 3.386389 0
0.081569 4.687303 0.905673 3.080792 0
0.041212 4.415720 0.714762 0.925846 0
0.059787 2.360670 1.493388 4.113553 0
0.091954 1.810116 1.512865 2.901751 0
0.098128 5.057819 0.399434 0.370447 0
0.086809 5.162795 2.456179 3.562900 0
0.092325 0.977742 1.504014 0.114411 0
0.076038 4.850289 1.685386 1.530180 0
0.071969 4.703539 2.057504 4.321547 0
0.067184 5.379880 2.305405 5.081996 0
0.048161 1.862857 1.497765 0.486994 0
0.076457 5.872062 1.649549 3.439975 0
0.085997 3.636047 1.785333 3.098415 0
0.063276 3.100916 0.495696 1.588171 0
0.080569 3.310074 1.094995 1.428283 0
0.054659 5.203382 1.512471 5.131584 0
0.075943 1.286249 1.579821 0.176625 0
0.024688 2.134153 2.310232 1.840309 0
0.079759 1.887798 1.308606 1.386798 0
0.048479 5.716047 2.136974 6.123370 0
0.069888 2.354011 1.506137 5.584566 0
0.093176 3.316729 0.771527 3.250400 0
0.023386 2.592133 2.082050 2.220794 0
0.049061 1.353960 0.850423 5.136065 0
0.064823 4.239138 2.333781 3.023153 0
0.011975 4.288125 2.150873 4.087117 0
0.099143 0.907580 2.407444 1.369413 0
0.023277 4.017503 0.908444 3.409350 0
0.011857 4.148197 1.433215 5.543256 0
0.043368 3.600281 1.368527 1.525358 0
0.099275 0.905968 1.764442 1.421558 0
0.059973 4.815345 0.421091 4.900137 0
0.066413 5.587128 1.072490 2.861404 0
0.075611 0.220382 0.662890 3.484806 0
0.042370 6.139251 2.147359 1.468403 0
0.078517 6.063817 2.156321 3.961897 0
0.079075 1.305297 1.596383 5.110570 0
0.088360 5.732438 0.478431 4.814807 0
0.023777 4.098896 2.968731 2.615148 0
0.064711 0.227618 0.917496 5.402354 0
0.096200 2.872204 1.192256 3.123629 0
0.070157 2.645908 0.459059 4.220548 0
0.063103 5.179469 2.516398 0.092357 0
0.088850 4.283518 1.865555 2.605744 0
0.094313 0.993037 0.995813 4.211208 0
0.026532 1.785872 1.443523 0.797510 0
0.096778 2.696009 1.657186 2.232638 0
0.068214 4.644757 0.964647 2.455188 0
0.044313 3.332379 2.458766 4.326363 0
0.097544 5.904066 1.287592 2.197075 0
0.087407 1.669490 1.296104 3.477265 0
0.097337 0.060500 2.782688 5.258638 0
0.040948 1.232953 1.585142 1.495826 0
0.069315 5.929489 1.297394 2.620407 0
0.061057 5.705994 2.146914 5.265939 0
0.080460 6.204852 0.997637 5.301342 0
0.071965 0.733573 1.635435 2.949147 0
0.023751 5.608244 2.262816 5.154804 0
0.039785 1.152469 1.315712 0.664372 0
0.043937 2.148707 2.658048 2.266507 0
0.073363 2.826484 1.769693 0.117299 0
0.062734 6.055669 1.441879 4.815100 0
0.093377 1.307567 1.781241 3.262857 0
0.044231 5.235796 1.293319 4.483279 0
0.097471 5.625533 0.883842 0.040636 0
0.088764 0.012278 2.283339 5.945141 0
0.043055 1.261138 0.459833 2.377717 0
0.073668 6.249338 2.069517 0.508320 0
0.066668 2.123371 0.642068 5.265425 0
0.054930 3.363326 1.781073 1.091146 0
0.086220 1.312009 1.967004 5.900126 0
0.020522 0.351832 1.880882 6.233987 0
0.097536 5.249460 3.067747 4.644772 0
0.091511 5.186878 1.950746 0.143300 0
0.016197 4.633056 1.371953 3.574677 0
0.085556 0.882055 1.875131 1.108660 0
0.069161 4.708617 0.241142 4.901280 1
0.053356 3.888239 2.707968 0.176466 0
0.090975 4.063245 2.776916 5.464867 0
0.083826 3.893626 2.380178 4.109258 0
0.067466 5.407106 1.355634 1.838454 0
0.082830 0.494387 1.192661 4.475630 0
0.090336 4.502771 1.117971 3.443466 0
0.092575 5.850118 2.036427 2.107066 0
0.082491 4.643026 0.693249 6.064308 0
0.059816 0.434403 2.977090 1.165142 0
0.084606 6.034180 0.474322 2.629540 0
0.076162 5.762492 0.545296 0.221336 0
0.088187 2.926457 1.219251 2.914026 0
0.073786 4.041543 0.866104 2.265102 0
0.059989 2.873592 2.527148 1.362769 0
0.062323 3.977509 1.675470 0.432890 0
0.060992 4.194997 0.371241 4.585429 0
0.085837 0.171600 2.550736 2.843862 0
0.099382 6.097395 2.407200 3.567215 0
0.094210 5.929015 1.778213 4.179928 0
0.063984 5.848340 0.734861 5.993131 0
0.075764 1.917240 1.190363 5.867826 0
0.087320 1.400430 0.797595 0.948172 0
0.092516 4.417245 0.975934 1.432103 0
0.060884 1.595074 2.727396 0.675270 0
0.053026 5.484918 1.691262 1.689269 0
0.091836 2.709350 2.309312 4.592643 0
0.061224 2.761850 1.361672 4.927467 0
0.060857 3.300155 2.067050 5.933702 0
0.091125 0.329275 2.428807 3.725041 0
0.052468 0.182567 2.080055 0.824458 0
0.085562 6.054275 1.285216 0.645683 0
0.046630 1.990908 0.952648 3.132838 0
0.043568 4.840086 2.135215 0.208583 0
0.044892 3.795407 2.127367 3.621430 0
0.020885 1.007426 1.288250 2.601076 0
0.082799 0.619939 1.283567 3.241790 0
0.038868 1.486750 0.672304 2.678918 0
0.051544 5.356859 1.686212 6.269130 0
0.090340 5.759937 0.645255 0.210927 0
0.048331 1.952582 1.635194 2.660300 0
0.028476 1.882688 1.483881 1.775733 0
0.095063 1.386923 2.371678 5.952166 0
0.061731 1.379689 1.289690 0.418745 0
0.056414 4.521650 1.736741 2.948842 0
0.097789 4.344181 2.483846 1.394532 0
0.073754 2.847951 0.975710 2.262618 0
0.060827 2.012105 1.356514 3.792362 0
0.079435 5.817310 0.329965 4.474170 0
0.047486 3.038359 2.995901 0.811722 0
0.083923 5.363880 0.560503 0.536446 0
0.027069 2.750760 0.801050 2.460012 0
0.039679 4.615726 2.377039 0.714439 0
0.065270 4.753429 1.235876 6.094576 0
0.045804 3.489448 1.224068 3.642898 0
0.093573 4.547553 0.885008 3.183055 0
0.080599 1.321552 0.973233 5.498490 0
0.083301 1.340757 0.131263 2.502008 1
0.025899 0.507729 1.537960 0.881836 0
0.072014 3.993645 1.634583 4.247712 0
0.060846 2.467517 2.188913 5.002907 0
0.038633 0.787936 2.132275 2.255955 0
0.082509 0.605121 2.641761 3.495753 0
0.090558 0.767742 0.507280 2.951166 0
0.057665 1.769663 1.255192 0.166020 0
0.070359 2.193496 1.419479 3.531872 0
0.065568 5.706482 1.987695 5.959713 0
0.073744 1.472370 1.822572 5.743127 0
0.079187 2.603206 2.004868 4.877647 0
0.073465 2.993960 0.753492 1.385342 0
0.075684 0.466085 2.157598 2.468569 0
0.044314 5.276717 2.382056 3.323121 0
0.034852 1.303020 1.681652 3.873615 0
0.074598 6.157170 0.872700 6.197742 0
0.094242 5.536009 2.625670 2.714223 0
0.033973 3.515325 1.257767 4.665081 0
0.098681 0.353828 1.608350 3.226488 0
0.072994 4.109960 2.057812 0.663684 0
0.085341 3.209739 1.567824 5.809872 0
0.059217 2.268803 1.477784 2.966465 0
0.075397 0.055764 0.604591 0.785155 0
0.099439 1.679196 0.680473 5.510216 0
0.038514 0.290795 1.178751 1.657212 0
0.077831 4.115419 0.157951 3.641466 1
0.084339 3.298650 0.620027 1.533850 0
0.042322 5.196598 1.265576 5.701470 0
0.058130 5.329787 2.297184 4.326422 0
0.045755 1.794778 0.824939 4.887229 0
0.054270 1.566597 2.507443 1.780291 0
0.071874 0.088909 0.823907 4.177811 0
0.024583 2.948576 2.600887 4.185824 0
0.035252 5.874132 1.037359 5.250057 0
0.067815 2.128873 0.572378 4.015022 0
0.040729 2.698256 1.663785 3.165437 0
0.052698 2.378276 0.908071 3.060263 0
0.081496 2.218376 1.081240 6.023597 0
0.077614 1.053505 1.028686 0.747580 0
0.042640 2.528026 2.174628 1.522117 0
0.093361 4.477230 2.526802 6.257412 0
0.080466 0.968861 2.295537 0.674588 0
0.070215 5.725006 2.086042 4.140019 0
0.058361 1.839730 0.830372 3.884935 0
0.081934 2.230944 0.661169 2.107876 0
0.084151 2.326319 1.146509 1.951107 0
0.073343 3.368991 1.429344 4.522237 0
0.096878 1.340894 2.749151 5.090433 0
0.096228 5.469111 2.229549 3.603115 0
0.015696 4.005758 1.940817 3.252520 0
0.074074 2.684126 0.867308 5.587656 0
0.084852 2.131624 1.586016 2.458677 0
0.083326 3.851418 2.041573 2.528702 0
0.099157 0.131655 2.010828 3.274376 0
0.074642 0.895312 1.025980 3.114478 0
0.059658 1.274597 1.172015 1.771144 0
0.027073 0.703200 2.361260 0.615310 0
0.086571 3.368775 1.804075 1.873352 0
0.098150 4.977183 0.895553 4.293572 0
0.036249 4.367227 0.553496 5.188190 0
0.055501 5.035617 0.996032 1.830012 0
0.090686 5.913516 2.245642 2.384734 0
0.028924 0.334630 2.419544 2.761849 0
0.050608 1.137752 2.029623 2.069751 0
0.054129 3.624066 1.424961 0.266725 0
0.033607 0.269705 1.246341 0.479372 0
0.091382 3.317900 2.116799 6.072511 0
0.047236 5.242009 2.194927 3.337402 0
0.079733 0.128037 2.271609 2.878528 0
0.098058 3.988616 2.312233 0.284011 0
0.082950 4.479288 1.540319 5.932475 0
0.094550 1.295667 1.100879 1.174806 0
0.088487 4.404101 0.998997 5.629389 0
0.086247 3.581609 2.806802 3.637510 0
0.031319 4.598521 1.661717 2.018266 0
0.075244 2.121165 2.352884 1.268600 0
0.059831 4.239896 1.896602 2.007570 0
0.055642 3.127205 1.296814 6.268573 0
0.045892 5.337440 2.654536 0.657161 0
0.023599 1.353718 1.140801 5.269654 0
0.095728 3.273499 2.059264 4.148440 0
0.030170 4.441434 1.022007 1.188246 0
0.066238 4.929600 1.591462 0.030928 0
0.034952 2.278994 0.944254 3.016782 0
0.019368 5.446657 2.213424 2.181031 0
0.060380 1.032748 1.255175 3.613983 0
0.011767 1.801097 1.938579 0.436924 0
0.070859 6.103112 2.526050 2.629448 0
0.070167 4.039251 0.568831 3.665348 0
0.059139 1.997468 2.147122 4.954269 0
0.032012 1.776921 2.197944 1.411463 0
0.080344 0.001540 1.992762 4.291620 0
0.093119 3.169413 0.349070 1.455687 1
0.081780 2.355885 2.231568 4.289163 0
0.081339 3.057630 2.099437 1.028611 0
0.067674 4.149481 1.735942 5.970982 0
0.055071 4.152762 1.638187 4.103047 0
0.098936 1.923555 1.453561 0.510928 0
0.076743 1.476142 1.172245 1.473206 0
0.048495 0.067452 2.558931 0.642693 0
0.071775 5.954292 1.232305 1.155840 0
0.056798 0.884866 2.393810 6.183974 0
0.079213 3.887905 0.789553 0.536867 0
0.052838 4.587459 0.380477 3.659748 0
0.062534 3.577809 1.013344 2.324081 0
0.093572 4.253740 1.473052 2.918654 0
0.095495 4.757400 1.980102 0.924379 0
0.087630 3.873501 1.045828 1.778531 0
0.075109 3.665453 1.504788 5.571599 0
0.085100 2.096188 2.406718 2.209629 0
0.097591 0.118602 1.444699 1.455108 0
0.086544 2.971159 2.249917 0.879911 0
0.020567 0.311280 1.590660 5.767146 0
0.085238 6.039000 1.333347 4.011717 0
0.084753 0.511290 2.178773 3.054880 0
0.083538 0.219982 2.139479 1.646213 0
0.078638 1.484596 0.791894 2.152568 0
0.075492 0.123830 1.969833 3.281691 0
0.019643 0.825508 2.103391 4.948492 0
0.077734 3.568470 2.596807 4.062449 0
0.078580 2.749209 1.700013 2.161585 0
0.063142 5.949024 2.876327 0.735052 0
0.016790 4.826211 1.778663 4.561919 0
0.089617 2.340158 2.922569 2.648443 0
0.078021 0.859575 2.127287 1.122353 0
0.039562 2.880023 1.984333 1.225836 0
0.076795 2.857658 2.877576 1.219012 0
0.015083 5.719545 2.320117 4.022692 0
0.058978 2.544685 2.889997 4.690592 0
0.059314 6.074393 2.384791 2.387652 0
0.085725 2.932391 0.663433 3.380427 0
0.091605 0.591334 2.736457 2.814117 0
0.048054 4.546696 1.826594 2.434312 0
0.042661 2.057329 1.736617 4.849065 0
0.088445 3.551291 2.769391 5.057929 0
0.068956 5.066353 1.461028 5.173220 0
0.045971 2.698528 1.711004 3.538377 0
0.062949 2.723085 2.660120 0.823969 0
0.094873 0.309231 1.915907 4.644839 0
0.037859 3.950081 0.894716 2.351473 0
0.059355 5.112241 2.121589 3.357126 0
0.037560 2.162748 1.172457 5.801371 0
0.095363 1.707898 2.044992 2.418505 0
0.027956 1.090367 0.947790 1.818920 0
0.077654 4.889165 2.353615 6.278631 0
0.045992 5.000141 0.738956 0.701354 0
0.091925 5.023811 2.348642 6.209937 0
0.065440 0.238778 1.292395 4.904299 0
0.092284 0.780824 1.191457 6.237403 0
0.068446 3.901245 2.553609 2.374426 0
0.094484 4.048519 2.124260 6.100209 0
0.090437 6.101470 1.070982 2.644595 0
0.086557 0.710055 1.410461 6.036513 0
0.095331 3.459456 0.544724 4.736384 0
0.059174 5.800875 2.076385 4.890789 0
0.098043 0.658175 1.688944 5.107487 0
0.047856 5.490142 2.228360 4.382572 0
0.070334 4.534108 0.556364 2.434160 0
0.060495 5.266743 1.283432 1.155143 0
0.089962 3.887127 1.781854 3.509291 0
0.085537 0.156593 1.609330 4.024194 0
0.075863 3.717302 1.357767 5.816130 0
0.071754 0.857343 1.991188 2.991459 0
0.049112 1.652450 1.135118 2.954516 0
0.036984 0.594280 0.843928 3.967608 0
0.090344 1.527715 0.275629 1.144645 1
0.028526 2.369766 1.299527 5.596300 0
0.099791 6.099526 1.469020 4.570890 0
0.099784 6.085025 1.303526 3.588982 0
0.074839 4.789291 1.564537 0.470948 0
0.094799 1.262475 1.673093 0.878966 0
0.068112 5.278167 1.792852 3.774332 0
0.096676 4.887385 1.005502 4.717651 0
0.014490 1.577337 2.617997 0.643187 0
0.079259 1.878899 2.974608 3.920811 0
0.051943 2.778708 1.269239 1.668173 0
0.064086 4.520415 2.309601 6.099690 0
0.069404 2.095897 0.431113 2.389970 0
0.073110 3.749859 1.611342 6.273297 0
0.066095 0.819233 1.770378 2.334103 0
0.095301 5.223198 0.714597 5.838532 0
0.028695 0.347679 0.357414 4.464453 0
0.059529 0.154836 1.233552 3.921817 0
0.068329 4.310594 2.464422 5.514092 0
0.063679 4.563959 2.341697 5.574344 0
0.024484 5.618048 1.087297 3.735042 0
0.070068 4.950063 1.757635 5.829563 0
0.095823 1.206413 1.157725 5.192728 0
0.015266 2.649048 2.107562 0.663776 0
0.069061 4.946609 2.255400 5.223304 0
0.090107 0.947121 1.481661 1.751804 0
0.091476 2.168739 0.813178 1.522352 0
0.026747 0.030122 0.736161 0.826183 0
0.094812 2.494638 2.039671 2.449707 0
0.042995 2.003194 1.197565 0.647627 0
0.071472 3.876565 2.604193 3.356032 0
0.019643 4.305245 1.854116 3.239154 0
0.068737 2.864850 1.259476 1.786929 0
0.077891 5.041209 1.697549 2.786500 0
0.038406 4.521444 1.951474 1.376275 0
0.085112 5.122362 1.267219 3.916552 0
0.046074 0.480498 0.230480 2.495330 1
0.062872 2.079158 1.571231 5.693298 0
0.097359 2.700127 1.451001 6.198150 0
0.033903 0.502767 1.574784 3.690855 0
0.073210 5.333392 2.409284 0.896403 0
0.080695 2.733333 1.743965 5.018178 0
0.039323 1.708569 0.266941 5.523158 1
0.029526 2.313727 1.575549 1.881560 0
0.066687 3.239598 1.974914 5.277917 0
0.092006 1.236662 2.085465 4.991293 0
0.079156 1.170989 2.167248 4.658975 0
0.051613 1.777191 1.221575 5.041372 0
0.036288 1.261245 2.668257 4.918813 0
0.079734 3.337493 1.734570 4.966169 0
0.089616 3.765074 1.916497 5.593808 0
0.098360 1.079480 0.901395 2.589840 0
0.082910 5.569074 1.052253 3.354648 0
0.028839 6.272601 1.220257 4.459340 0
0.042975 0.685828 1.473091 2.834160 0
0.062610 4.901775 1.055101 3.290417 0
0.099039 1.246937 1.173506 3.874412 0
0.085419 5.579851 1.383752 3.347306 0
0.069806 0.480352 1.416226 2.857354 0
0.049825 3.850111 2.394836 5.878910 0
0.070648 0.748580 1.509892 3.658550 0
0.034272 5.013129 1.141759 1.898399 0
0.095237 4.669834 2.101825 1.878791 0
0.072344 0.041720 2.272356 3.168259 0
0.045288 0.812068 0.710175 5.873086 0
0.013155 3.316882 1.505692 3.170473 0
0.077740 5.595135 2.735615 5.357066 0
0.070941 5.191835 2.185262 0.014876 0
0.097234 1.619978 1.740903 0.395225 0
0.023599 5.508130 1.297490 6.048879 0
0.078732 0.742998 1.074076 0.900018 0
0.035340 0.530507 1.870223 2.073375 0
0.046225 4.827763 1.080868 1.451309 0
0.054430 4.600483 2.061400 5.658694 0
0.078910 4.366423 2.101830 0.791309 0
0.072197 3.402180 0.732682 2.932303 0
0.089404 4.479610 1.630016 5.372079 0
0.076785 5.621152 2.259328 1.316149 0
0.011352 0.499072 1.271788 0.865683 0
0.040480 0.001257 1.506283 2.372154 0
0.087668 4.602334 1.789584 0.407295 0
0.068167 2.162058 2.767567 0.548880 0
0.019759 4.515377 0.960141 3.520368 0
0.051002 2.146373 0.329973 0.373344 0
0.023358 3.497014 2.547801 4.047353 0
0.067172 4.600011 2.356405 2.915945 0
0.090086 1.296483 1.775962 6.128661 0
0.045447 0.437501 1.272276 6.126761 0
0.089561 6.041093 0.402344 1.676281 0
0.055279 0.033673 1.274783 2.165261 0
0.085088 3.565349 2.514594 6.183421 0
0.095344 5.855116 0.420422 6.054521 0
0.069888 6.019003 1.788027 5.903925 0
0.083070 2.899005 1.377038 3.151726 0
0.081715 0.035127 1.524819 5.493228 0
0.027426 5.214832 2.344455 5.512463 0
0.088963 5.587673 0.778807 0.609519 0
0.094587 3.130719 1.453770 3.887210 0
0.025634 2.177225 1.777854 6.124606 0
0.052762 4.061026 2.639831 4.818100 0
0.077736 3.431445 1.996461 1.849487 0
0.008673 0.692339 2.204254 4.242753 0
0.034026 1.715229 1.670018 1.200094 0
0.032086 2.506414 0.528971 5.619615 0
0.053686 1.334930 2.955826 1.149063 0
0.084305 2.720730 2.218173 4.878533 0
0.088291 2.540534 2.097178 0.363926 0
0.022510 4.332710 2.277710 4.115219 0
0.048549 3.337680 2.687421 1.528234 0
0.080087 4.682733 2.562505 4.757484 0
0.013516 2.940598 2.682277 0.761653 0
0.093108 0.103764 0.250537 0.974730 1
0.047851 0.044031 1.240867 5.904343 0
0.066334 0.876880 2.017834 1.379531 0
0.073749 2.936459 1.109577 3.735789 0
0.039614 0.642297 1.046104 2.466953 0
0.079588 1.249343 1.845963 1.726810 0
0.097166 3.482990 0.359749 6.046854 0
0.014949 6.158687 0.586677 5.587416 0
0.099835 0.623404 0.424598 1.417960 0
0.032592 2.402753 0.837613 3.432196 0
0.072247 5.538809 2.131309 0.413863 0
0.059066 0.271998 1.897450 3.178067 0
0.038146 5.717475 2.492886 4.894271 0
0.032985 3.357022 0.468062 0.332524 0
0.029769 0.539005 0.248100 0.697230 1
0.025685 0.621515 0.030492 0.393772 1
0.044512 0.280420 1.133703 1.912355 0
0.065348 2.850850 2.347909 5.962807 0
0.057901 3.873093 0.244563 4.298557 1
0.081223 4.243136 0.901905 5.059386 0
0.076504 0.555274 1.739950 4.361058 0
0.078909 4.008368 2.087496 4.469123 0
0.085073 4.789775 2.271167 4.961879 0
0.092803 5.167813 2.352877 0.373025 0
0.093119 0.884198 1.294763 1.848222 0
0.077101 1.346745 1.031337 5.841523 0
0.091146 1.621327 1.800499 3.081745 0
0.096610 5.050334 1.149879 3.258702 0
0.094454 5.528419 0.958736 3.234719 0
0.071960 6.030157 0.991075 1.517789 0
0.084973 0.303824 0.355543 3.664853 0
0.093319 5.552134 1.860112 4.636686 0
0.015612 0.040071 0.360304 3.888196 0
0.046981 1.729566 1.668015 0.323470 0
0.073028 1.020243 1.654809 2.932170 0
0.098294 5.263161 2.898574 5.393000 0
0.084707 1.244263 1.314281 1.478810 0
0.039719 3.765190 1.524627 5.527982 0
0.080474 3.193083 1.496899 3.257467 0
0.062597 0.664341 1.061901 2.615179 0
0.033483 1.812691 0.376624 2.091229 0
0.075084 3.666723 1.337303 0.609965 0
0.086369 5.819914 1.698641 4.474359 0
0.087403 3.449823 1.712144 3.025099 0
0.086434 5.928707 2.019323 5.685321 0
0.073677 1.217323 2.176457 1.196541 0
0.083782 1.556582 2.001769 0.589252 0
0.059453 6.064976 1.590800 2.925336 0
0.050376 3.424621 2.210331 5.136740 0
0.035864 1.148079 2.548530 5.495125 0
0.033014 3.005655 1.745062 5.484699 0
0.016559 0.987287 1.275266 4.866379 0
0.031736 0.447336 1.937682 4.043520 0
0.051472 2.915446 2.302265 6.075066 0
0.084365 3.410883 0.497703 0.409765 0
0.071283 3.585564 1.632431 4.787157 0
0.034016 2.068481 1.730347 1.535159 0
0.071549 3.104231 0.704105 3.901368 0
0.098611 4.433398 1.558474 6.282179 0
0.092883 5.329494 2.151600 6.053492 0
0.095886 2.850701 1.786442 1.158304 0
0.095797 2.770702 0.798828 3.954990 0
0.099188 1.331317 1.970716 3.091074 0
0.088462 1.416671 1.056088 5.643881 0
0.074477 5.235757 0.774400 0.418527 0
0.057215 1.642953 1.955264 1.883503 0
0.098340 1.139591 1.158425 5.213850 0
0.017201 0.464683 2.197535 5.962730 0
0.072640 2.514798 0.747627 2.798346 0
0.091718 1.788032 0.554153 5.183899 0
0.070460 4.834907 1.196095 1.753045 0
0.099748 3.586833 0.869137 3.453545 0
0.063573 2.009594 1.805463 4.596206 0
0.076244 1.908781 0.355580 3.445712 0
0.069654 2.079020 1.324745 3.234272 0
0.063627 1.077348 1.498229 5.859087 0
0.075611 3.751665 1.324047 2.594460 0
0.093897 2.844399 1.019172 2.375861 0
0.047138 3.486961 1.890485 1.364513 0
0.035472 5.242645 2.133690 3.330012 0
0.039272 2.406944 1.073551 4.621601 0
0.082878 1.839557 1.123982 1.080912 0
0.078972 4.160505 1.953647 0.179094 0
0.091303 0.945816 2.744044 2.546813 0
0.086465 2.129244 2.260772 3.953993 0
0.088971 0.353261 0.172581 0.086579 1
0.078179 4.175574 1.002611 4.630830 0
0.070637 6.269150 1.086049 4.104088 0
0.061712 3.320690 1.346391 0.425447 0
0.090624 4.226632 1.023347 2.795638 0
0.057867 5.821544 1.517658 1.058619 0
0.027759 2.729728 1.718983 5.181655 0
0.087939 2.463521 1.478633 3.549431 0
0.066956 2.899131 1.728831 0.373818 0
0.035493 5.087101 2.205612 3.926555 0
0.089856 0.399120 1.110999 1.182788 0
0.076943 4.189962 1.060905 2.596872 0
0.058270 3.114595 2.369553 4.237361 0
0.064979 2.084057 2.326448 3.137127 0
0.087529 2.618228 1.211037 3.389573 0
0.089932 4.888059 0.657951 1.615344 0
0.048925 4.291827 1.195197 2.295526 0
0.070193 0.710625 2.944040 1.885624 0
0.042026 1.686353 1.547500 4.829554 0
0.096708 4.676648 0.881369 1.726539 0
0.048991 0.252566 2.686837 4.161010 0
0.060982 4.976695 0.827211 0.867223 0
0.045691 3.050548 1.933689 0.110301 0
0.051329 4.912614 1.103236 3.159428 0
0.068186 3.714807 2.398479 6.017000 0
0.083924 5.393849 1.064986 5.535177 0
0.035616 4.687851 1.874647 0.390147 0
0.070029 5.224787 1.238476 4.589370 0
0.093367 1.797402 1.354445 1.530790 0
0.027952 3.482146 1.331840 1.802649 0
0.019928 0.371625 1.168982 1.904931 0
0.091707 3.638595 2.229428 1.922310 0
0.041271 4.236127 1.078286 5.495649 0
0.072983 3.275563 2.107401 4.143807 0
0.051712 2.546001 2.029964 4.761541 0
0.048658 0.367456 1.547282 0.681770 0
0.058698 5.534921 1.270587 2.655769 0
0.065963 4.610575 2.003315 2.983390 0
0.089047 0.088183 2.160363 3.983253 0
0.077015 3.669495 2.646235 4.796996 0
0.050815 1.278501 1.850687 4.969227 0
0.085135 2.473915 1.471402 6.234292 0
0.089384 1.080618 2.094490 0.224334 0
0.048007 1.497189 0.779055 3.612932 0
0.034525 3.118665 3.045530 3.482806 0
0.047974 4.443935 0.343012 0.145068 0
0.084930 5.071332 1.890289 1.975711 0
0.062542 3.750698 0.565762 4.080078 0
0.089466 4.498981 1.450993 3.300078 0
0.033132 5.595968 1.605688 5.709628 0
0.025022 1.680648 2.665601 1.841474 0
0.071117 0.556881 2.398222 3.926762 0
0.076484 5.439922 0.874395 5.121600 0
0.075701 1.309393 2.313704 1.849604 0
0.012460 3.111803 1.790188 2.555181 0
0.030365 4.314837 0.477968 5.608515 0
0.063464 3.118193 1.405741 3.220344 0
0.062201 5.876593 1.412636 2.824376 0
0.045030 2.297563 2.077373 4.451894 0
0.067402 3.837071 1.231323 0.246804 0
0.069027 3.221853 2.358615 0.311294 0
0.084922 4.351887 1.253325 4.628786 0
0.043346 5.986213 0.776640 1.759821 0
0.079966 1.252856 0.857162 0.265311 0
0.083407 3.710559 1.680535 0.518840 0
0.072515 6.132442 1.635019 4.578024 0
0.058453 1.725882 1.444775 5.001263 0
0.094094 4.842203 2.305695 2.273576 0
0.053239 4.333287 1.392645 0.028931 0
0.061829 4.745767 2.074414 3.582494 0
0.084146 5.558499 2.346911 2.183473 0
0.028993 0.144281 1.348441 4.899219 0
0.078327 5.934440 2.381281 0.875622 0
0.095943 2.478089 2.397864 1.647330 0
0.081797 1.917193 0.487115 3.483739 0
0.027530 5.613476 2.554600 2.257081 0
0.076359 2.058999 1.294973 6.065566 0
0.028812 0.660544 1.641929 4.970375 0
0.099488 2.424005 0.762865 0.464028 0
0.063934 3.319447 2.356290 0.139941 0
0.068761 4.498119 0.827476 2.471213 0
0.033211 0.186023 1.887013 4.896994 0
0.057856 4.483951 1.232024 2.579426 0
0.077914 1.571677 2.140649 1.194634 0
0.076016 0.839334 0.810679 4.152257 0
0.048858 4.341890 1.474471 1.435737 0
0.027717 3.710109 1.164417 3.050996 0
0.034466 0.979825 1.586503 3.717073 0
0.093372 4.206498 2.895175 6.170968 0
0.083612 4.023644 2.121212 0.212551 0
0.059500 0.599140 1.459279 6.038651 0
0.058779 1.345299 0.798791 5.801494 0
0.058966 1.927116 1.739979 3.684511 0
0.099887 0.226827 2.252125 0.468530 0
0.079157 0.736827 1.691388 4.683307 0
0.052270 0.427276 1.238647 0.911411 0
0.085877 2.022296 0.729349 2.743111 0
0.098094 5.583971 1.511578 1.987163 0
0.099200 5.747639 1.109283 2.070743 0
0.035899 2.692730 1.053894 2.994386 0
0.085748 5.259616 0.507338 4.605666 0
0.093445 5.515959 2.233394 3.140193 0
0.099758 2.310536 1.035957 1.686253 0
0.066010 3.657510 1.396782 1.088402 0
0.095077 3.396858 1.792209 5.442559 0
0.065524 0.503990 0.882729 2.597570 0
0.099749 2.889167 2.078269 0.778197 0
0.094254 6.257363 1.773022 3.918557 0
0.091268 4.168294 1.280062 4.437052 0
0.073573 1.032048 0.942104 3.370669 0
0.072938 2.834375 2.226438 6.080397 0
0.018225 1.371401 0.769728 5.888505 0
0.087114 4.717127 2.222812 1.182718 0
0.091157 6.194417 1.775526 5.189561 0
0.066761 2.165414 2.689641 2.099110 0
0.058355 3.457155 2.727503 1.090201 0
0.046220 1.975519 2.433155 4.743331 0
0.069186 0.538128 1.140397 0.066966 0
0.073263 0.604551 2.846470 3.581202 0
0.056079 0.749792 1.585098 0.461025 0
0.093278 1.951216 1.073808 4.404851 0
0.054444 5.424030 1.624819 4.662847 0
0.045596 2.995799 0.559346 3.445851 0
0.016438 0.213253 2.030710 1.512032 0
0.059022 3.780120 3.008406 5.196339 0
0.082902 1.802992 2.312252 1.407565 0
0.061901 5.127482 2.199348 4.383494 0
0.096716 1.892104 2.143681 5.061008 0
0.078210 0.205077 1.583873 5.705769 0
0.094652 0.210714 1.875943 0.652181 0
0.071438 4.564201 1.880151 3.376281 0
0.087198 2.350899 2.160360 0.683041 0
0.098782 4.860490 2.628977 4.166082 0
0.024602 4.859499 2.456163 2.787840 0
0.076777 4.279229 0.770886 3.297885 0
0.099106 5.732668 1.224643 3.731468 0
0.097212 5.258380 1.574762 5.283667 0
0.093297 0.956296 2.666912 2.392422 0
0.093734 3.750694 2.561178 4.014767 0
0.098544 4.373831 2.089044 5.949427 0
0.068534 4.294003 1.792474 3.331433 0
0.067589 3.122786 2.817139 0.290927 0
0.042198 0.724236 1.713636 1.006977 0
0.016628 5.664519 2.103999 6.111465 0
0.085932 1.609312 2.248728 3.825624 0
0.063901 4.764609 2.937600 1.802921 0
0.059603 5.703564 2.590261 2.050525 0
0.077709 4.232310 1.100068 0.462161 0
0.059750 5.549092 1.779854 5.113444 0
0.061658 3.629682 2.374980 3.507522 0
0.083243 2.709998 2.023068 4.527638 0
0.057693 2.969759 1.967664 0.447861 0
0.085369 3.184679 1.939378 0.861493 0
0.051495 4.208346 1.418316 3.898219 0
0.075995 2.198917 2.675975 1.139750 0
0.015350 1.382327 1.058596 2.391169 0
0.032120 5.395505 0.913211 3.036925 0
0.066061 0.342614 0.410709 0.812735 0
0.069702 4.775760 2.346045 5.143944 0
0.048243 3.413105 2.465345 6.041404 0
0.022376 3.582105 0.638922 1.980700 0
0.048978 3.284127 2.628679 5.135990 0
0.093416 5.544479 3.072729 5.631085 0
0.032006 1.594465 1.108017 1.291854 0
0.033539 2.960496 1.958316 3.448786 0
0.072506 4.590041 1.935299 0.072537 0
0.070044 3.318709 2.292224 4.544950 0
0.026721 4.525101 1.949527 0.763227 0
0.053880 4.922881 1.443875 3.331285 0
0.055334 2.339661 1.261086 1.123681 0
0.050478 2.176644 0.555017 2.244575 0
0.077472 2.210649 1.696810 4.477893 0
0.090720 1.582023 1.073718 2.191070 0
0.099112 5.905015 1.287553 2.971494 0
0.068411 1.196902 0.917960 3.389167 0
0.095430 5.536427 1.898371 1.262838 0
0.081526 0.613135 2.051445 6.099945 0
0.068553 0.495028 0.794490 4.553751 0
0.065208 1.412021 0.580797 0.159594 0
0.075932 4.051570 2.067077 2.510630 0
0.094690 6.280981 2.090471 5.522470 0
0.096926 0.682122 1.269993 2.560164 0
0.054686 3.444037 2.676390 1.317842 0
0.065520 3.818539 1.391290 0.590216 0
0.083983 0.891617 0.514669 1.101285 0
0.046978 1.347417 2.498181 4.058316 0
0.066271 6.170176 1.920482 0.098922 0
0.079173 2.572212 1.400622 3.288968 0
0.063955 1.028067 1.374302 2.189634 0
0.052171 4.739032 2.108200 3.589213 0
0.054989 4.415943 2.167555 4.597162 0
0.055728 1.204549 2.279952 0.099786 0
0.057759 5.594354 0.904998 3.482811 0
0.032375 0.572921 0.927814 3.418022 0
0.027055 5.475852 1.690561 4.398472 0
0.052999 6.126497 0.984821 4.334888 0
0.037240 3.932507 0.394522 2.581567 0
0.061654 4.991134 2.873283 4.288237 0
0.070511 4.794650 1.398252 5.075189 0
0.097714 1.506406 2.274762 1.812180 0
0.036072 0.092860 2.326015 1.476159 0
0.032552 0.269747 2.162609 1.125692 0
0.095626 2.127941 2.431645 1.227293 0
0.056012 0.645233 2.450417 2.842630 0
0.085356 5.803517 2.384121 0.682908 0
0.084736 5.311793 2.192431 1.352173 0
0.078006 1.290173 0.304132 3.539271 1
0.066715 5.319151 2.350993 3.614153 0
0.092809 4.363256 2.239917 6.077792 0
0.085870 3.701308 0.785464 4.095416 0
0.096320 0.161277 2.338203 1.517315 0
0.035827 4.601705 1.969055 5.384249 0
0.080996 3.500958 2.768586 2.350317 0
0.063450 4.755116 1.750298 0.069638 0
0.098089 3.846666 1.720102 2.558682 0
0.067734 2.677174 2.875762 2.011458 0
0.034716 4.979962 1.131711 5.390247 0
0.061779 2.726363 1.590178 1.944147 0
0.067792 2.242002 1.672791 3.694149 0
0.029868 1.538223 1.460315 4.682559 0
0.089555 2.579184 0.705379 1.285562 0
0.040901 4.452181 0.965961 0.813218 0
0.056639 4.964109 1.644171 4.898294 0
0.046492 3.261550 0.642571 2.115341 0
0.055828 2.432632 0.913603 4.356411 0
0.090613 4.424880 0.105216 1.763449 1
0.024712 3.478836 2.399724 0.944218 0
0.089358 1.969625 2.483334 3.773055 0
0.085086 0.093282 2.227119 5.599923 0
0.085055 0.130631 0.288633 0.277939 1
0.090047 3.501856 2.275287 0.169652 0
0.027646 5.802800 1.294635 2.438548 0
0.055741 3.507396 0.578841 0.828057 0
0.051231 0.529147 1.394791 2.032787 0
0.079868 1.765918 1.518383 2.741857 0
0.077106 2.320597 0.386487 2.001166 0
0.061982 5.290344 0.951456 0.676156 0
0.092886 1.447858 0.800564 4.232530 0
0.088756 6.130328 1.983686 5.429935 0
0.094827 0.403989 1.052519 1.319005 0
0.078900 2.097071 1.248686 5.560475 0
0.064651 4.738568 0.948393 0.351016 0
0.018767 4.287082 1.555288 3.956843 0
0.022725 3.324600 2.682586 2.738372 0
0.060919 0.992726 1.657784 1.469549 0
0.062324 4.368623 2.523574 1.107113 0
0.081912 3.821074 0.404770 3.582525 0
0.082002 1.839159 2.165430 1.853262 0
0.079150 0.765407 0.876123 0.279263 0
0.093594 2.440628 0.644541 5.725274 0
0.026599 3.723153 1.652802 0.769018 0
0.034883 3.073755 1.687498 3.096327 0
0.080449 0.638733 2.041332 0.223880 0
0.089272 3.984769 0.956563 2.939937 0
0.049228 1.584855 0.392813 5.747721 0
0.073821 5.140806 0.951415 1.077060 0
0.096954 2.448350 0.966396 5.127002 0
0.088210 1.986603 2.042480 5.333503 0
0.095328 1.684837 2.800807 0.191139 0
0.087026 3.326725 1.617246 2.541888 0
0.079443 1.570157 1.450880 2.689628 0
0.094026 4.096761 2.484786 0.794398 0
0.095092 5.868842 0.408850 2.822445 0
0.086732 1.576732 1.814451 4.349490 0
0.080038 5.255828 1.587258 2.630875 0
0.039073 1.479212 1.087320 0.385816 0
0.070963 1.500527 0.615734 1.639456 0
0.087652 3.864421 1.908121 2.509523 0
0.093002 0.663927 2.284901 4.706318 0
0.087045 4.545531 2.420269 4.159119 0
0.081086 5.759650 0.679799 2.574464 0
0.040942 4.597884 0.650078 5.078279 0
0.075383 3.834076 0.993094 4.529773 0
0.091958 3.107160 2.170843 2.194152 0
0.085635 5.492545 1.792893 3.151753 0
0.069943 1.731768 2.501500 2.225173 0
0.061748 4.577242 0.654031 0.873198 0
0.067226 6.149022 2.216595 0.687589 0
0.094622 5.730696 1.609150 0.395499 0
0.080240 3.902823 2.407378 1.332738 0
0.048100 0.616561 2.618134 0.483817 0
0.076984 4.494916 1.422679 2.048222 0
0.076782 0.228393 2.285248 0.494870 0
0.055854 4.578066 1.436207 4.355855 0
0.067610 3.368349 2.297566 5.711710 0
0.071745 3.978185 0.272727 2.576488 1
0.073839 3.378167 1.516783 1.187906 0
0.039850 2.162578 1.371832 2.451518 0
0.066507 2.099969 1.505095 0.219674 0
0.022273 5.613305 1.288974 4.015975 0
0.096423 1.184686 2.021775 1.518672 0
0.095769 0.947703 2.625837 2.351689 0
0.082881 4.820396 1.122600 1.267053 0
0.063272 1.896327 1.796136 5.941091 0
0.091622 0.532342 0.751347 6.272299 0
0.065491 3.366456 1.345779 5.474059 0
0.093274 5.375967 2.519004 5.778125 0
0.086545 1.678444 1.688627 4.264598 0
0.067504 1.738574 2.569689 2.342698 0
0.065386 5.374613 2.087791 0.719145 0
0.078904 0.191416 1.194183 0.144033 0
0.057643 5.829739 2.784609 1.079052 0
0.011206 0.647751 0.849988 2.773816 0
0.079930 3.508797 1.186810 3.197446 0
0.064347 1.375237 1.427317 1.024480 0
0.069714 6.203300 2.323433 5.916812 0
0.051380 4.789163 1.190801 4.344966 0
0.078588 0.387527 2.229328 1.509228 0
0.030355 0.767124 1.077251 2.666686 0
0.022344 1.455199 1.764307 0.392573 0
0.057853 4.813903 1.578689 6.117157 0
0.056974 5.131079 1.535719 4.641094 0
0.018845 5.723803 2.503793 3.276812 0
0.094776 4.671466 1.497151 1.019420 0
0.071113 4.886764 2.356803 0.774848 0
0.091620 4.145311 1.294332 5.853234 0
0.088422 3.937336 1.278632 5.226113 0
0.092642 5.982472 2.479136 1.212300 0
0.084752 2.501890 0.840673 0.269519 0
0.046349 4.077689 2.168925 1.572914 0
0.074830 4.293001 2.145655 2.879038 0
0.065325 1.476980 1.814108 5.858725 0
0.011323 2.979659 0.476799 5.354850 0
0.036602 2.634462 2.174437 5.754220 0
0.021432 0.878447 2.088802 5.681147 0
0.030323 4.032649 0.633859 5.090924 0
0.020001 1.656533 2.355029 1.601137 0
0.095532 3.987871 1.581128 2.969342 0
0.056386 1.740592 2.609204 4.678969 0
0.071561 3.463653 1.932910 3.298132 0
0.015964 4.604895 1.322585 1.001912 0
0.039010 1.011510 0.555842 1.244783 0
0.054845 5.170095 0.651116 2.467691 0
0.068166 1.253006 0.934752 3.170912 0
0.068049 0.352687 2.116466 2.360575 0
0.083116 1.662915 2.341395 0.055059 0
0.073599 4.895111 2.102367 0.337895 0
0.057475 2.705351 1.728837 2.235705 0
0.040430 6.005823 1.601367 1.983232 0
0.034182 3.710564 1.598309 2.624105 0
0.064296 3.870760 2.240519 5.517031 0
0.090304 0.084039 1.334049 1.750120 0
0.026364 0.893621 1.884386 4.777284 0
0.063788 3.157426 2.139076 5.960044 0
0.053066 3.283186 0.096951 3.844931 1
0.097627 3.650780 2.780543 0.732412 0
0.073273 3.035068 1.434794 4.107565 0
0.027129 5.943659 0.540905 3.059920 0
0.074968 5.540280 1.297537 2.371815 0
0.094612 4.698524 1.888149 6.061045 0
0.094341 1.949445 2.037502 1.865497 0
0.090155 3.104301 1.036712 0.593038 0
0.012884 1.557108 1.996157 6.092838 0
0.091042 4.235420 0.596235 2.298120 0
0.039640 3.257708 0.280175 1.449750 1
0.068150 0.570985 2.021360 0.166230 0
0.098622 0.520252 1.377479 5.452398 0
0.091137 0.376794 2.298079 4.527737 0
0.060847 3.502215 0.265466 1.149924 1
0.022685 1.652404 1.109401 0.427632 0
0.071471 6.180931 0.391153 2.134215 0
0.081106 0.779349 1.994189 5.120469 0
0.080157 4.554836 0.430795 0.672053 0
0.090322 4.796705 0.747830 4.953900 0
0.091990 3.376327 1.888544 4.252548 0
0.077287 3.070185 1.364181 6.079360 0
0.021455 2.607148 0.797012 0.612545 0
0.082336 2.689062 0.838066 1.185879 0
0.064164 1.277461 1.627646 0.436788 0
0.057215 1.469244 2.447962 6.093867 0
0.097916 5.844292 0.561719 4.866715 0
0.083281 1.321018 1.697131 3.391584 0
0.086464 1.377356 0.968183 2.167282 0
0.084134 3.858047 1.186386 4.736755 0
0.017020 2.909557 2.350031 4.441563 0
0.094395 0.106291 2.483680 1.902240 0
0.046929 2.664351 1.312469 3.440562 0
0.081110 1.613101 1.605707 3.874490 0
0.043230 3.733980 1.351454 5.532021 0
0.089695 5.995449 1.410583 3.469159 0
0.041644 4.001367 2.488379 5.537161 0
0.050086 1.316713 1.844490 1.758239 0
0.082014 3.056846 2.910681 3.541702 0
0.070953 5.544059 2.393314 4.546889 0
0.055354 1.499786 1.095598 6.058820 0
0.070387 4.955511 1.733382 4.287096 0
0.061885 6.108144 1.696650 1.178119 0
0.096247 6.176351 2.070624 0.626843 0
0.078730 4.000534 2.865263 5.470761 0
0.091993 3.871550 0.796885 3.260331 0
0.032045 0.862432 0.582944 3.808347 0
0.014009 5.962791 1.223406 2.048529 0
0.043325 3.776318 1.138066 4.292280 0
0.062427 5.474288 1.298338 4.854950 0
0.091837 5.832122 2.739861 4.836470 0
0.095457 4.397161 2.402421 3.336635 0
0.058012 5.344132 1.372990 1.148571 0
0.068317 3.470026 1.986023 3.577707 0
0.083038 4.927750 0.864598 4.455763 0
0.085632 3.174920 0.377417 5.786748 0
0.032607 2.045271 1.780586 3.116697 0
0.044359 6.092034 1.089932 0.252436 0
0.094752 1.438346 2.239347 5.083073 0
0.096372 4.269034 1.245147 1.666831 0
0.072800 4.660733 1.466779 6.262476 0
0.054226 0.941119 1.703412 6.180031 0
0.096647 4.659866 1.966523 4.193040 0
0.049694 4.573716 1.748394 2.219654 0
0.023118 1.209261 2.344254 1.572175 0
0.040254 0.741629 1.138223 0.375894 0
0.058903 0.630332 2.400369 1.732296 0
0.088304 1.312304 1.652864 1.946160 0
0.097501 6.214530 1.173301 1.537424 0
0.037264 5.482449 0.996246 0.458148 0
0.078371 5.786879 2.072043 5.410731 0
0.080557 2.064607 0.962862 4.413211 0
0.072184 0.400367 2.702664 4.291977 0
0.042633 1.526811 2.078108 3.321970 0
0.058594 3.843652 2.225372 0.773324 0
0.090587 2.170208 1.436027 4.845807 0
0.057834 4.644936 0.253046 2.974016 1
0.078219 1.534316 1.663421 1.420144 0
0.040645 1.800168 0.599416 5.115419 0
0.078428 1.894890 1.603859 0.855457 0
0.060440 2.947645 2.263317 3.437253 0
0.084388 3.532119 0.557704 0.348414 0
0.041700 5.530303 0.872466 6.248542 0
0.047495 3.841222 2.131097 3.518878 0
0.059213 4.911209 0.367447 6.047172 0
0.016074 3.641873 0.898122 1.200350 0
0.093066 1.731820 0.144152 3.023630 1
0.075974 3.278029 1.807759 5.921967 0
0.099541 2.743335 1.549927 4.416945 0
0.099938 3.552071 2.113976 1.084854 0
0.066746 5.887097 0.842354 4.216515 0
0.074048 5.861373 1.003033 5.648107 0
0.084529 1.661917 2.378530 4.651738 0
0.091876 0.313038 2.611534 4.462647 0
0.057048 5.884672 0.905815 5.671568 0
0.067697 5.082178 2.332751 2.822004 0
0.049545 2.103199 0.801304 1.534595 0
0.094872 5.721123 1.403818 2.171275 0
0.092060 3.669659 0.258778 2.486983 1
0.071897 1.556813 1.147772 1.454059 0
0.071574 0.980812 2.803942 2.239335 0
0.045379 5.674700 0.522262 3.338709 0
0.091637 1.621888 1.438471 1.872518 0
0.025882 1.754257 2.087840 1.963208 0
0.078354 5.650286 1.684426 3.229541 0
0.089990 6.117252 2.373350 4.130073 0
0.074675 5.505421 0.465214 0.468387 0
0.035212 2.185776 1.172264 3.997778 0
0.070991 1.745058 2.970121 4.460439 0
0.042531 0.372724 1.026923 0.129575 0
0.056343 4.243054 1.199618 2.415493 0
0.097699 0.413430 1.975541 3.571582 0
0.098238 1.593318 0.582418 4.868754 0
0.047663 5.918754 1.434793 4.931110 0
0.090455 3.049512 2.372746 5.920037 0
0.091281 1.038759 1.728386 2.118691 0
0.066563 3.588557 0.437537 3.920390 0
0.079401 1.811906 1.864129 5.955894 0
0.098167 6.052058 1.228868 5.769086 0
0.017034 0.183717 1.544020 6.246018 0
0.053181 3.575420 2.138790 3.204419 0
0.071487 1.264043 1.147925 2.068792 0
0.082857 0.968656 1.096090 3.265658 0
0.056523 5.340273 2.365836 4.791232 0
0.064890 5.680293 1.341795 0.323741 0
0.043866 0.195217 3.094049 0.980788 0
0.099714 2.084652 0.552056 0.146392 0
0.060085 3.524171 0.264464 4.045404 1
0.036047 4.940812 0.806111 4.027394 0
0.099375 2.818982 2.794825 4.235225 0
0.077642 1.518644 0.911710 5.795053 0
0.030271 0.318861 1.949503 3.221376 0
0.097714 0.448351 1.699598 0.924982 0
0.032004 3.541568 1.166497 0.607657 0
0.094628 2.372460 0.707516 1.611402 0
0.096875 0.863274 2.499121 0.429852 0
0.096112 0.340258 2.002904 5.725754 0
0.070909 4.270247 1.742314 0.663693 0
0.095986 4.895491 0.335890 0.081437 0
0.091098 4.478660 1.622137 4.930320 0
0.088553 0.564746 2.613561 5.570579 0
0.080842 1.477887 2.882385 3.449348 0
0.078282 0.649099 2.227977 3.463793 0
0.049061 4.434371 1.812529 1.033272 0
0.087173 2.067705 0.557586 1.650684 0
0.009336 4.153635 1.304344 5.843657 0
0.066349 2.489938 2.659478 1.697108 0
0.033028 2.944723 0.472520 5.612424 0
0.074736 6.199545 2.164772 1.332598 0
0.047106 4.794867 2.120155 5.244594 0
0.093082 3.559511 1.340738 0.673153 0
0.052179 0.035660 1.096371 0.202141 0
0.057859 2.182268 1.148093 2.158132 0
0.009160 4.167202 1.100723 2.818659 0
0.024396 1.360513 2.023516 1.059368 0
0.082777 4.860009 0.502663 1.531521 0
0.087188 5.288424 1.482359 6.170616 0
0.077769 1.362880 2.256961 2.960887 0
0.088511 1.274041 1.728196 0.349903 0
0.045656 5.340466 0.601869 3.413067 0
0.044416 2.404869 2.454932 1.292266 0
0.021442 1.006617 1.884462 0.662841 0
0.061379 2.343506 1.102010 0.389182 0
0.038272 2.110815 1.171662 5.696698 0
0.042146 4.784822 2.461451 4.916160 0
0.098916 4.432969 1.055654 4.786909 0
0.095305 5.227901 2.258931 0.733527 0
0.082584 5.688855 1.896422 5.524730 0
0.053680 3.434608 0.591540 2.099424 0
0.084074 4.644735 1.449757 0.525170 0
0.033498 4.484474 0.782784 1.625385 0
0.022287 2.835054 0.837519 1.428158 0
0.046124 0.339842 0.197597 1.201209 1
0.087156 1.654993 2.704714 4.196637 0
0.030894 4.841743 2.176475 4.884891 0
0.082219 2.793573 1.889657 6.057951 0
0.099561 4.660246 1.155537 4.386220 0
0.069349 4.636454 2.169224 3.726852 0
0.067204 5.825742 2.351345 3.149846 0
0.061515 0.107949 2.045667 3.714302 0
0.026696 4.639135 2.170812 5.220602 0
0.004173 4.620443 1.568397 0.610652 0
0.071130 1.781033 2.417779 1.143229 0
0.085327 3.338793 0.784427 4.519601 0
0.052258 2.792183 1.404847 4.737650 0
0.042697 1.250841 1.260159 3.983194 0
0.035535 1.250367 0.753230 3.171009 0
0.046495 5.427857 0.629474 1.806107 0
0.077602 5.517637 0.702346 3.794750 0
0.078328 3.877578 1.984805 0.750710 0
0.094900 3.617759 1.162397 3.950031 0
0.032737 2.811933 1.261874 2.389221 0
0.094442 4.809083 0.750355 0.466382 0
0.098207 3.025002 2.000217 0.570136 0
0.082489 5.299430 1.762818 5.633685 0
0.084101 4.343271 0.886871 1.944724 0
0.075459 1.900131 2.544425 1.149431 0
0.095893 3.861691 1.164548 5.153133 0
0.043634 3.794080 1.468244 1.869632 0
0.022667 5.006425 1.934389 5.926944 0
0.074979 5.102538 0.265578 3.309061 1
0.054179 4.559717 1.807796 6.119723 0
0.075441 1.337157 2.405691 1.736878 0
0.095083 0.343644 1.743545 2.974965 0
0.059759 3.137892 1.888974 1.738298 0
0.033767 6.024537 0.632775 1.912662 0
0.075012 3.428224 1.776179 3.858260 0
0.058516 1.757961 1.685777 5.683786 0
0.030312 3.612160 1.432872 2.421667 0
0.054827 0.305675 1.285761 5.464653 0
0.051134 1.445243 0.784585 1.040075 0
0.053358 4.599949 1.852536 4.032662 0
0.048116 1.856250 2.562489 2.171052 0
0.050425 0.096021 1.875370 5.133035 0
0.074893 1.582823 1.432373 5.675709 0
0.072918 6.210129 2.234247 3.918097 0
0.075051 1.502787 0.190073 5.427795 1
0.053649 2.314784 2.056888 3.451293 0
0.077358 5.527609 2.014898 5.548913 0
0.078221 2.223222 1.620727 5.299027 0
0.080577 2.786165 0.899247 5.677074 0
0.067728 5.270609 2.027469 0.123245 0
0.030126 0.951847 2.578980 3.911030 0
0.037398 4.592078 1.038038 4.417894 0
0.098490 1.602521 1.705181 1.620140 0
0.078959 1.888581 2.232279 1.394146 0
0.042464 3.279616 0.660060 4.977376 0
0.093584 3.958264 1.845312 3.299124 0
0.027094 5.180112 1.427519 3.343429 0
0.081442 0.936749 1.674458 4.737782 0
0.054825 2.982442 1.321216 2.767388 0
0.045335 3.911569 0.777237 1.103014 0
0.093680 4.464601 1.437206 3.148210 0
0.010555 1.511402 2.032950 1.203000 0
0.087322 5.202231 2.885058 4.010670 0
0.067671 3.890409 0.832241 3.338554 0
0.066605 3.719620 0.509356 0.671686 0
0.086086 3.865471 2.377322 0.261781 0
0.029980 1.491910 1.535003 1.856062 0
0.092736 3.931266 1.512666 4.634385 0
0.057987 5.682229 1.020754 2.182677 0
0.038066 6.041766 1.648569 5.701464 0
0.088856 3.282869 1.662393 1.554937 0
0.037638 4.455557 2.162344 3.677430 0
0.054874 5.292288 1.965318 0.265176 0
0.067639 3.475399 0.587617 3.439300 0
0.088914 3.556126 2.326177 4.087604 0
0.043778 1.971252 1.345183 3.316888 0
0.046700 3.938214 2.419715 2.280742 0
0.076705 2.602058 1.093719 2.374421 0
0.096779 5.127969 1.824255 0.491836 0
0.072475 2.539663 1.904049 5.192333 0
0.049648 2.235196 2.399682 4.423339 0
0.095335 5.984466 1.050377 4.394720 0
0.072002 0.591630 1.266112 4.461614 0
0.063867 4.637942 1.019225 3.933178 0
0.060410 0.711697 2.931214 5.989765 0
0.072622 1.629755 1.226434 2.915498 0
0.027482 6.010360 1.655485 3.774879 0
0.060065 1.293414 1.424629 3.815603 0
0.074940 1.858350 1.183741 2.956020 0
0.049822 3.535211 0.849729 4.817038 0
0.081044 3.266693 1.524266 0.406537 0
0.050800 4.490784 1.962079 3.914421 0
0.090995 4.270449 1.723995 2.233052 0
0.096904 5.702002 2.263778 0.091557 0
0.092956 2.272698 1.803619 1.412830 0
0.075337 0.267278 2.297302 0.811536 0
0.058164 0.901005 1.771389 3.685259 0
0.084027 4.835110 1.272770 2.279871 0
0.053800 5.214580 1.425395 3.440067 0
0.073801 0.742938 0.851316 2.341475 0
0.089326 4.692304 2.044423 4.630405 0
0.080889 3.439891 2.097917 3.257113 0
0.095351 2.305213 2.078863 2.995515 0
0.063986 3.615190 1.784235 4.698119 0
0.084781 1.291421 1.232916 2.669224 0
0.098746 4.319305 2.183823 1.661963 0
0.071928 1.352317 2.244682 0.389693 0
0.057747 6.173333 1.439779 0.825456 0
0.085400 1.022508 2.398907 2.410387 0
0.084274 3.894638 2.504824 3.891803 0
0.099335 4.054256 0.630558 2.489157 0
0.046971 4.411183 0.778142 5.902455 0
0.095268 3.004283 1.295793 5.545950 0
0.040692 0.954403 0.787456 4.291103 0
0.060591 6.026758 2.082821 4.401975 0
0.097041 1.128778 2.296876 4.216171 0
0.058514 4.400107 0.471911 0.330500 0
0.056582 6.010872 1.921971 1.928226 0
0.077583 4.826435 1.988975 5.168203 0
0.068572 5.321473 2.122219 2.373852 0
0.057016 0.792781 1.071226 3.082975 0
0.052733 2.561345 0.859577 4.053903 0
0.060567 5.771688 1.257275 1.938637 0
0.031344 1.116938 2.854731 2.768566 0
0.093705 0.214996 1.557259 1.245421 0
0.099543 1.038183 1.581000 3.724626 0
0.096612 1.307845 1.400652 2.535865 0
0.023471 1.113932 2.168580 2.388704 0
0.055087 0.263149 2.406382 3.653895 0
0.067047 0.279385 0.992579 5.129411 0
0.098136 3.597305 0.722476 0.385168 0
0.086620 0.656486 1.574661 3.948103 0
0.037243 6.252799 2.282533 0.814165 0
0.040049 2.083986 2.031683 0.589228 0
0.073473 0.865250 1.565544 3.737963 0
0.056125 1.751625 2.824604 3.885894 0
0.056627 5.315159 0.927282 4.839268 0
0.094361 2.681217 1.744802 5.362432 0
0.099963 4.470356 2.549040 4.709580 0
0.090331 2.618148 1.324129 5.998324 0
0.064176 1.284837 0.588963 3.595559 0
0.073223 5.068095 1.909282 0.477468 0
0.097176 1.026695 1.919642 1.629342 0
0.066497 4.058911 2.427296 4.793095 0
0.070138 0.488655 1.636921 2.402244 0
0.071028 0.751486 1.014050 3.165210 0
0.091164 0.945906 1.054829 4.065498 0
0.075315 3.966104 1.775640 6.151817 0
0.091417 4.309939 1.673664 2.336578 0
0.070183 1.365792 1.466345 2.745009 0
0.061707 0.746291 1.974035 5.170808 0
0.087451 3.606402 1.743259 1.612902 0
0.080731 0.746711 1.852571 0.981745 0
0.048831 5.496638 1.896543 0.436853 0
0.015926 5.738560 2.018773 3.723413 0
0.073793 1.999801 1.714675 2.389234 0
0.006501 0.773049 2.099336 3.121404 0
0.058344 1.256673 2.620624 4.531328 0
0.056461 3.957579 1.659197 0.524981 0
0.045149 0.816484 1.245605 5.375853 0
0.049879 6.153031 0.218084 3.061392 1
0.092418 4.221367 1.684567 5.525842 0
0.076497 1.717409 1.514896 0.815034 0
0.076916 0.274928 1.590748 3.743764 0
0.040840 1.646894 0.618500 3.186817 0
0.067979 0.165211 0.996507 4.906531 0
0.081004 4.853911 2.387516 5.403585 0
0.094998 1.286211 2.016621 0.950405 0
0.042894 4.570666 1.851461 0.239354 0
0.063190 1.226855 2.559145 6.185589 0
0.068454 2.448080 0.689393 0.378289 0
0.065832 3.921705 1.888189 3.770984 0
0.094142 4.704036 0.667675 2.188981 0
0.088032 2.109576 0.735600 2.708851 0
0.032905 6.243839 1.139849 0.067512 0
0.044547 0.042319 0.828493 2.402920 0
0.085684 5.029714 1.411181 0.838647 0
0.099788 2.124285 0.701126 2.917649 0
0.085306 1.458488 1.619946 1.012187 0
0.092536 1.134805 2.120613 4.665606 0
0.096399 5.457787 0.612667 4.424902 0
0.045209 1.383728 0.753562 1.964480 0
0.046256 2.679818 1.209810 2.591246 0
0.065821 3.049910 2.201474 1.051936 0
0.053471 1.353255 1.161233 1.769823 0
0.074395 2.631634 2.085261 1.766719 0
0.080682 1.700224 1.455091 3.187129 0
0.067172 1.278891 1.046739 2.390685 0
0.026866 2.140952 0.590735 1.737670 0
0.074898 1.382968 1.750188 4.869062 0
0.080412 5.734142 0.895267 0.501738 0
0.063089 6.171289 1.040893 4.297306 0
0.044449 3.444258 2.768562 4.718899 0
0.098337 4.471416 0.360945 3.882827 0
0.099108 2.981339 0.723394 2.723485 0
0.082343 2.356320 2.249636 4.713722 0
0.084603 5.646570 0.328715 1.738767 1
0.034465 3.870357 0.458624 4.809140 0
0.072705 1.501767 2.332983 5.822181 0
0.047032 0.581367 1.793772 2.631230 0
0.080044 3.620245 0.849470 3.818331 0
0.053650 1.269377 0.990053 1.696931 0
0.082251 2.204743 1.990032 2.227760 0
0.085201 3.251400 0.659241 2.775151 0
0.064510 0.826504 2.022862 3.361138 0
0.086460 4.838562 1.160021 1.734990 0
0.009537 0.914784 0.934180 1.447014 0
0.048798 5.110286 1.873545 5.521776 0
0.062411 5.145187 1.543841 4.255821 0
0.014460 4.474894 2.678824 4.382094 0
0.025119 4.089983 0.460077 4.957516 0
0.041039 0.984966 1.002003 3.672982 0
0.053694 5.963400 0.705989 0.225146 0
0.084805 2.638026 1.185246 4.575920 0
0.075196 3.234121 2.731689 5.048962 0
0.057276 3.817992 1.944183 4.508567 0
0.065310 1.061289 1.359008 2.811372 0
0.093868 2.150770 0.780945 5.932636 0
0.099662 1.236950 2.056062 1.015765 0
0.059467 6.056449 2.085727 4.033385 0
0.095552 5.439680 1.934280 3.972255 0
0.053442 6.218666 1.288011 5.347332 0
0.071025 2.004738 1.885193 5.230823 0
0.096266 2.117476 1.671109 2.219538 0
0.071128 5.937408 2.216034 2.431764 0
0.053598 5.941191 1.226506 1.762561 0
0.037741 0.404997 1.454906 3.116871 0
0.016844 1.183886 0.761208 5.914925 0
0.023275 5.125601 1.718520 2.134902 0
0.089749 5.868985 0.904179 1.947498 0
0.050313 5.312157 0.774073 1.130081 0
0.042716 4.351340 1.637062 4.325213 0
0.079844 2.097344 0.556351 5.810556 0
0.052856 2.555006 0.940478 2.650305 0
0.068637 4.068256 2.560291 3.138264 0
0.091428 0.351060 1.452239 5.592524 0
0.093362 0.090814 1.000022 4.254558 0
0.097393 2.643290 2.913837 1.267151 0
0.051590 0.814006 1.331584 2.818709 0
0.090669 5.746851 0.758281 2.887724 0
0.049844 1.334528 1.337432 3.316359 0
0.078679 3.705025 2.688844 0.566352 0
0.048699 5.450654 1.750986 0.459054 0
0.096092 0.191435 2.755207 4.995190 0
0.021195 1.212634 1.515053 6.242048 0
0.078338 2.885432 0.915054 5.528184 0
0.076732 3.623246 1.220580 2.581599 0
0.070093 2.924444 2.405264 4.647921 0
0.082331 1.601231 1.087285 1.865320 0
0.091898 1.364574 1.342853 0.513168 0
0.029099 6.136289 0.808572 0.050571 0
0.008419 0.740614 2.221964 0.326788 0
0.055756 1.729137 0.429739 5.809171 0
0.085699 1.511665 2.225334 2.030822 0
0.090402 0.834692 2.058025 1.938637 0
0.077349 3.798557 0.443085 1.734923 0
0.092704 1.984468 1.717313 4.422859 0
0.073008 6.031915 2.178747 3.881084 0
0.096780 5.908248 1.825010 5.929558 0
0.024125 2.694229 3.010785 2.318924 0
0.083905 0.258812 1.145328 2.754749 0
0.053083 0.615894 2.121509 0.622202 0
0.048049 3.114806 1.384867 5.209723 0
0.031670 2.864212 0.660883 6.029966 0
0.087846 4.261703 1.904175 1.914535 0
0.079892 2.822482 2.576993 3.612267 0
0.062413 3.444088 1.608062 2.813221 0
0.098840 3.231800 2.257010 4.278497 0
0.074535 0.693870 0.705561 5.261090 0
0.045657 5.535633 2.631522 2.760351 0
0.061381 2.160946 1.089367 2.997431 0
0.089430 2.348348 1.443966 3.590652 0
0.022808 0.630666 2.422427 4.337298 0
0.074134 5.017621 1.081987 5.900692 0
0.058883 4.925019 1.342544 2.033655 0
0.054608 1.279689 0.135903 5.364247 1
0.056045 0.779029 1.962918 3.283324 0
0.007078 3.942259 2.748585 2.398729 0
0.098557 1.447378 2.371220 4.845179 0
0.077724 1.857186 1.250559 4.122591 0
0.062925 1.374647 1.258617 5.941000 0
0.013176 3.843084 2.448585 2.287607 0
0.062888 1.706050 1.955733 4.358552 0
0.068934 4.350230 1.665802 4.959298 0
0.090352 1.498581 1.185006 5.160735 0
0.093056 1.719926 0.935088 5.260861 0
0.070999 0.389254 1.789385 0.679844 0
0.059794 5.975499 2.127821 4.734293 0
0.041208 0.695954 1.980188 1.176045 0
0.084995 3.667430 1.673491 0.740771 0
0.092478 1.501729 2.243579 2.076033 0
0.096507 2.255751 0.706584 4.698032 0
0.077299 2.711583 1.709382 2.911987 0
0.083982 4.851861 1.160913 1.315629 0
0.091332 5.712516 1.197356 1.204370 0
0.092747 0.514723 2.668877 0.188606 0
0.043896 4.047585 0.969613 5.749716 0
0.047737 4.828302 0.365308 0.522124 0
0.008635 5.306624 1.396941 5.898803 0
0.045121 3.350303 1.953120 5.033522 0
0.098223 1.606045 1.080524 4.210211 0
0.016676 3.551985 2.432464 5.415835 0
0.068883 1.238127 0.467443 2.102959 0
0.052818 6.275683 1.296809 2.963528 0
0.080187 3.656215 1.342326 5.471912 0
0.059191 2.637360 2.709188 2.248176 0
0.051412 2.309008 1.151918 2.939989 0
0.094906 6.177443 1.090601 5.438012 0
0.048865 3.352648 1.641981 1.675024 0
0.031449 2.607692 0.733390 3.602763 0
0.078236 1.144694 2.525578 5.598670 0
0.042543 1.714102 1.292656 5.177274 0
0.092451 4.709071 1.971147 1.288463 0
0.041136 4.076852 1.696877 2.724045 0
0.012783 5.400434 2.502971 5.761985 0
0.091797 1.071174 2.171314 0.511810 0
0.083909 1.998665 1.262003 5.045270 0
0.085623 2.994508 1.320960 2.168991 0
0.081165 1.787385 1.015169 5.276394 0
0.074651 3.763489 1.904459 2.588619 0
0.059030 2.253299 1.807103 3.252621 0
0.008646 1.130537 2.696177 0.149640 0
0.019859 5.357514 2.650310 5.542477 0
0.015218 4.545252 2.757502 4.569324 0
0.020371 1.957936 1.631254 4.867088 0
0.088781 5.696257 0.706950 2.808461 0
0.043710 2.237370 1.130165 4.701944 0
0.097727 5.972153 0.823931 1.907048 0
0.055599 4.884461 2.268388 1.989232 0
0.097843 4.853149 1.245936 6.262784 0
0.079062 1.767311 2.430626 4.072980 0
0.006838 5.293177 1.319077 0.290109 0
0.039249 5.690528 2.267361 5.920371 0
0.090126 5.910091 1.347417 0.020871 0
0.054471 4.247317 2.098232 1.581950 0
0.079150 5.730194 1.681606 5.878552 0
0.083029 2.365482 1.052263 4.063283 0
0.038585 3.723471 1.861774 4.862923 0
0.093482 3.281771 1.414548 5.520159 0
0.060394 5.011837 2.585768 3.259691 0
0.083865 4.684279 1.492822 3.239594 0
0.082834 5.342524 1.608644 6.175462 0
0.072545 1.700096 1.011324 0.959756 0
0.042728 4.963225 0.603597 5.478575 0
0.040792 2.139721 1.608072 1.980968 0
0.096600 1.018368 0.606722 5.070788 0
0.082728 3.213424 1.951101 0.308717 0
0.055596 3.834845 1.707077 0.078071 0
0.059654 0.182099 1.626871 0.263938 0
0.093769 0.294946 0.316678 2.548093 1
0.056349 1.630441 1.687645 3.142147 0
0.022229 4.062971 1.311977 1.356004 0
0.099357 5.596208 1.633028 5.782699 0
0.022966 3.897679 2.042913 4.631530 0
0.036300 2.594879 2.180384 2.769994 0
0.015272 2.225468 1.477227 2.382477 0
0.061901 6.165730 1.412516 1.649004 0
0.016807 2.802630 1.913439 2.172532 0
0.083997 1.421761 2.334657 4.743553 0
0.093430 1.369030 2.797997 5.404240 0
0.032947 3.153344 2.166285 1.013443 0
0.034958 3.190871 2.492861 1.595755 0
0.095960 4.302034 1.971060 5.932288 0
0.019719 0.930628 1.209670 2.651884 0
0.035975 4.677995 1.948746 0.990662 0
0.043655 2.214800 1.577672 5.630512 0
0.076077 2.194688 1.877762 2.838109 0
0.075312 3.907251 1.184912 4.245771 0
0.035175 0.579731 2.310488 1.545247 0
0.077467 4.621002 1.570608 3.273166 0
0.064819 1.223566 1.500927 2.884167 0
0.058553 4.953849 2.437470 2.967367 0
0.073004 3.553754 1.833694 4.546099 0
0.095817 0.838039 1.812457 3.121930 0
0.069475 1.701120 2.684047 0.313260 0
0.094478 1.636017 2.038888 0.102596 0
0.059384 3.535059 1.075292 5.986350 0
0.054596 4.788846 1.518168 4.512726 0
0.097822 5.898600 0.869124 1.883421 0
0.085277 0.366575 2.146057 1.634738 0
0.078990 2.525632 2.885635 3.405698 0
0.073167 3.791077 0.397087 0.113212 0
0.093494 6.204482 0.527139 4.817383 0
0.049785 4.985502 2.172537 3.773061 0
0.059673 0.284637 1.677516 4.110252 0
0.089859 0.169372 1.312720 4.802710 0
0.098272 3.453502 0.512057 4.354052 0
0.077973 5.253734 2.705220 1.457220 0
0.048798 5.886440 2.150666 4.859852 0
0.073500 5.107361 2.193182 2.603343 0
0.089461 5.399536 0.879015 0.302785 0
0.080798 6.057519 1.872746 0.056044 0
0.009688 1.268888 1.903049 5.132453 0
0.047844 0.222903 1.733980 1.223048 0
0.076493 4.054924 2.457900 1.213296 0
0.069392 5.282703 1.420280 4.521654 0
0.088183 1.250249 1.557022 1.997105 0
0.010883 1.788199 2.053717 5.103081 0
0.037943 5.737988 2.375667 5.006402 0
0.093665 3.198529 2.228659 5.571292 0
0.084321 2.945556 1.990082 5.905677 0
0.071012 1.789353 0.751220 0.561680 0
0.096444 0.139453 1.120750 2.586564 0
0.092896 4.445492 0.741607 4.024929 0
0.095211 3.923353 2.730971 5.770165 0
0.095343 4.339296 2.049988 0.332917 0
0.077708 3.712742 2.345575 3.023236 0
0.031617 4.118580 1.303342 5.095502 0
0.035255 0.448718 2.096456 3.949411 0
0.059682 5.563532 2.021862 1.799163 0
0.095271 0.002881 1.977975 4.841956 0
0.084142 5.210760 1.392267 3.860929 0
0.067360 2.322548 1.636516 2.279294 0
0.024549 1.654784 1.401481 4.172758 0
0.092427 1.668345 0.782087 5.995612 0
0.095970 3.224151 2.129882 0.284690 0
0.076456 3.242737 1.925973 5.910939 0
0.063369 2.462006 0.993455 1.942884 0
0.062634 5.812644 0.572926 0.630076 0
0.086858 3.085354 2.014770 1.307961 0
0.092774 1.555728 1.713135 5.786560 0
0.071482 6.199466 1.741778 2.294852 0
0.050220 4.588940 1.201388 1.088365 0
0.049345 0.532022 0.972854 5.202774 0
0.077509 5.607156 2.138390 0.014657 0
0.053315 6.257445 1.184354 4.250864 0
0.095969 2.459195 2.157539 4.243937 0
0.093938 3.088760 2.445298 4.669265 0
0.085976 2.855967 1.905186 1.571814 0
0.066424 1.565587 1.803694 4.356873 0
0.098971 5.873945 2.393920 1.401248 0
0.013979 0.535107 0.455879 3.897541 0
0.098872 5.151365 1.818617 1.645054 0
0.090320 5.869739 2.639816 4.629344 0
0.057061 4.493674 1.394335 1.307113 0
0.045473 1.858807 2.695965 5.943736 0
0.086624 3.865832 0.917602 1.203837 0
0.092975 5.099031 2.449683 5.302761 0
0.086395 4.722763 0.523554 4.812573 0
0.091478 0.741661 1.341303 5.116948 0
0.096845 0.055942 0.559373 4.735466 0
0.097113 0.091550 1.551707 1.688245 0
0.085426 5.671719 1.524232 5.884472 0
0.044556 2.688551 2.441893 5.962115 0
0.020776 0.494202 0.768424 5.702618 0
0.094350 0.160290 2.098003 3.999839 0
0.088157 5.143017 1.374618 3.857738 0
0.096777 4.956156 1.427033 5.494519 0
0.089314 3.170317 1.829994 4.654594 0
0.072052 0.745238 0.195186 1.563907 1
0.014591 3.055012 0.890392 1.381113 0
0.095609 0.427031 0.846541 6.014762 0
0.038291 1.942808 2.388764 0.231282 0
0.057855 3.873202 1.924962 0.702966 0
0.065953 0.477162 2.039485 2.334527 0
0.092991 0.969019 1.038008 4.162230 0
0.081166 5.492660 1.376050 1.118019 0
0.099639 2.593293 1.423953 0.088485 0
0.094813 3.847119 1.009584 5.108684 0
0.082477 2.529640 2.142069 5.195385 0
0.084369 3.991269 2.385266 0.292360 0
0.050167 3.374602 0.818691 4.314321 0
0.078296 5.556030 0.487288 3.001897 0
0.019620 1.911523 0.767588 4.381201 0
0.042239 3.414581 2.419548 1.075710 0
0.097785 1.897960 0.889983 5.372994 0
0.095622 2.633793 1.913911 3.736045 0
0.090652 2.755568 1.413106 3.352694 0
0.027165 1.791725 1.731747 2.044938 0
0.090678 4.640381 0.220514 2.734906 1
0.078918 0.441736 2.542914 4.155090 0
0.061199 0.334560 1.284070 3.474256 0
0.077246 1.469140 2.035658 3.473830 0
0.073205 5.714161 1.385774 2.828994 0
0.057325 0.478946 0.426829 0.945016 0
0.071749 2.930098 1.947657 3.698165 0
0.086689 1.659580 2.546482 3.604965 0
0.005167 5.819176 0.190254 3.930002 1
0.099823 5.793489 1.130248 2.330985 0
0.098758 4.055013 2.582743 3.594005 0
0.093765 4.072021 0.722374 2.608067 0
0.074667 3.348288 2.390100 5.567766 0
0.078046 5.718915 0.384683 0.778562 0
0.061362 4.527306 2.009743 0.804465 0
0.099231 3.936644 1.986207 6.203662 0
0.074343 4.466116 1.798402 3.450361 0
0.079553 5.652386 2.568558 3.821284 0
0.073823 5.303400 0.876766 2.665181 0
0.070153 1.916753 2.316552 0.312048 0
0.091540 4.427124 2.629259 2.809089 0
0.078409 6.109410 1.713262 6.228681 0
0.083240 1.781191 0.705512 4.257231 0
0.095395 5.159392 1.906894 2.907284 0
0.072935 1.745001 0.218154 1.035558 1
0.042111 5.855805 2.148356 4.538414 0
0.088093 5.988945 0.785515 1.685071 0
0.050816 6.193658 1.197918 0.604368 0
0.083087 1.593748 1.657442 1.917265 0
0.047539 0.717921 1.151558 5.773503 0
0.063067 2.612722 1.764895 1.933763 0
0.048680 1.642072 2.142366 4.831251 0
0.073421 4.915507 2.620877 4.501274 0
0.084517 4.440465 1.447909 3.080962 0
0.081234 3.676912 2.114227 5.768738 0
0.075561 0.479968 0.239833 1.641796 1
0.057449 3.503376 1.704075 3.493688 0
0.081966 5.421821 1.520614 0.437225 0
0.052796 0.448370 1.322976 3.240287 0
0.057681 0.928850 1.125473 5.477514 0
0.096445 1.371976 1.748070 4.049298 0
0.096181 0.168919 0.751936 3.675481 0
0.078236 5.613109 1.576985 1.150031 0
0.098476 3.250954 1.459231 1.883606 0
0.027383 0.067702 2.362635 4.692442 0
0.093471 2.078115 2.255991 0.957696 0
0.063412 1.217469 1.913738 4.616926 0
0.058446 5.986335 1.785605 1.707491 0
0.041366 1.223671 2.554298 0.604382 0
0.047078 0.320679 1.941555 5.238422 0
0.097180 1.157712 0.259601 5.743678 1
0.083765 2.897093 0.961659 4.879810 0
0.068692 0.438209 1.617756 2.171133 0
0.063284 2.135548 1.566733 5.042808 0
0.073051 1.043626 1.645655 5.499337 0
0.034475 0.904619 0.786968 1.821901 0
0.058200 0.397246 1.341091 3.520881 0
0.033803 0.422961 1.357352 0.368527 0
0.050157 2.581384 2.810154 5.989338 0
0.093377 1.173119 2.048518 2.160088 0
0.050641 1.591844 1.959155 4.127651 0
0.077022 1.176864 1.489756 0.797224 0
0.059448 6.263824 0.092312 2.967264 1
0.037536 0.937018 2.122852 3.013548 0
0.046082 0.932263 0.402647 2.052189 0
0.046443 2.727360 1.339271 2.935897 0
0.091919 2.249735 1.411109 4.504037 0
0.073808 0.944826 0.497574 5.034182 0
0.063539 4.712160 1.487001 6.264062 0
0.096813 5.765923 0.719216 1.826328 0
0.095634 0.791477 2.124508 0.348634 0
0.052450 3.299572 1.641070 3.062759 0
0.082068 3.613425 2.249955 5.587059 0
0.009575 1.252478 1.279641 5.366345 0
0.074659 4.881820 1.713117 0.641882 0
0.096298 3.968137 2.509423 2.080131 0
0.061767 2.271527 1.219664 2.002950 0
0.052839 2.839109 1.791480 1.217642 0
0.076015 2.339684 1.045535 5.359081 0
0.094737 4.928458 1.245863 3.587906 0
0.059957 0.970416 1.491195 2.316298 0
0.059480 5.131551 0.982988 5.725107 0
0.077050 4.986655 0.231494 3.273647 1
0.065207 5.759867 2.352036 5.068717 0
0.052748 1.131600 0.724217 3.502474 0
0.079496 4.617759 2.097238 1.318109 0
0.032758 0.003207 0.506218 0.030330 0
0.088595 2.532658 1.723105 0.907177 0
0.074668 0.226831 1.596863 5.725969 0
0.092348 4.622932 2.271807 2.805383 0
0.072761 5.251693 2.779098 5.998007 0
0.086749 5.149622 2.120750 0.193399 0
0.099984 5.572021 1.748158 3.968745 0
0.078851 2.132804 2.322464 4.580854 0
0.058306 5.680858 2.057580 0.784490 0
0.055428 1.946234 1.091082 5.433405 0
0.058809 4.915141 2.155724 1.248263 0
0.071974 3.760893 1.865353 0.298103 0
0.065909 3.849489 0.090740 1.174591 1
0.065746 4.796464 0.970902 2.713963 0
0.080635 5.063864 0.509829 1.708710 0
0.038129 5.686376 0.063734 3.049494 1
0.089953 4.617562 1.793016 0.731193 0
0.021133 5.525651 2.865958 2.453677 0
0.081345 4.757601 1.750120 1.129308 0
0.059646 1.472399 0.993643 4.964710 0
0.092033 1.440336 2.837772 1.754629 0
0.099630 1.224106 2.006884 4.038914 0
0.002760 4.868114 2.549054 0.918268 0
0.082450 5.754003 1.836904 3.072168 0
0.080665 1.518561 1.783033 4.368991 0
0.034802 3.684774 0.594770 4.918632 0
0.058621 4.241421 2.752146 4.394499 0
0.095362 1.192166 1.549924 4.752524 0
0.064728 2.932140 0.379881 2.586117 0
0.081332 4.692560 0.470841 4.161032 0
0.072224 6.089470 2.235456 1.265608 0
0.094072 2.763877 1.961411 3.365482 0
0.082557 1.857951 1.002685 5.043465 0
0.093923 1.990769 1.742675 1.418730 0
0.099593 3.443667 2.587557 5.662825 0
0.085896 2.606068 1.891578 0.985151 0
0.093885 4.356132 1.707996 3.411270 0
0.066343 3.913113 0.940157 6.042995 0
0.076939 0.085232 0.831728 2.996500 0
0.067339 5.363194 0.224443 0.848363 1
0.038637 1.530084 2.637115 0.197499 0
0.074857 3.287554 1.063817 3.469858 0
0.026703 1.146273 1.477685 5.083870 0
0.077279 0.698477 2.770218 3.007365 0
0.089692 3.357103 0.294715 1.536930 1
0.039635 1.424567 0.943158 4.706428 0
0.049020 2.322158 0.990727 4.358908 0
0.047240 1.498540 2.288326 2.340126 0
0.069428 4.815913 1.377343 0.266291 0
0.053824 4.153854 1.761198 2.268319 0
0.091845 0.302461 0.850343 2.769283 0
0.039913 0.854838 2.565805 6.055546 0
0.081875 5.912097 0.948085 5.198971 0
0.040947 2.606031 1.724386 2.563277 0
0.088563 5.041957 0.649146 0.047170 0
0.020237 5.846270 1.328327 3.285935 0
0.083483 4.924921 1.701880 6.199281 0
0.066703 1.005188 1.261194 1.812531 0
0.045620 3.253417 2.047032 2.308587 0
0.080861 4.075276 1.226416 2.037011 0
0.076781 3.390238 0.799988 4.757665 0
0.097690 4.575012 0.837030 4.641273 0
0.072841 1.676756 2.085616 3.591095 0
0.044421 0.792553 0.624983 5.618839 0
0.095392 4.146070 2.436921 2.229878 0
0.090545 1.436163 1.861617 0.175723 0
0.086393 2.341037 1.360019 2.514651 0
0.014556 4.565257 2.036262 3.837315 0
0.051590 5.504459 1.303492 1.385394 0
0.077730 3.349552 2.734681 0.846884 0
0.089441 4.431924 1.996161 6.266149 0
0.091187 5.031824 2.470446 4.658765 0
0.067875 4.853552 0.631273 1.762782 0
0.003224 4.647866 1.177804 4.696111 0
0.033514 4.422814 0.788735 0.838846 0
0.065612 5.479238 2.081130 4.377195 0
0.086493 0.704771 2.557638 2.213611 0
0.080328 5.506070 1.544979 2.797445 0
0.076268 1.215288 1.455573 2.596099 0
0.099713 2.099026 0.808333 2.858636 0
0.032640 1.577136 2.061269 0.675923 0
0.099536 0.276737 2.360254 0.647536 0
0.086484 0.016425 1.015883 1.121252 0
0.093523 6.162543 2.419176 3.912989 0
0.030490 4.977850 2.824536 4.638452 0
0.081766 2.903909 0.885270 1.572357 0
0.080969 3.933120 1.903776 4.083124 0
0.097982 5.140135 0.659385 0.418354 0
0.026284 5.279992 0.860998 0.375904 0
0.094042 0.183126 0.830876 3.973095 0
0.017821 2.509821 2.241556 5.695214 0
0.061664 4.309609 1.629215 2.973308 0
0.069148 3.168431 0.955621 0.921823 0
0.098308 2.481286 1.363231 3.908352 0
0.014451 0.379451 1.097038 6.163366 0
0.093727 2.366864 0.439479 5.953672 0
0.046587 1.392812 0.172064 0.637215 1
0.050082 1.069830 2.057265 1.775489 0
0.075480 3.421472 0.899500 5.968830 0
0.048004 4.512534 1.416556 4.452169 0
0.047166 3.987527 2.361139 1.186935 0
0.017188 1.584985 2.241938 0.316847 0
0.055915 0.520392 0.356041 1.200836 0
0.067788 0.495562 0.763169 4.250927 0
0.054822 0.917713 2.160295 3.464312 0
0.056243 3.215267 2.302153 5.567193 0
0.023721 0.144132 2.307743 1.801449 0
0.086089 1.628605 3.004286 6.054446 0
0.094543 5.344423 0.802381 5.801758 0
0.032070 6.053482 2.816473 2.610659 0
0.021509 0.032448 1.785683 3.177945 0
0.028989 4.682818 0.882378 2.416384 0
0.094411 6.033829 2.629832 1.304888 0
0.068705 4.837311 0.622285 3.319464 0
0.089041 5.841734 2.252398 3.354924 0
0.043467 5.091345 1.565892 0.520099 0
0.081296 4.084380 0.157067 4.798806 1
0.078326 6.157277 0.874352 4.145365 0
0.099253 4.937775 0.838044 0.434550 0
0.072881 2.185812 1.478145 2.654753 0
0.055515 2.448445 1.834226 4.902366 0
0.039945 4.548538 1.177852 5.984014 0
0.080849 0.776373 1.543469 5.294240 0
0.096637 6.181937 2.588229 3.737116 0
0.079620 5.853012 1.283947 1.554623 0
0.095472 3.379017 2.522426 5.633644 0
0.056891 0.456927 2.769493 5.371014 0
0.064854 2.635943 1.109266 4.579194 0
0.089956 5.702224 1.588872 6.086960 0
0.079464 5.137020 2.572352 1.791479 0
0.097013 2.560356 0.730943 5.497926 0
0.062560 0.333688 1.510365 0.159055 0
0.099229 5.204595 1.098964 5.630618 0
0.060508 1.130480 2.196325 4.334033 0
0.050264 4.766085 1.660128 4.230146 0
0.042198 5.164445 1.373621 6.203232 0
0.085410 5.724529 2.719149 2.267876 0
0.085362 5.511611 1.867252 4.208571 0
0.053357 4.861888 1.660591 4.247891 0
0.090934 0.091984 1.985342 5.099091 0
0.091814 6.120622 1.999149 1.313820 0
0.039249 3.144415 2.494380 2.555324 0
0.050892 2.786530 0.573296 2.746159 0
0.051521 3.028439 1.418893 6.251273 0
0.062696 2.390028 1.278376 0.764960 0
0.050753 0.012133 2.193366 3.407236 0
0.088075 2.113659 0.972425 3.786412 0
0.059249 5.778886 1.398286 1.219037 0
0.094544 0.765657 1.375796 0.301055 0
0.078886 1.897525 1.479885 5.537388 0
0.086342 3.358663 1.199026 0.068660 0
0.012860 4.666568 0.153101 2.573699 1
0.035084 2.272711 1.633566 2.391865 0
0.060303 2.029006 2.579067 0.875679 0
0.081199 0.887857 2.076005 0.065123 0
0.024707 0.981225 0.938202 5.999881 0
0.052728 3.817017 0.106354 5.656955 1
0.095368 2.874130 2.169135 4.115412 0
0.099598 0.628335 1.909041 0.053524 0
0.091799 4.220820 1.406327 6.068314 0
0.018297 5.965882 1.258713 2.495189 0
0.052194 1.692908 1.643842 5.854367 0
0.064089 1.749775 2.655644 2.964323 0
0.065928 0.920464 1.423661 4.477883 0
0.086833 2.698769 1.798785 4.168837 0
0.094178 2.479626 1.199266 5.522507 0
0.070331 6.185137 2.457362 2.119678 0
0.081004 1.920069 1.166164 4.333117 0
0.050506 4.081800 0.597965 3.314468 0
0.095868 3.915989 1.489237 2.072287 0
0.094960 2.521954 2.218307 2.113580 0
0.074019 1.434443 0.446712 1.896713 0
0.081106 4.159930 2.767186 3.422926 0
0.023816 1.783429 1.417618 3.464331 0
0.051792 1.955093 2.461390 5.808152 0
0.078534 1.205630 1.800887 5.477927 0
0.091734 4.403203 1.368118 4.778952 0
0.056925 5.394859 0.610812 1.418587 0
0.050990 5.604664 1.695442 5.076045 0
0.034686 3.840443 0.675328 4.889134 0
0.052278 0.471938 1.208749 2.073558 0
0.059913 4.691122 2.438374 3.940748 0
0.024037 4.838713 1.674151 4.238191 0
0.098081 1.040611 1.663666 5.048587 0
0.093081 5.942142 1.699353 1.196637 0
0.089685 4.112409 1.402454 0.404258 0
0.073927 6.147389 2.410484 4.189810 0
0.076786 6.169876 1.460490 5.421836 0
0.023891 4.824633 0.909498 2.613995 0
0.071727 0.466913 0.418842 3.595600 0
0.091892 3.737271 1.039760 5.066783 0
0.087202 4.983539 1.792429 3.938511 0
0.085958 1.093355 2.258246 3.413126 0
0.091023 1.467186 1.787602 2.356466 0
0.046032 3.014502 0.412165 5.036037 0
0.067951 3.058849 1.905876 3.259820 0
0.050467 5.386896 2.625377 4.832866 0
0.096523 6.145372 1.248088 4.876250 0
0.075688 3.695887 1.736520 2.094155 0
0.061755 1.208848 2.739534 0.755550 0
0.060532 4.884629 1.903850 1.224781 0
0.010451 1.702875 1.711203 1.400019 0
0.086648 3.844337 0.313242 1.335383 1
0.031413 4.327559 2.051833 2.220297 0
0.073899 4.185833 0.715282 3.001894 0
0.080266 2.915258 1.056056 1.364292 0
0.022847 5.254806 1.671826 2.724200 0
0.016948 3.207928 1.678644 2.482672 0
0.053663 1.365240 1.751904 1.878002 0
0.069879 1.005514 1.614236 1.502306 0
0.087857 3.430892 1.473909 5.469851 0
0.048456 1.149707 0.985856 4.906537 0
0.092151 2.176940 1.067097 3.100374 0
0.090025 3.220204 2.005506 5.420158 0
0.059063 1.639928 1.151004 2.372294 0
0.087839 5.340922 2.147643 0.374043 0
0.025946 2.279232 1.283717 3.491091 0
0.072304 5.530066 2.201171 1.851412 0
0.065283 1.547901 0.837167 4.153039 0
0.065524 2.445039 1.454285 1.749961 0
0.085768 4.401636 2.145885 3.430992 0
0.046158 3.031816 1.387175 3.530479 0
0.086228 4.429138 2.644370 3.236415 0
0.074495 4.474553 1.720600 3.909851 0
0.027368 5.862502 0.870810 3.755346 0
0.090177 6.111154 2.472986 1.503970 0
0.046795 0.361649 2.499229 4.073476 0
0.066835 2.150213 2.593764 1.145483 0
0.020678 4.390587 2.045120 1.607318 0
0.042581 0.861255 2.259338 5.810961 0
0.091760 4.757384 1.450374 2.494081 0
0.068506 0.091462 0.278150 3.419351 1
0.097345 1.238503 0.772421 4.780161 0
0.041199 0.215083 0.024538 2.442341 1
0.030297 5.657954 0.387250 3.383420 0
0.049265 6.056069 2.028171 1.793645 0
0.081403 2.822193 1.653451 5.302688 0
0.076566 2.255574 2.138366 2.690655 0
0.034080 1.311468 2.278845 3.678524 0
0.047253 5.305482 0.736720 1.073710 0
0.020373 1.706200 2.612658 1.327272 0
0.055298 5.854817 1.772058 2.498015 0
0.091231 4.002246 2.630313 0.471382 0
0.077513 4.127153 1.288024 1.655415 0
0.032561 5.665991 0.667831 4.349608 0
0.051064 5.505382 0.708998 2.368153 0
0.029144 5.941813 2.751088 1.936595 0
0.088885 0.578181 1.528994 5.224911 0
0.060297 2.580990 0.416834 4.205665 0
0.058532 4.038612 0.523345 1.099022 0
0.052891 0.018745 1.047053 5.532802 0
0.081231 3.835432 0.778569 4.812059 0
0.071568 1.579950 1.486947 4.856618 0
0.035730 3.635559 0.795001 1.335810 0
0.072408 0.705077 1.612447 1.975112 0
0.045193 6.282710 0.783906 3.567640 0
0.064086 1.185836 1.017282 4.733136 0
0.091186 1.910614 2.599118 0.698934 0
0.055414 1.119377 2.960365 6.075257 0
0.088802 0.853582 2.055041 1.889862 0
0.062234 1.199427 0.549992 3.235677 0
0.087722 1.404880 2.043337 1.845989 0
0.057949 1.560708 1.788814 3.393216 0
0.049832 4.737939 0.669244 4.140747 0
0.097098 2.167789 1.394530 4.865038 0
0.080567 2.139670 2.451312 6.007762 0
0.072020 5.512523 2.579505 1.930672 0
0.011488 4.120780 1.788629 2.516451 0
0.092018 4.283828 2.551626 3.872008 0
0.095152 4.040431 2.532373 1.515481 0
0.094417 3.255913 2.168187 0.878186 0
0.052179 5.586367 2.211271 1.351256 0
0.048385 1.326445 2.934865 5.549374 0
0.074273 5.497080 2.316856 0.441977 0
0.086731 4.790599 1.323522 4.809337 0
0.064675 6.193183 0.839105 1.665215 0
0.081699 0.511546 2.438047 3.599349 0
0.085116 4.972035 2.249907 3.869930 0
0.055634 3.740342 2.107577 3.655428 0
0.069598 3.483863 2.206417 4.514495 0
0.087498 4.939793 1.775655 1.993238 0
0.081307 2.771449 1.344010 2.596920 0
0.045115 4.807864 0.873020 3.907056 0
0.086653 2.165675 2.455471 2.628502 0
0.065276 4.826309 2.953629 0.946012 0
0.074797 5.059497 2.132894 5.459921 0
0.063288 3.280872 1.472142 5.560178 0
0.027684 1.555664 1.779169 5.291857 0
0.018380 1.288985 0.821557 4.365959 0
0.080389 3.437125 0.670282 5.339297 0
0.055878 1.802766 1.513971 0.396480 0
0.079473 2.252253 1.533670 0.362476 0
0.035579 2.969649 0.947770 4.310537 0
0.052714 6.124430 1.681053 4.262614 0
0.070491 0.036252 1.697829 3.603667 0
0.050335 1.047908 1.401522 1.804187 0
0.060986 3.614249 2.872522 0.114142 0
0.034966 0.566655 2.397767 2.729992 0
0.061409 2.133421 1.565983 0.054677 0
0.083546 6.151454 0.521213 5.181052 0
0.067206 1.725641 1.592064 4.583877 0
0.049938 0.412490 1.385666 4.689003 0
0.026724 6.102912 1.202141 2.040658 0
0.037160 4.621823 1.796561 3.204529 0
0.055750 3.731805 1.627192 2.721075 0
0.082712 2.488924 2.396652 0.384695 0
0.085771 2.294353 0.535245 2.724834 0
0.058668 0.856525 1.066172 5.000538 0
0.064107 4.831104 1.621632 4.149053 0
0.091353 5.864536 1.382934 5.692337 0
0.095115 4.564355 1.002127 0.268713 0
0.067972 5.294653 1.676561 4.855880 0
0.066076 0.508727 0.941989 0.758547 0
0.069072 0.461650 0.881370 1.336811 0
0.066229 1.582615 1.868015 4.918623 0
0.062306 5.684346 1.728820 5.021307 0
0.082072 0.654020 1.489724 3.192674 0
0.019355 5.442045 1.398126 5.919634 0
0.076978 4.051634 2.895255 0.343023 0
0.069822 3.378403 2.284796 5.806375 0
0.078655 0.209486 0.426739 0.601596 0
0.032682 1.424980 1.177770 3.427138 0
0.069186 6.000053 1.220196 5.446736 0
0.092716 5.698552 1.909306 3.350292 0
0.010509 0.788847 0.409527 0.304758 0
0.099583 2.861605 2.947824 3.670922 0
0.031666 6.129554 1.852173 3.693156 0
0.071641 2.929661 1.594593 0.828717 0
0.070683 3.498083 0.994745 3.810282 0
0.088517 3.368721 0.800626 1.647473 0
0.070078 3.016811 0.734981 2.203616 0
0.062217 4.995880 2.446297 2.501564 0
0.095951 5.813689 1.463873 5.732434 0
0.061702 2.747528 1.563977 3.022163 0
0.064252 0.850929 0.530711 5.818668 0
0.077569 3.648480 0.486293 0.636551 0
0.037069 1.794514 1.999257 5.786440 0
0.090651 5.401068 0.884454 1.965638 0
0.058288 1.961750 1.904045 4.566872 0
0.032763 3.439977 0.722663 0.175987 0
0.068758 3.591572 2.648152 5.362591 0
0.009434 2.745405 1.233380 2.649812 0
0.075655 2.533703 1.261489 1.093738 0
0.099193 2.549496 1.104891 0.762374 0
0.083149 6.177122 0.414177 3.224059 0
0.091800 1.416356 2.280926 1.146514 0
0.073324 3.075765 2.529813 4.052551 0
0.019239 0.215450 1.924085 3.203039 0
0.077840 3.853772 1.293792 3.862938 0
0.022426 4.384014 0.384657 3.912325 0
0.031779 2.414861 2.206171 0.533528 0
0.088888 0.453166 0.942829 3.025181 0
0.023504 1.561531 2.994455 5.642107 0
0.068844 5.155751 0.575142 0.072808 0
0.055685 6.218821 1.889296 2.180888 0
0.015507 2.070710 2.365645 3.958109 0
0.097104 1.383187 1.035050 6.240474 0
0.095806 1.767427 1.804658 0.118546 0
0.081586 2.592490 0.656000 2.863460 0
0.069623 1.947977 2.635020 3.392758 0
0.074737 5.854694 1.446362 0.204210 0
0.086739 3.257116 0.423095 0.392405 0
0.071284 4.402376 1.388900 3.343837 0
0.017385 1.674036 0.828858 6.114383 0
0.069755 2.556623 2.772550 2.541237 0
0.082957 3.658100 1.416824 2.223153 0
0.099740 3.311858 2.238417 3.013061 0
0.091495 4.692068 0.280329 2.486159 1
0.082375 2.874314 1.426669 2.707652 0
0.098785 2.967387 1.557575 3.040996 0
0.041585 5.673350 0.255075 1.276479 1
0.041155 1.120409 0.866608 4.121423 0
0.076500 0.896164 0.496596 1.717897 0
0.085137 3.039258 1.828101 4.521668 0
0.010398 2.744478 0.925267 5.327766 0
0.042844 1.374177 1.032411 5.416937 0
0.082229 4.221108 1.144103 4.096736 0
0.037958 4.941460 0.755411 1.991888 0
0.083030 0.956194 1.611161 5.395826 0
0.057489 4.376044 1.600235 5.753634 0
0.091602 3.613539 0.899837 3.543287 0
0.024254 5.129396 1.123150 0.437542 0
0.050316 3.033313 2.559210 2.744049 0
0.083754 1.012862 1.156793 2.372797 0
0.091270 3.719204 0.346156 6.139280 0
0.061513 1.040893 1.146402 0.425919 0
0.056378 5.116350 2.592731 4.073689 0
0.071468 2.772624 1.699284 2.198232 0
0.012802 4.732484 2.545583 0.472588 0
0.075470 1.240102 0.780877 5.169383 0
0.082470 0.392254 1.068914 2.397721 0
0.047290 3.508047 2.115896 0.355901 0
0.038762 4.956865 0.369468 3.321545 0
0.097702 2.059979 1.764867 1.711659 0
0.037703 3.286024 2.570912 4.102352 0
0.098197 3.046300 0.105292 6.161625 1
0.048789 5.758917 0.477243 5.074294 0
0.033753 1.261158 1.834506 4.989250 0
0.051298 5.590737 0.864982 3.058528 0
0.066942 5.874303 1.657752 3.759664 0
0.085078 3.626424 0.728789 4.262555 0
0.095132 4.545487 2.694369 0.296361 0
0.049641 5.476376 1.982481 1.323788 0
0.059701 4.416112 0.905466 3.735090 0
0.078702 1.553255 1.373635 4.607677 0
0.066927 0.203504 1.625620 4.467825 0
0.096030 4.417527 0.921925 2.326654 0
0.079875 4.657595 2.785699 2.273442 0
0.056431 0.601157 0.403920 1.404052 0
0.090505 6.227025 1.094218 0.411785 0
0.092879 6.099127 1.106773 1.376521 0
0.082070 2.937800 2.248590 1.840711 0
0.084544 1.354624 0.325740 1.022283 1
0.049798 3.478944 2.415170 1.069183 0
0.050672 0.450089 1.651814 5.621931 0
0.090162 3.198971 1.062345 0.825334 0
0.077769 1.865000 1.276189 2.663587 0
0.053655 3.929800 1.549716 0.945870 0
0.077211 4.810945 1.306987 1.694609 0
0.048296 1.150817 1.696454 5.956615 0
0.063147 3.700523 0.678448 4.063568 0
0.037769 6.185821 2.257259 2.509567 0
0.023693 2.245403 1.146517 5.460409 0
0.093086 3.460501 0.040355 2.961317 1
0.092064 2.231944 2.482360 0.851155 0
0.099029 2.417091 1.128529 3.624300 0
0.038779 4.119415 2.336523 2.410411 0
0.091585 2.571044 1.227394 1.492487 0
0.099907 2.779554 2.447363 0.884663 0
0.065336 4.405620 1.651300 3.034914 0
0.024196 5.242543 1.270446 5.812212 0
0.062059 2.214696 1.361983 1.462174 0
0.084125 1.832062 1.303998 4.325198 0
0.082236 4.110353 1.081963 5.194004 0
0.055660 0.702036 0.952756 0.933629 0
0.072175 3.405071 1.341037 3.261461 0
0.099213 1.698985 1.896264 2.583629 0
0.098569 1.257169 2.479062 0.189257 0
0.018564 1.547496 2.714870 2.636385 0
0.077380 2.208627 1.880327 1.925647 0
0.080193 0.128702 2.997983 2.006657 0
0.082138 1.633972 0.784193 6.185637 0
0.060974 2.238706 0.746799 5.609088 0
0.094775 3.262198 1.393451 5.545217 0
0.088859 0.450301 1.145591 4.782603 0
0.052130 1.181019 2.192711 1.923997 0
0.065898 4.690144 2.039371 0.207523 0
0.031301 2.375756 1.244021 4.656275 0
0.063135 2.100830 0.496778 0.460328 0
0.077098 1.297223 0.485324 6.070810 0
0.075017 1.198861 2.371473 2.896520 0
0.084261 1.700891 1.252539 3.139057 0
0.058513 4.004213 1.071899 3.858662 0
0.090844 0.327149 2.569329 1.630562 0
0.089360 4.059856 1.142942 5.632880 0
0.015575 3.971255 1.849531 2.656885 0
0.098306 4.385717 1.563036 3.523702 0
0.095104 3.479992 1.624851 2.935683 0
0.086294 2.424854 2.599146 2.856726 0
0.081033 1.707570 2.710517 6.276937 0
0.095345 1.351072 1.799034 4.613829 0
0.051681 3.351887 2.984277 0.412330 0
0.042381 1.799291 2.749862 1.280984 0
0.095834 3.767993 1.827054 5.559446 0
0.054562 0.771895 1.461836 1.270279 0
0.082262 6.111289 1.916437 2.647555 0
0.059881 3.754980 2.421989 0.095517 0
0.093241 5.216879 0.238959 4.891147 1
0.021289 3.941682 1.596327 1.962987 0
0.040101 3.182997 1.324397 2.138941 0
0.089048 2.137340 1.659509 4.469648 0
0.096947 1.074608 1.764363 1.492673 0
0.054211 0.262685 1.449978 6.098390 0
0.012021 0.685729 1.352999 2.343747 0
0.084069 1.683855 1.345333 3.620075 0
0.031351 2.528533 1.275740 0.902313 0
0.017253 5.449827 1.482736 1.197414 0
0.061152 5.240616 1.632831 1.048741 0
0.041742 0.473095 2.428829 0.716919 0
0.049631 2.981112 1.269598 3.394206 0
0.071852 4.972544 1.592385 3.334587 0
0.094897 5.672169 2.510647 3.815798 0
0.041322 1.834413 0.885260 1.690387 0
0.083330 3.380724 1.395177 4.549976 0
0.063673 5.458000 2.548921 4.897004 0
0.083829 2.800560 2.673852 5.510202 0
0.072182 5.180948 2.952388 4.821357 0
0.054684 2.153527 1.175691 5.122673 0
0.036626 5.141788 1.257737 0.217974 0
0.084917 1.569224 1.858749 5.603610 0
0.073601 5.186459 0.825420 1.483397 0
0.060292 3.603512 2.740109 4.831363 0
0.066497 5.497578 1.667583 0.910572 0
0.056629 3.107741 0.297050 5.288608 1
0.056497 0.081524 1.790665 3.884380 0
0.059642 5.759157 1.437435 3.077937 0
0.085729 4.897943 1.619937 2.865346 0
0.017112 1.046497 1.261648 3.587618 0
0.099599 3.196582 2.232110 2.233769 0
0.028682 4.821203 0.721072 3.295235 0
0.080143 4.227128 1.916385 6.050549 0
0.040912 4.343397 2.226057 3.057188 0
0.083919 2.599566 0.659285 0.376787 0
0.057475 3.382250 1.670635 0.410113 0
0.056377 0.467450 1.613420 2.180989 0
0.049087 5.461229 2.561122 1.463718 0
0.061476 4.556436 1.748680 2.891535 0
0.070178 4.479433 2.893205 0.846864 0
0.062104 4.109392 0.635988 3.475060 0
0.058763 5.670199 0.400873 0.311339 0
0.056229 0.907445 0.674591 4.062118 0
0.082627 4.142850 2.008163 0.003518 0
0.085659 1.464503 1.261226 6.124247 0
0.031979 1.669928 0.946316 3.017173 0
0.099547 5.002267 2.648346 3.037632 0
0.071348 5.812293 1.809531 5.621891 0
0.076098 4.498723 1.466256 5.808103 0
0.078641 3.062829 2.817308 5.872316 0
0.079491 0.524383 1.733745 1.976785 0
0.086187 1.840293 1.192164 2.994348 0
0.072524 4.164810 1.473180 3.947344 0
0.096365 4.140189 0.671120 5.777917 0
0.067459 0.306854 1.375636 6.057786 0
0.098686 0.133675 2.371372 3.474461 0
0.085864 1.927073 1.525513 2.234949 0
0.089116 2.835636 1.138037 2.676992 0
0.073128 5.475329 2.072983 1.744067 0
0.040536 0.350894 2.103988 4.337234 0
0.084776 1.290639 1.199378 4.067256 0
0.092970 2.682724 1.705015 2.006914 0
0.068979 6.094352 1.123060 2.825540 0
0.099560 0.894821 0.103511 4.577239 1
0.067016 3.016194 0.588790 1.528611 0
0.096506 2.353083 1.916315 2.928664 0
0.049591 2.576194 2.079879 2.577664 0
0.068254 3.127961 0.645300 1.159607 0
0.083860 2.633106 2.296634 3.566242 0
0.091980 2.505666 2.455916 2.022223 0
0.060724 1.071484 2.144910 2.261673 0
0.055942 4.864578 0.603936 4.788199 0
0.050425 1.084730 0.146440 1.166232 1
0.073969 4.239228 1.879103 4.983041 0
0.029105 2.484442 0.935579 3.459325 0
0.094511 1.909233 2.060372 3.747817 0
0.085026 3.562611 0.834075 3.574983 0
0.098275 0.320844 2.468096 2.101924 0
0.047074 4.161782 1.970316 3.358634 0
0.066075 4.919324 1.151867 4.340762 0
0.097754 1.897273 2.423300 3.158682 0
0.098826 3.318705 1.150086 0.385553 0
0.096104 3.136057 1.796572 5.132364 0
0.089609 2.180625 1.396565 3.304442 0
0.095607 3.627868 0.626284 5.528327 0
0.079275 6.193445 0.962810 5.341040 0
0.080504 5.710663 1.337888 0.532032 0
0.083175 4.280136 2.154428 4.067670 0
0.099155 4.096602 0.795705 6.030724 0
0.042448 2.801703 0.292119 0.652083 1
0.097212 3.977969 2.570381 4.699863 0
0.099004 2.098256 1.101622 5.618645 0
0.095464 2.317360 2.150996 3.391651 0
0.059543 6.210852 1.348676 0.016476 0
0.094730 4.865994 0.599878 3.701945 0
0.067502 5.421302 1.015900 2.757168 0
0.071751 2.429595 1.366654 4.366840 0
0.091246 2.637798 2.211267 4.885872 0
0.023007 4.520184 1.622053 0.207992 0
0.023099 5.023670 2.595723 6.061379 0
0.041032 4.407237 1.579789 3.285464 0
0.083062 5.619351 1.621859 3.690048 0
0.081780 3.850448 0.867080 0.781919 0
0.068967 2.595237 1.697663 6.223284 0
0.089427 6.043794 1.950819 3.972945 0
0.061783 3.042676 1.389656 2.730990 0
0.045129 5.878182 1.506258 1.614930 0
0.085737 2.482432 0.980563 5.676512 0
0.031068 4.562969 1.422944 4.941388 0
0.078776 5.980732 1.315504 1.818109 0
0.075145 3.457058 1.397546 0.253374 0
0.098145 6.139115 0.352780 4.793943 0
0.096900 4.500411 1.359822 2.014946 0
0.044779 5.059334 2.106770 2.539577 0
0.086067 1.401732 1.899082 2.989813 0
0.078625 5.547630 1.326964 4.490648 0
0.078048 5.061931 1.573107 1.443362 0
0.087034 5.497102 1.608964 2.024287 0
0.065200 5.861499 1.292209 2.440085 0
0.095392 2.471134 0.799120 5.333968 0
0.033099 3.434545 0.848955 1.948262 0
0.059316 5.811665 2.013654 0.581840 0
0.038477 2.359160 1.708120 4.814376 0
0.050834 5.954793 1.532668 5.451018 0
0.086797 6.170690 0.634361 3.209831 0
0.092574 3.872667 2.299726 1.772397 0
0.074111 1.228594 1.918644 2.885224 0
0.076735 5.163325 1.176943 4.388089 0
0.060695 3.001736 0.184235 4.525379 1
0.063458 4.541005 2.246797 3.460427 0
0.031336 2.395686 1.196037 2.240585 0
0.057360 5.013456 0.986411 0.517647 0
0.088318 2.019613 1.758388 4.002383 0
0.096839 2.678411 2.564714 3.060075 0
0.078856 3.704077 2.673538 1.323549 0
0.064132 1.598121 2.528845 4.898901 0
0.085562 5.764804 1.570638 0.846887 0
0.080014 1.965128 1.950947 4.639603 0
0.083309 0.015745 0.626699 0.144923 0
0.089466 2.005421 0.661458 3.646977 0
0.080038 4.390048 0.970202 3.634128 0
0.035353 0.857768 0.517277 4.692280 0
0.085208 0.073131 2.726051 0.862876 0
0.051574 5.444281 2.557170 6.271108 0
0.088543 2.619686 0.746203 2.665338 0
0.085422 5.142123 0.830150 2.662443 0
0.090604 1.618759 1.464207 3.903884 0
0.075948 3.469935 0.931680 1.366028 0
0.050095 2.633850 2.203837 2.362073 0
0.074546 5.411173 0.715859 1.770278 0
0.093427 0.503811 1.408240 0.872371 0
0.097297 2.111745 0.758076 4.590806 0
0.086777 1.695103 0.808896 3.033059 0
0.029695 1.994714 2.519970 5.711909 0
0.075835 2.219682 1.631636 0.954467 0
0.095159 4.600283 1.306362 0.983230 0
0.038903 1.037466 1.635685 4.442566 0
0.016227 4.116470 2.929580 5.649758 0
0.085752 2.562811 0.392536 4.285187 0
0.086254 1.099237 1.395212 3.122802 0
0.066688 3.565766 2.855917 3.348380 0
0.094073 5.568177 1.454514 2.890767 0
0.048936 6.109711 1.796689 0.911105 0
0.083937 6.165729 1.162535 5.377757 0
0.038265 5.239638 1.697037 1.085463 0
0.069934 3.466796 0.543096 1.410019 0
0.097961 0.690979 2.519808 4.420978 0
0.053378 2.004828 0.928869 4.584556 0
0.094159 1.133270 1.075982 4.847888 0
0.025801 4.426854 1.004264 1.922935 0
0.082277 5.300705 1.472742 2.397004 0
0.090826 4.728376 1.017827 6.103259 0
0.076581 5.028714 0.778798 0.474567 0
0.059338 1.357573 1.159151 1.958746 0
0.057100 1.296606 0.248546 3.838767 1
0.072487 1.357132 1.246362 2.588843 0
0.062957 3.789888 0.885613 2.908663 0
0.055474 2.609016 2.138794 6.186938 0
0.050879 1.382453 1.299847 0.526600 0
0.098619 3.792333 0.474217 3.512473 0
0.063554 1.252211 1.843270 4.750185 0
0.064448 5.871626 0.526679 4.658335 0
0.037531 0.522283 1.271039 4.186481 0
0.054692 4.354054 0.567314 4.369817 0
0.054420 1.645684 0.818677 3.794314 0
0.082290 5.826893 1.748867 5.881237 0
0.038393 5.998823 0.282641 0.753805 1
0.074720 0.471325 1.936920 6.045832 0
0.052375 1.970134 2.022478 4.333319 0
0.049805 4.938577 1.432488 2.443622 0
0.093227 4.922385 0.474388 1.057090 0
0.069021 0.839057 2.385377 4.854011 0
0.062886 0.139017 1.321056 0.456256 0
0.097442 6.063207 0.186208 0.608885 1
0.095903 0.178959 0.968857 3.003630 0
0.032171 5.628969 1.451043 2.373819 0
0.045764 0.995923 0.525543 2.874493 0
0.097186 3.132421 2.336173 5.112175 0
0.053100 5.665033 2.871470 4.764874 0
0.018750 5.312987 1.632622 2.705645 0
0.093151 5.700841 1.577261 5.134728 0
0.093397 3.216209 2.546772 4.976521 0
0.073509 0.823119 1.092982 4.045452 0
0.016396 4.463242 0.295411 1.484821 1
0.093212 0.560038 1.968837 5.110479 0
0.076660 3.394243 1.827581 5.464080 0
0.066470 3.825549 1.829655 2.996995 0
0.067412 0.998284 2.523883 2.024169 0
0.025729 2.581357 0.765188 5.896801 0
0.096058 0.336141 2.050015 2.909548 0
0.042954 0.003918 0.666234 1.328162 0
0.084319 0.807900 1.466005 3.643140 0
0.046660 0.889111 1.355500 5.060398 0
0.082566 0.126717 1.928416 0.776259 0
0.079311 1.903877 1.773241 0.524431 0
0.067963 3.192710 1.380902 3.318100 0
0.095863 3.424313 1.503941 5.288447 0
0.077362 1.238668 1.169625 4.919713 0
0.044471 2.586625 2.991522 5.709746 0
0.073502 2.777673 1.547910 4.762464 0
0.076393 5.540134 1.697852 1.666952 0
0.094969 1.497784 1.346622 3.335931 0
0.073579 6.216466 1.801632 0.020636 0
0.070535 0.125778 1.633590 2.616871 0
0.075167 6.270452 1.065966 1.027359 0
0.044172 3.536943 2.674790 2.468521 0
0.098722 5.911762 1.162793 3.234908 0
0.061884 4.964781 1.099145 6.073033 0
0.081970 5.253863 1.004765 3.605395 0
0.027305 3.900011 0.659160 3.870123 0
0.078108 4.518504 1.811583 0.676096 0
0.085974 0.946310 1.618999 1.911187 0
0.038547 4.915101 1.506120 2.159512 0
0.058752 2.602433 2.063657 2.009241 0
0.059588 0.239928 2.304015 4.637260 0
0.091014 0.675150 1.992365 3.143253 0
0.097141 5.883907 0.551311 0.114290 0
0.074643 1.123604 1.842401 1.050839 0
0.094761 1.591986 1.103696 4.003204 0
0.063560 5.019903 2.652180 3.471872 0
0.076237 2.569751 2.485735 5.820677 0
0.090729 3.976231 1.038330 1.120009 0
0.081916 0.507697 2.554574 3.137683 0
0.043388 3.901190 3.103748 0.828675 0
0.074656 0.463213 0.795616 0.719460 0
0.050254 4.927377 1.119095 0.945739 0
0.019388 3.497234 2.183764 2.774473 0
0.059628 4.580148 2.988298 5.885770 0
0.037141 5.594544 2.383688 6.038898 0
0.072335 0.686809 0.765192 1.220563 0
0.043602 0.349805 1.968468 2.377354 0
0.082254 4.355996 1.591308 1.469722 0
0.087579 4.148993 1.262787 0.122841 0
0.066675 3.959480 0.850164 3.029361 0
0.043217 6.017524 2.581899 3.407480 0
0.082866 5.766993 1.528917 5.181200 0
0.089902 2.150140 2.179090 2.082755 0
0.067195 5.812635 1.622298 4.031456 0
0.099034 1.378378 0.283749 4.130250 1
0.095533 3.331652 2.469509 4.270398 0
0.043656 1.505968 1.980581 3.990644 0
0.093266 5.461820 0.699036 0.355792 0
0.090939 0.257468 1.769998 3.227460 0
0.097919 0.490150 1.241433 4.819627 0
0.064824 0.779203 0.638646 5.477240 0
0.022164 3.922516 1.597511 0.187907 0
0.091851 3.351134 1.954667 4.752083 0
0.025219 3.634943 1.442389 1.597061 0
0.090454 0.849351 2.463263 4.323174 0
0.006674 0.041340 2.082153 5.224144 0
0.021807 2.159052 1.255844 0.040083 0
0.064933 4.293894 2.149446 5.289493 0
0.089856 5.478908 2.012143 5.381749 0
0.070447 1.425872 2.454158 2.135947 0
0.087194 3.604627 0.630942 5.176608 0
0.039015 3.344140 0.566333 6.097295 0
0.081695 6.078190 1.893296 4.221477 0
0.098689 2.533064 1.577431 0.135152 0
0.086416 5.330855 0.335575 1.058133 1
0.072926 5.034945 0.202892 2.131474 1
0.082057 4.547988 0.916669 1.065721 0
0.097507 0.516507 1.589920 4.467682 0
0.080988 3.806512 1.640726 5.077518 0
0.037157 3.851589 2.161630 5.060958 0
0.076182 2.745726 1.525472 3.482937 0
0.091659 6.161685 1.723057 3.687722 0
0.091055 3.793324 2.106740 2.267732 0
0.063645 4.810296 1.982652 0.492567 0
0.069958 5.629243 1.042594 2.765774 0
0.098900 4.759955 0.798866 3.983699 0
0.060282 4.311374 1.454811 3.150749 0
0.054697 1.386474 1.174361 5.526371 0
0.081096 4.927771 1.438160 3.127805 0
0.087461 0.061027 0.590701 3.732440 0
0.078322 5.278197 2.713873 0.116249 0
0.077822 4.116192 0.633082 0.597221 0
0.074232 2.167103 1.641329 3.324815 0
0.032012 4.313265 0.831690 2.927154 0
0.061045 3.803359 2.778088 4.221232 0
0.090884 1.723239 1.673736 3.038847 0
0.024195 6.190540 2.868371 5.174094 0
0.099748 0.415809 1.405077 3.822732 0
0.095196 2.340335 1.827420 3.216129 0
0.016610 4.547796 1.786287 3.635592 0
0.026212 0.893160 0.669014 1.075587 0
0.091029 1.702549 1.848463 1.264694 0
0.093610 3.797458 2.413168 4.412555 0
0.093736 2.667157 0.891629 5.888521 0
0.064011 1.051684 2.119216 2.542894 0
0.048328 1.119593 0.229596 0.878315 1
0.074207 4.021422 1.878952 3.633270 0
0.060319 1.624610 0.814476 2.717746 0
0.063302 1.662897 1.779769 1.441010 0
0.073187 1.512889 1.431600 2.588168 0
0.091933 1.908444 0.689443 4.547858 0
0.085336 1.885755 1.898640 0.866929 0
0.068375 2.649438 1.656281 4.404933 0
0.077451 3.492263 2.320894 0.945774 0
0.044254 3.094507 2.046040 3.516532 0
0.086664 5.564720 2.964912 0.953702 0
0.038770 3.744426 1.330759 4.309877 0
0.091473 5.100417 0.636327 4.284476 0
0.033985 1.332398 1.381080 5.301277 0
0.071567 0.419158 2.870209 6.155592 0
0.069884 3.294843 1.940693 0.554443 0
0.028320 3.277402 1.021056 1.734421 0
0.011883 6.079260 2.306933 4.807841 0
0.092369 5.202046 2.557035 0.022041 0
0.065106 1.873070 1.959395 1.637416 0
0.033146 4.946778 2.657284 1.415978 0
0.099968 2.187857 0.531927 3.214143 0
0.064414 0.319090 1.553275 5.675612 0
0.075840 1.080704 2.957419 4.117855 0
0.083283 1.447086 2.611652 4.446829 0
0.044481 4.820043 1.516623 0.320770 0
0.077140 2.449842 0.471518 0.119005 0
0.082947 4.674729 1.114180 5.013214 0
0.072891 1.395129 0.306072 3.334313 1
0.075515 0.580077 0.413894 6.190001 0
0.037829 3.351821 2.460590 4.513101 0
0.083992 5.529297 1.315346 2.507445 0
0.033215 1.916860 0.665860 1.936358 0
0.026872 3.642573 1.285404 4.192621 0
0.098470 2.599939 1.952426 4.132143 0
0.039724 6.068047 1.481736 4.329805 0
0.043336 3.008179 0.975884 4.762976 0
0.075570 1.646203 2.078808 4.487422 0
0.089189 3.969033 1.435338 3.147362 0
0.071534 5.065107 2.498060 3.908342 0
0.033349 0.042711 2.606901 1.152500 0
0.076585 1.818643 2.348163 3.494515 0
0.083859 3.373562 0.961416 5.410064 0
0.070900 4.205644 1.671262 4.338414 0
0.038486 4.837615 1.467676 4.518893 0
0.017869 1.204811 1.437198 5.198656 0
0.090744 5.440467 1.220283 2.105803 0
0.081976 1.434455 2.724725 4.921172 0
0.048487 5.575660 2.774319 5.162450 0
0.042052 5.135608 1.323893 5.529699 0
0.059521 3.717252 2.074000 5.384409 0
0.051085 1.830076 1.665810 2.570348 0
0.024738 6.257843 0.732620 0.585139 0
0.043326 3.529185 2.569997 0.070127 0
0.065388 1.563442 1.258358 0.625672 0
0.069075 1.906890 2.442793 4.475063 0
0.043690 5.337330 1.638564 2.310482 0
0.081659 5.728108 1.042117 0.132553 0
0.070942 6.213573 2.428135 4.801884 0
0.052933 2.673414 0.858801 2.144969 0
0.064919 1.895102 1.439439 3.827540 0
0.092914 2.230717 1.813848 1.827570 0
0.077708 6.073597 1.349895 0.508870 0
0.051974 1.716900 2.197447 2.896667 0
0.035031 2.055076 2.288275 4.960798 0
0.048860 0.480958 2.241151 4.662172 0
0.025587 4.327126 1.583299 2.171809 0
0.033789 4.269918 1.954193 3.365427 0
0.099055 0.763700 0.780719 5.306123 0
0.069034 4.807448 0.753534 0.505389 0
0.085544 3.303749 0.826912 0.011977 0
0.089390 5.998193 1.496578 5.791693 0
0.053077 1.832607 2.007135 3.270083 0
0.060681 3.279470 1.075736 2.724911 0
0.045894 4.829941 2.163583 2.040766 0
0.066954 2.930312 2.375817 2.698509 0
0.076676 0.032789 1.101738 0.405242 0
0.087769 2.571954 0.781104 3.154912 0
0.096703 1.924891 1.578848 4.613165 0
0.051088 6.075532 1.888061 3.409984 0
0.050855 2.307792 0.508103 3.938520 0
0.094300 2.045951 0.497111 0.627488 0
0.030714 5.276965 1.419552 3.409380 0
0.055338 1.791262 2.805957 5.618103 0
0.053880 1.546149 2.732018 0.381102 0
0.080958 0.650792 1.696677 3.710620 0
0.064026 0.419717 1.212737 4.215583 0
0.018371 6.162272 0.960992 1.837019 0
0.058996 1.739262 2.565158 1.490956 0
0.077617 6.155785 1.239067 4.377919 0
0.090531 4.786697 1.022509 0.790471 0
0.021660 1.328816 0.283482 2.118825 1
0.067644 6.148735 1.365100 0.709882 0
0.028667 6.035941 1.990061 3.092024 0
0.016568 0.177916 0.831299 0.384537 0
0.009525 2.366802 1.273583 2.243882 0
0.080839 1.713910 1.760773 1.608092 0
0.050249 5.853281 2.703132 0.452889 0
0.083271 1.206938 0.922002 4.651567 0
0.063528 1.368750 0.564386 5.410719 0
0.044322 2.987133 2.818467 1.750640 0
0.066035 4.257917 2.142978 2.912362 0
0.084023 5.867086 1.620252 4.492836 0
0.055719 5.518455 0.544017 6.056767 0
0.038867 4.188370 0.976170 2.535689 0
0.077342 1.084499 1.522071 1.832073 0
0.060390 4.231939 0.359158 4.827190 0
0.094413 0.687661 1.832605 0.551802 0
0.076476 3.792139 1.300403 0.131498 0
0.053029 0.861920 1.539682 6.202704 0
0.026637 0.057574 1.987224 2.396523 0
0.094205 4.865886 1.256409 0.242024 0
0.066410 3.551779 1.454709 0.246350 0
0.085900 5.766292 1.225562 0.644529 0
0.076894 2.278878 2.406401 3.032548 0
0.068712 3.143257 1.712201 0.358148 0
0.032218 5.886791 0.565836 2.419082 0
0.027220 3.533505 1.312328 0.911347 0
0.075600 0.467769 1.623749 2.883923 0
0.092135 5.477975 1.565816 1.821540 0
0.066116 5.903660 1.221996 1.099660 0
0.092592 4.146313 1.109837 2.818626 0
0.015034 0.932723 2.610959 3.108545 0
0.080543 3.152338 1.674464 4.728191 0
0.066229 3.956338 0.759831 3.221470 0
0.043823 3.202688 1.891797 4.797737 0
0.076431 1.157502 0.982612 2.720926 0
0.023679 4.524421 2.032989 3.098861 0
0.081221 0.327170 1.913921 3.248476 0
0.084379 5.942711 2.768538 4.615489 0
0.030702 5.635090 0.998738 4.668228 0
0.063132 4.907541 1.561769 5.260186 0
0.064088 3.977321 1.265889 3.787353 0
0.037780 0.048103 1.300226 4.567281 0
0.043804 3.700379 0.822909 1.557898 0
0.055589 5.547488 2.074066 6.086510 0
0.096694 2.572096 1.542211 4.064956 0
0.059596 2.835717 1.331593 2.823869 0
0.059006 3.838109 0.908167 4.691863 0
0.062603 4.322145 1.739430 5.043160 0
0.056648 5.867336 1.380489 2.913105 0
0.097029 4.849232 0.903430 0.837860 0
0.060059 2.202222 1.331101 4.208041 0
0.048312 0.769332 1.851318 1.057997 0
0.072925 0.779981 2.253234 5.573048 0
0.075859 1.237028 1.237480 5.803319 0
0.089874 3.322642 1.918479 1.254417 0
0.046552 1.597676 0.095755 3.377883 1
0.043370 2.561719 0.070492 0.814080 1
0.042366 1.205003 1.076774 3.394191 0
0.073639 4.047698 0.951903 4.873749 0
0.087559 5.330413 2.664064 1.875272 0
0.098615 4.771514 0.890368 3.442906 0
0.097790 3.278866 1.513931 4.800494 0
0.022508 0.891852 2.758032 1.679925 0
0.062946 6.069303 2.226794 3.671356 0
0.061129 5.065610 2.012808 3.475602 0
0.099900 6.137376 0.621035 3.394652 0
0.078804 1.905655 1.193846 2.435732 0
0.038943 1.633776 1.952212 0.780090 0
0.013940 5.476138 1.922206 6.130647 0
0.062722 0.902852 2.070870 2.790141 0
0.053445 4.419681 2.007402 4.284233 0
0.081815 3.244688 1.084158 0.270450 0
0.056800 6.157839 1.764409 2.014540 0
0.097818 4.332659 2.377195 3.630733 0
0.099642 1.111222 2.767982 0.908010 0
0.066097 4.094284 1.089802 2.867103 0
0.072331 5.911098 1.434447 5.759055 0
0.029064 1.079334 1.288350 2.325468 0
0.093552 0.452892 0.459968 3.421628 0
0.076713 1.998920 1.746931 5.724693 0
0.054607 1.154944 1.004482 1.602418 0
0.093455 0.582055 2.299313 5.442732 0
0.051913 5.016430 0.207758 4.438275 1
0.067083 1.755658 0.830338 6.114765 0
0.046926 3.736756 2.464750 1.914334 0
0.087550 1.573460 1.927910 4.031919 0
0.056789 4.566319 0.892507 5.723933 0
0.021187 4.862440 2.270788 2.155627 0
0.097862 0.338304 1.768301 5.221802 0
0.038273 2.708010 1.976458 2.613635 0
0.047894 4.448906 0.714673 4.268783 0
0.099372 1.790917 1.880930 1.304949 0
0.093795 3.407812 1.595529 4.060577 0
0.089039 1.175901 1.132852 0.724439 0
0.095598 2.979673 0.325724 6.024274 0
0.049811 5.330628 1.163360 1.293126 0
0.094986 5.654760 0.386501 0.306105 0
0.057531 4.613092 1.500120 3.520840 0
0.066503 3.688465 1.023376 2.700191 0
0.093385 5.606800 1.849257 4.723869 0
0.065933 0.941238 1.365534 1.429513 0
0.058048 4.310571 1.250997 1.576173 0
0.040035 2.319138 0.951205 2.565985 0
0.046637 3.213977 1.801223 0.752327 0
0.064149 4.090855 0.845856 4.665136 0
0.062071 3.978173 1.165465 5.199574 0
0.046924 3.409228 1.063945 0.579650 0
0.065950 5.621719 2.329750 5.464268 0
0.021101 1.521594 0.634039 2.396910 0
0.096344 2.764547 1.838660 0.556038 0
0.089950 5.290344 1.564567 0.167081 0
0.059456 0.697949 0.785064 4.806687 0
0.087302 1.977841 1.585772 0.926380 0
0.097362 5.091429 2.823878 1.056282 0
0.059407 1.459349 1.070977 4.950313 0
0.035635 0.656266 1.891321 1.077655 0
0.058874 4.741991 1.676984 1.726841 0
0.044125 1.164463 1.293936 0.023853 0
0.016527 5.404902 0.350434 2.392757 0
0.098555 1.110342 0.783645 4.608470 0
0.070107 4.104897 2.436880 2.761012 0
0.068091 5.377620 1.787572 5.130612 0
0.029688 5.453226 1.781203 1.351666 0
0.098608 1.645950 1.342084 2.004168 0
0.012912 5.903885 1.759532 1.328108 0
0.035350 6.013888 0.964707 0.956784 0
0.090408 1.542894 1.637037 4.955270 0
0.064983 4.265801 1.615044 5.741419 0
0.057640 2.532220 1.272814 5.000654 0
0.050881 6.036539 1.797618 2.180437 0
0.091030 1.362634 1.695422 5.032887 0
0.069198 5.961423 0.707428 3.113340 0
0.094256 4.484879 1.997373 0.084100 0
0.081910 5.793409 0.838369 3.068000 0
0.040940 4.390425 1.108378 3.706355 0
0.061456 5.020640 1.578116 4.460553 0
0.044953 5.383834 1.582392 2.896329 0
0.090422 0.742916 2.234432 4.060583 0
0.057889 2.325684 1.465141 5.114135 0
0.056474 3.564154 1.179796 1.302860 0
0.053014 0.102553 0.978199 5.981429 0
0.096870 2.427843 1.451033 0.665896 0
0.029182 4.506328 1.973308 2.908123 0
0.071852 1.253654 0.857305 4.513457 0
0.023746 4.263512 0.874485 5.491491 0
0.089264 6.203368 1.611327 0.828792 0
0.059786 6.079172 2.671867 4.249789 0
0.073129 1.604031 2.445671 5.125989 0
0.052116 0.656423 2.136016 1.319361 0
0.070063 1.307291 1.193860 3.619349 0
0.096191 0.074322 0.396959 2.774217 0
0.045973 1.329778 0.822677 1.682278 0
0.094350 2.131090 0.771998 4.316531 0
0.057138 4.159472 2.262444 4.297139 0
0.079343 4.805065 1.287598 1.032415 0
0.014156 1.533207 2.858803 1.832495 0
0.059033 4.699452 1.574063 5.273897 0
0.097775 5.137113 1.400787 5.537177 0
0.091073 2.854348 1.208523 0.256225 0
0.081604 3.032697 1.177803 3.494229 0
0.090656 2.829086 1.031237 0.931874 0
0.033506 0.389713 2.297550 4.660831 0
0.090927 1.209571 2.518738 5.320690 0
0.066070 5.568465 0.762559 4.932408 0
0.079636 4.021856 1.822204 3.708289 0
0.067653 0.249994 1.513689 1.804033 0
0.070290 4.990489 1.219410 1.005282 0
0.052624 3.998760 2.017770 0.620604 0
0.029442 6.027086 1.040451 1.250034 0
0.014583 0.498306 2.649798 5.328393 0
0.052136 5.320926 1.971111 4.450655 0
0.085621 5.235897 1.557517 2.307752 0
0.068805 0.739811 2.726218 5.850352 0
0.039690 2.695136 0.972139 4.094148 0
0.047245 3.431457 2.243623 3.142442 0
0.042727 3.315755 1.769924 1.691693 0
0.069782 5.315523 1.507134 3.193271 0
0.096192 2.569407 1.279212 1.238521 0
0.050575 0.321190 2.516521 6.213353 0
0.094045 2.505868 1.279026 2.248471 0
0.071873 1.970775 1.135075 4.235484 0
0.086174 3.186837 1.214724 6.068351 0
0.023094 0.862691 1.502630 1.482140 0
0.081549 0.407467 1.581059 0.954917 0
0.095438 6.115559 1.896958 5.253634 0
0.061827 0.103481 0.366791 4.008929 0
0.025998 5.898145 1.827458 5.981759 0
0.058098 6.177016 1.180744 5.366506 0
0.054476 3.762681 1.627235 0.247331 0
0.032565 5.365251 0.143957 1.001441 1
0.099559 2.960103 1.359782 4.123202 0
0.073210 5.657413 2.234979 2.807375 0
0.093473 2.943122 1.121756 1.608383 0
0.069633 1.986792 2.478424 3.471273 0
0.050490 3.273223 1.579790 3.722580 0
0.070997 5.116890 1.463738 5.031660 0
0.064283 6.124706 2.319043 3.262719 0
0.091032 5.311488 1.936198 5.151529 0
0.056255 0.464556 1.523017 5.355976 0
0.098709 1.786480 1.157615 5.328571 0
0.086761 3.657989 0.656884 1.493019 0
0.094784 6.271080 2.189750 0.963348 0
0.072043 1.850953 2.084696 0.144987 0
0.033010 1.208644 2.275460 3.281045 0
0.040883 4.172452 0.410165 6.256937 0
0.071373 4.524739 2.254189 5.189161 0
0.089111 1.833641 1.935445 4.828079 0
0.075905 6.142117 1.805919 2.066537 0
0.074815 4.527233 1.704234 2.878516 0
0.084771 2.240662 1.795588 1.493060 0
0.080697 2.244607 1.071744 4.776273 0
0.074135 0.531508 1.120451 4.503416 0
0.086525 2.034711 2.009898 1.621530 0
0.020969 3.319263 0.587931 5.265560 0
0.090560 4.789456 1.785343 2.489838 0
0.086012 1.400732 2.037942 1.882122 0
0.097132 1.832745 2.112222 4.159907 0
0.080517 2.319317 2.497084 1.881837 0
0.085227 1.007827 0.493548 1.733989 0
0.049497 2.149057 2.970666 6.243295 0
0.081601 4.431387 1.051178 4.460034 0
0.048327 2.109144 1.666696 0.337182 0
0.031296 0.969676 1.470497 5.263803 0
0.061422 1.100211 0.759208 2.015188 0
0.068322 5.623378 2.878513 0.723178 0
0.051393 5.544876 1.399157 6.223432 0
0.020711 2.979939 1.084817 1.808853 0
0.090350 1.628455 1.118623 3.029580 0
0.098207 3.350602 0.907164 1.244122 0
0.093217 4.648836 1.051056 6.075161 0
0.094563 4.408325 2.225979 1.705736 0
0.093633 5.918518 1.756265 2.158307 0
0.091485 3.612834 1.487906 0.635034 0
0.067638 5.486499 0.614811 3.144042 0
0.058947 2.249516 2.185303 1.029065 0
0.078562 0.438672 1.867016 3.654629 0
0.077658 5.265072 2.164363 2.965834 0
0.076016 0.196870 1.448329 2.966051 0
0.085612 1.530403 2.079535 3.830546 0
0.043073 2.109526 2.705268 0.141260 0
0.095433 2.587152 0.718342 2.313698 0
0.053382 1.351574 2.399791 3.973719 0
0.075705 4.127449 2.204875 1.195876 0
0.085248 2.778242 2.145950 2.072209 0
0.052928 3.466071 2.218879 5.390852 0
0.076353 1.512667 1.223970 1.984951 0
0.069593 0.462319 2.588931 4.208806 0
0.063978 5.521164 1.965645 2.011018 0
0.053896 5.126360 1.956920 3.615596 0
0.017605 3.499271 0.946845 3.795838 0
0.046242 0.025727 2.200508 5.909655 0
0.066803 3.559035 1.093596 4.564098 0
0.034363 0.453536 1.740367 4.404862 0
0.055940 5.745483 0.261283 5.009274 1
0.099398 5.922125 1.504955 2.496461 0
0.090623 1.001775 2.020585 0.702049 0
0.098758 2.549010 1.954491 0.039697 0
0.098113 5.623775 1.793522 1.108630 0
0.094823 2.544065 0.698184 2.170286 0
0.098557 2.433777 0.542581 0.561835 0
0.067789 4.122964 2.190690 4.853517 0
0.075539 5.073324 1.710676 3.509878 0
0.086601 0.231314 2.718630 3.589183 0
0.044300 4.230632 1.945441 1.078037 0
0.028109 2.325692 0.870801 0.261552 0
0.051497 4.953269 0.971747 1.032598 0
0.043959 2.105281 1.590307 1.034063 0
0.084995 3.654083 1.056399 1.143186 0
0.048760 0.279409 2.711219 5.079123 0
0.092299 3.293122 1.301518 3.781812 0
0.074895 2.028969 0.858280 4.757524 0
0.099812 5.379041 2.601219 0.472872 0
0.047565 0.670109 0.697850 3.087830 0
0.094604 2.104606 1.887644 0.554341 0
0.081855 1.040128 1.053657 2.465760 0
0.086435 3.184301 1.720114 6.188073 0
0.074247 3.322464 2.197478 2.533258 0
0.023001 1.006642 0.142592 3.856836 1
0.069508 1.119693 1.309882 3.012026 0
0.018522 1.883550 1.680293 1.637097 0
0.063752 4.219323 2.099010 1.893853 0
0.008053 2.562171 1.348248 4.250632 0
0.075718 4.036598 0.531385 2.013324 0
0.038632 4.042153 1.170801 4.401424 0
0.041487 0.619037 0.655699 1.413832 0
0.050866 0.683381 2.315435 4.661290 0
0.053569 1.318658 0.979416 2.018623 0
0.071390 4.875029 1.735188 5.755868 0
0.066889 2.097463 0.970341 2.851912 0
0.086116 3.814729 0.738929 1.978747 0
0.049958 1.252565 1.844933 2.505856 0
0.091798 5.910282 0.641257 0.092965 0
0.019792 1.275591 1.023510 1.871813 0
0.055837 0.494280 0.401569 3.762046 0
0.053716 1.640048 2.568161 5.015147 0
0.019211 3.153204 2.013651 3.043059 0
0.091415 5.854366 2.639188 3.627114 0
0.073409 0.431143 2.472526 4.954052 0
0.051766 3.314746 0.895104 0.695241 0
0.068426 1.800817 0.724084 3.187977 0
0.069973 2.295003 2.227591 5.035380 0
0.066628 5.309708 1.369752 4.602221 0
0.032571 2.011724 1.632138 0.898462 0
0.090666 1.538828 1.828256 4.132408 0
0.042031 3.553306 1.012116 4.495918 0
0.079633 0.799013 1.578815 5.668158 0
0.080915 4.343507 0.226461 0.772417 1
0.098889 0.868420 1.834474 2.937547 0
0.070956 2.736999 1.090391 5.952705 0
0.052979 4.203982 1.938783 2.430092 0
0.099462 1.322739 1.630343 5.097447 0
0.067486 0.986890 1.508711 3.971575 0
0.085006 4.423008 1.261159 2.241461 0
0.091165 5.351092 1.067529 3.052594 0
0.073685 1.706648 1.790088 3.272552 0
0.064018 1.502219 2.925467 5.738490 0
0.082140 1.616654 2.376651 6.002739 0
0.096249 3.396566 1.249553 5.753156 0
0.086666 5.478199 2.041882 1.297687 0
0.017015 1.230903 2.314826 4.722100 0
0.094860 1.170385 0.670631 4.592746 0
0.019474 2.306809 0.968650 3.649705 0
0.079923 5.187166 0.649184 0.305339 0
0.025426 0.565984 2.748713 4.645417 0
0.058939 5.168653 1.970791 1.720089 0
0.060266 0.231430 0.900533 0.718153 0
0.095327 5.757478 1.204309 5.891532 0
0.033502 1.001916 1.958889 0.075921 0
0.058799 5.010822 2.078398 2.410592 0
0.040576 6.030822 2.762639 5.047903 0
0.088623 0.416182 2.351796 5.341002 0
0.039537 5.113884 1.750538 3.164804 0
0.079782 1.785019 2.159051 6.281385 0
0.056650 6.074952 0.688849 1.442892 0
0.093978 2.732192 0.842793 6.254440 0
0.077091 5.381686 0.173519 5.906408 1
0.080871 4.715844 1.210430 5.143769 0
0.084284 1.810926 1.817398 3.115099 0
0.059536 2.978542 1.257349 3.209274 0
0.053661 5.876149 0.241134 5.808593 1
0.046831 4.975786 2.583675 3.394431 0
0.087108 0.239960 2.140957 4.033612 0
0.068777 5.888562 1.849167 0.423074 0
0.089091 4.052044 0.171890 2.813200 1
0.062885 2.080111 1.084654 0.664999 0
0.078694 5.582269 1.775465 6.118146 0
0.060208 5.953013 1.539801 4.086867 0
0.093950 3.135128 1.721185 0.640774 0
0.053934 3.135882 1.859224 0.312096 0
0.073300 2.589342 1.964143 0.064808 0
0.059102 2.067390 0.564788 0.898596 0
0.098688 0.534179 1.753309 2.320952 0
0.064504 5.385579 1.521234 0.222142 0
0.086347 0.482863 0.190953 0.679103 1
0.015589 3.101337 2.114203 5.698667 0
0.099628 2.095059 0.189528 1.781007 1
0.091243 4.091460 1.230523 2.323598 0
0.025156 0.155626 1.328691 2.592336 0
0.059481 2.876288 1.682225 2.059266 0
0.073674 0.919543 1.976066 6.024757 0
0.005909 1.082983 2.989458 4.706599 0
0.049921 0.020817 2.366452 1.718537 0
0.070492 3.868487 0.877559 3.075433 0
0.097423 1.190274 2.148203 4.911302 0
0.091685 0.666358 0.799507 5.679352 0
0.036169 3.340120 1.194972 3.045001 0
0.099467 5.479435 2.245593 3.343690 0
0.013575 3.201299 1.552865 0.137729 0
0.082575 3.048976 2.143609 5.850129 0
0.069898 3.946845 0.938723 6.191946 0
0.049381 2.419499 1.520674 1.212507 0
0.075797 1.557448 2.821699 2.608322 0
0.059492 0.792338 1.200436 3.045791 0
0.081099 3.992991 2.789808 4.065681 0
0.071245 4.911873 0.874313 3.305034 0
0.053968 4.211447 1.666809 6.114270 0
0.039438 2.003906 2.512202 4.047030 0
0.097319 0.683508 1.832956 1.199713 0
0.070275 0.656798 1.336492 0.429594 0
0.059364 2.252844 1.537789 4.438054 0
0.069617 5.042405 0.904831 0.894455 0
0.066184 1.008266 2.188126 5.941452 0
0.097068 6.086320 1.514014 1.466941 0
0.079934 0.122879 0.943663 4.991818 0
0.058180 0.696053 1.447640 1.794352 0
0.046858 0.428268 1.523820 4.482569 0
0.041556 5.406286 2.169522 3.299313 0
0.046796 1.666894 1.003778 4.421127 0
0.026042 2.654840 2.335055 3.178324 0
0.076355 3.992531 1.473558 3.300059 0
0.077724 5.799892 2.114587 1.527062 0
0.097090 6.065026 0.389824 1.766371 0
0.027579 2.991358 1.704609 1.857455 0
0.073773 0.271602 0.190511 4.504692 1
0.095061 4.969002 1.028729 0.770647 0
0.023693 2.975000 2.281798 0.778823 0
0.094658 4.224171 1.833403 3.009761 0
0.055473 0.510552 0.130310 5.729183 1
0.006587 4.793636 0.808940 5.950029 0
0.085335 1.208755 0.995845 5.053369 0
0.081760 4.993937 0.643141 1.336554 0
0.091544 0.684478 2.604747 4.660242 0
0.094857 1.078879 2.387227 6.006190 0
0.080324 4.339479 0.573027 3.400535 0
0.060245 4.458974 0.285434 4.213981 1
0.088934 0.153746 1.736562 4.996784 0
0.088736 4.633038 2.076563 3.239672 0
0.096424 6.096842 1.202268 3.758722 0
0.087473 2.637496 2.241933 3.789948 0
0.072712 4.653335 1.255371 2.692268 0
0.095515 1.314710 1.337491 3.502908 0
0.094863 2.917100 0.639212 1.651468 0
0.041706 0.747368 2.620007 6.062414 0
0.037870 3.242242 2.117942 5.848496 0
0.050338 3.156454 1.463444 1.150703 0
0.068754 4.814838 2.168467 1.494520 0
0.043137 3.721514 2.321425 4.491123 0
0.057697 1.168288 0.776379 1.540693 0
0.062863 3.315479 2.221100 1.854002 0
0.099596 5.663858 1.686882 1.042282 0
0.014275 3.087733 0.739946 1.029156 0
0.008629 5.597523 0.625320 1.638884 0
0.062709 3.399448 1.458514 5.440904 0
0.055439 1.415827 0.656085 3.100250 0
0.090423 5.936706 0.947653 0.945820 0
0.036166 2.208394 1.360736 3.304807 0
0.093763 1.246928 2.268030 5.473266 0
0.031605 2.381092 0.387023 0.755642 0
0.093295 1.053874 1.124219 5.515614 0
0.024208 2.379264 0.763164 2.839004 0
0.095902 3.660900 1.197783 1.426629 0
0.089888 2.648960 2.027454 3.930882 0
0.060535 5.835067 2.155920 3.124290 0
0.052930 1.080029 0.305970 1.000962 1
0.060856 5.304719 0.350535 2.954558 0
0.047248 0.423405 1.752793 0.588265 0
0.048489 5.494998 2.802104 1.845491 0
0.050322 0.692006 2.084173 1.086603 0
0.083234 0.398032 1.369425 3.146447 0
0.069638 0.756926 0.726933 5.349473 0
0.022169 5.670845 1.263254 2.069082 0
0.027283 2.336488 1.548020 2.794644 0
0.046490 3.261087 2.549954 2.760648 0
0.076577 3.176217 1.636836 5.161772 0
0.061650 3.169607 0.692708 3.979105 0
0.078396 5.408572 2.229972 1.931333 0
0.096133 1.295756 2.234842 2.570411 0
0.057157 5.871923 1.071255 2.361489 0
0.091493 3.827276 1.993573 5.727270 0
0.099045 1.217430 1.279295 1.238601 0
0.084426 1.704746 1.847307 1.879825 0
0.088138 1.064977 0.709650 0.985806 0
0.082095 1.482488 2.189992 1.813012 0
0.031104 3.747435 1.763855 0.131293 0
0.089591 2.538940 1.430314 0.812686 0
0.058192 4.338403 1.581168 1.104074 0
0.054736 1.321561 0.599681 1.763073 0
0.063568 2.786888 1.526244 0.734324 0
0.084550 0.717738 1.402107 3.089410 0
0.053266 3.372560 1.872536 6.017299 0
0.087904 2.756942 1.038475 5.462923 0
0.018763 5.291471 2.466573 5.264382 0
0.049623 2.012735 2.777341 3.674903 0
0.010400 2.968058 2.119048 1.950446 0
0.082627 5.327136 1.753867 0.545425 0
0.053980 0.432008 0.936460 0.039286 0
0.042777 3.893897 1.566691 2.932461 0
0.039559 0.920728 1.419011 5.838320 0
0.076506 4.213701 2.210923 3.898861 0
0.071610 4.329089 1.487451 4.769212 0
0.009661 2.673940 1.253336 0.126591 0
0.094760 0.656721 1.225093 3.648431 0
0.097589 5.790556 1.912344 1.531510 0
0.099516 5.473604 1.047197 1.089124 0
0.070063 4.699493 1.854705 4.067588 0
0.094577 0.404975 1.724550 3.014704 0
0.085737 2.357595 0.644594 1.557478 0
0.025341 3.510437 0.166613 0.462138 1
0.099211 2.204434 0.622194 5.543189 0
0.067481 2.665766 1.496511 2.561826 0
0.058810 0.819104 1.878582 2.112516 0
0.003893 5.664131 1.589911 3.093839 0
0.080587 0.940041 0.766350 3.417474 0
0.046267 4.500964 0.309210 5.963693 1
0.030261 0.779373 0.919853 0.978873 0
0.082628 1.281489 0.998800 4.191001 0
0.074485 2.029740 1.669445 0.063892 0
0.086447 0.076253 1.405841 0.585459 0
0.037749 0.435868 1.429115 0.904880 0
0.098531 5.899615 1.847131 3.897253 0
0.029760 4.876959 0.834362 1.901486 0
0.070181 1.180534 1.051308 3.670113 0
0.055851 2.819978 2.071244 6.249717 0
0.080794 6.089997 1.900099 1.304206 0
0.054064 1.325352 0.970944 0.248874 0
0.047231 3.993817 0.745979 2.296962 0
0.083965 3.532307 1.589975 4.246500 0
0.070791 0.917374 1.150794 3.705206 0
0.096031 2.892109 2.472953 2.605886 0
0.080510 0.905501 3.073942 6.032550 0
0.077002 4.641800 2.713037 1.543762 0
0.084144 3.873428 1.477196 0.001979 0
0.090962 4.216066 0.402330 0.317199 0
0.055375 1.085185 1.402111 0.073197 0
0.085726 5.816001 1.955195 1.483043 0
0.026768 6.180264 2.280318 6.244523 0
0.066627 4.511757 1.386935 0.578645 0
0.092854 2.560038 0.461037 2.859551 0
0.038237 0.043904 1.984079 5.367265 0
0.078960 0.968096 2.358994 2.832926 0
0.090834 5.620097 1.573512 0.827673 0
0.025919 5.764285 0.776680 5.039588 0
0.091818 5.220566 0.392954 5.747291 0
0.090250 5.427695 2.527181 1.623647 0
0.076283 1.992667 1.267163 2.790339 0
0.085123 2.530300 2.495456 5.471358 0
0.064008 3.770018 2.037607 0.208351 0
0.086839 3.641495 1.538860 3.639090 0
0.068850 6.191403 2.006242 3.400503 0
0.095016 5.367633 1.251988 4.686419 0
0.082775 2.396352 1.897743 3.139474 0
0.049521 3.575968 2.113144 5.197129 0
0.094142 0.682227 1.095603 3.838155 0
0.071505 1.070987 1.534098 5.786731 0
0.087776 1.298578 2.709984 3.295934 0
0.088670 2.753175 0.655877 1.635295 0
0.065083 5.118602 2.217983 2.050709 0
0.081789 0.909519 0.544270 2.224879 0
0.072536 4.604467 2.356789 4.846733 0
0.054951 3.844289 1.769155 1.182699 0
0.084877 5.464958 2.212033 1.455856 0
0.020057 1.763995 0.802915 5.093765 0
0.069816 0.671299 1.235048 1.719462 0
0.073826 2.758352 1.638701 6.085866 0
0.050364 2.107369 1.148290 5.796818 0
0.069293 2.307333 1.107819 0.039574 0
0.031630 0.819680 2.159592 2.525863 0
0.086156 2.363799 1.752263 2.907299 0
0.049597 2.446230 1.970164 1.798331 0
0.081858 5.322557 0.633133 0.989613 0
0.097670 2.715424 1.432683 3.135145 0
0.093337 6.063832 1.505890 0.784358 0
0.054817 4.791216 0.439072 4.904904 0
0.036023 2.036504 2.182028 1.443977 0
0.067422 3.547601 1.837590 1.236968 0
0.096996 1.395217 1.895640 1.173785 0
0.078191 2.224236 1.516824 1.768487 0
0.044845 3.581027 1.448422 0.974280 0
0.004595 5.467175 1.883961 5.487042 0
0.091390 0.764066 3.054947 0.852651 0
0.094029 0.286206 2.554738 0.087460 0
0.060801 4.418848 1.032669 5.178894 0
0.051759 5.501278 0.291660 1.311478 1
0.031243 4.276943 1.360330 4.454756 0
0.018627 5.457380 2.945934 1.481602 0
0.066220 2.698158 1.350756 2.768488 0
0.054731 0.282121 1.189436 0.846782 0
0.040805 1.960558 1.093867 0.318283 0
0.059798 1.173803 0.513871 4.569474 0
0.094345 1.937180 1.673981 0.992730 0
0.042880 3.597859 1.300987 1.768581 0
0.050330 4.789471 2.946089 1.809610 0
0.079425 6.163396 1.618440 0.435701 0
0.064059 5.747093 1.590723 4.460515 0
0.097958 5.176533 2.331409 0.792216 0
0.036865 0.723545 0.867786 3.100670 0
0.054952 1.516241 0.978199 1.206814 0
0.074137 4.852142 1.266247 4.608693 0
0.058725 4.503752 0.245357 3.758432 1
0.069214 0.034241 2.453349 0.690517 0
0.099317 2.576068 0.874327 2.492819 0
0.056980 4.330407 0.665375 1.786005 0
0.071629 5.977445 1.390494 4.077660 0
0.025787 3.688720 0.774077 2.315153 0
0.091016 2.282105 1.692171 2.375197 0
0.036804 5.721512 0.680976 3.017878 0
0.079209 0.794793 0.567898 0.668931 0
0.036324 6.061167 0.967604 0.743486 0
0.061209 2.485666 1.600949 4.394026 0
0.029122 3.906453 2.884625 3.756642 0
0.075701 2.475067 1.039949 4.018518 0
0.099045 2.446262 0.179518 5.085562 1
0.086749 3.572453 0.895451 5.579428 0
0.069223 1.878278 1.304259 0.669673 0
0.065225 2.807246 0.959525 3.502105 0
0.064145 2.698052 1.929877 4.939278 0
0.090830 1.198710 1.541675 5.716606 0
0.090139 2.946965 1.586225 2.422692 0
0.092895 4.741179 0.318523 5.302632 0
0.037936 0.208511 1.882484 5.632622 0
0.077573 5.282583 2.175972 0.508558 0
0.037375 0.959801 0.895720 3.550746 0
0.077430 2.516836 0.715130 0.069089 0
0.091103 5.015257 2.207083 4.115421 0
0.099448 1.775300 1.700794 5.035946 0
0.086693 0.455719 0.894586 3.861111 0
0.090946 1.333477 1.487611 6.101154 0
0.049539 0.702382 2.396429 5.322952 0
0.097598 4.096271 2.598718 0.579455 0
0.089705 0.726557 1.890920 2.539933 0
0.071847 4.899867 1.400451 2.175096 0
0.076029 1.334204 0.068335 3.562720 1
0.070349 3.556174 1.304708 1.548584 0
0.079907 3.490933 2.377426 2.925606 0
0.087626 2.007068 1.443762 0.083213 0
0.065668 1.910980 2.375804 2.411229 0
0.097780 4.954490 1.522742 4.780137 0
0.095088 0.837700 0.836656 2.641255 0
0.095560 3.645907 2.133048 3.086320 0
0.089029 4.823684 0.487419 1.806430 0
0.057766 2.681336 1.638783 6.108566 0
0.099113 2.481523 1.446140 4.713495 0
0.084521 5.494561 2.125674 0.914856 0
0.042264 3.919688 1.629556 0.846421 0
0.064216 0.033584 2.483220 1.988855 0
0.037238 0.380257 2.064408 0.325664 0
0.080049 3.163276 1.656971 2.723088 0
0.052073 3.777839 2.028390 3.800447 0
0.016736 1.601346 1.725550 0.065073 0
0.080611 0.093629 2.118895 2.288276 0
0.094307 3.292090 1.590386 0.427361 0
0.038443 0.246031 0.934100 3.519586 0
0.021095 0.617154 2.424000 1.150897 0
0.039843 3.855365 1.012201 5.023574 0
0.034213 4.888546 1.007282 2.439231 0
0.061587 5.992995 2.974974 2.559188 0
0.045681 3.582320 1.405371 5.394026 0
0.076488 1.119643 0.982857 2.980955 0
0.083794 4.602247 1.655799 5.340327 0
0.087842 4.682098 1.390011 5.127892 0
0.091837 1.801983 3.088687 0.013478 0
0.094889 1.472166 2.218483 0.109619 0
0.011108 0.217344 1.380983 2.460725 0
0.099419 2.505342 2.211660 1.238309 0
0.098432 1.360989 0.475940 3.480427 0
0.062834 1.748265 0.338427 0.609181 0
0.010352 3.586513 2.676516 4.915605 0
0.056213 2.243050 1.769037 1.001493 0
0.080236 3.755916 0.827220 3.419195 0
0.091218 6.052023 1.694367 5.305608 0
0.099890 6.077664 1.014671 6.196520 0
0.060500 0.219876 0.884831 2.104299 0
0.050160 1.500794 2.461753 4.061498 0
0.071910 5.762924 2.079131 3.316386 0
0.069858 4.337002 1.181350 5.051678 0
0.021737 5.709117 2.756555 4.341898 0
0.071162 0.784958 1.012706 2.126744 0
0.029688 5.006723 0.883811 0.539978 0
0.087415 2.632315 0.543883 0.817838 0
0.067375 1.604957 1.500884 4.433057 0
0.070306 2.223678 1.270190 0.071625 0
0.052068 0.598863 1.649314 4.769668 0
0.088632 5.336816 1.697366 5.232731 0
0.087064 3.308147 1.618513 1.661409 0
0.080712 4.769352 1.778084 4.646901 0
0.074559 4.937320 2.279743 2.010905 0
0.045249 5.640192 1.471048 4.138640 0
0.039128 5.750879 1.295799 4.067715 0
0.051884 4.499881 1.893986 3.394788 0
0.090083 1.244166 1.157999 3.751424 0
0.021771 5.419432 1.430078 5.060545 0
0.062373 5.992413 0.534869 0.254314 0
0.084427 4.226922 2.165309 1.688283 0
0.067715 3.804909 1.749230 4.167505 0
0.070939 0.244746 1.206735 4.123880 0
0.097685 4.311471 1.167411 1.403811 0
0.063433 6.047750 2.126383 1.343726 0
0.040068 0.396685 2.241882 1.306528 0
0.096211 1.512934 0.231612 1.977326 1
0.044104 0.522656 1.276938 5.700741 0
0.086944 0.849670 0.865840 1.347449 0
0.086070 4.805027 2.427159 1.533309 0
0.089649 1.254728 2.499324 4.762213 0
0.094122 1.282413 2.867630 1.811181 0
0.040821 4.681438 1.575034 2.055709 0
0.089900 1.966871 1.641088 4.611055 0
0.074420 3.446125 0.444436 4.701966 0
0.079476 2.536835 1.887341 2.435174 0
0.073415 5.225361 1.776286 1.757898 0
0.077226 3.014391 1.618438 2.513790 0
0.082429 2.665210 0.817597 3.552134 0
0.079264 0.875656 2.356321 4.994600 0
0.094045 2.235036 0.713896 4.352033 0
0.081777 4.129362 1.423302 1.398527 0
0.045352 2.985098 2.798882 5.261083 0
0.093747 3.936830 0.988186 2.625254 0
0.067691 5.195694 1.977082 0.343023 0
0.055378 1.391173 1.480024 6.196019 0
0.080349 3.849631 1.673912 1.720820 0
0.086721 2.545097 0.530774 3.999197 0
0.087223 1.199359 1.222049 2.698854 0
0.092092 4.747947 1.879934 0.337836 0
0.048037 3.914689 2.468971 0.688609 0
0.049961 0.728805 1.625659 4.447340 0
0.097104 1.413829 2.123300 1.568213 0
0.066815 1.363991 1.013883 0.578199 0
0.091092 4.946015 1.299273 3.655725 0
0.043846 2.731253 0.972346 5.988058 0
0.079093 3.439782 1.333712 2.976147 0
0.055056 0.217924 1.625697 3.354404 0
0.081100 2.629716 1.861818 5.700947 0
0.073111 1.073690 1.803182 2.999834 0
0.062921 2.372278 2.042107 5.292520 0
0.077113 6.049095 2.623384 2.666707 0
0.086598 1.886552 0.158231 5.919850 1
0.085729 1.410983 2.482266 2.265232 0
0.087865 1.745265 2.302829 0.472123 0
0.055897 2.272176 1.790583 6.095802 0
0.088327 1.586355 2.426484 1.977229 0
0.065066 3.095479 2.194750 5.147564 0
0.093286 3.261925 1.899886 2.920842 0
0.069419 3.744432 2.463183 1.456573 0
0.094668 5.626795 0.860562 3.965605 0
0.034655 0.434775 2.958784 5.605357 0
0.058904 5.189030 2.777710 4.143230 0
0.043300 3.620822 1.832975 6.079914 0
0.091036 3.186224 1.120389 1.584037 0
0.099988 0.467835 0.540862 5.466275 0
0.077046 4.605314 1.234177 0.474409 0
0.057350 1.408295 1.175210 1.414360 0
0.034593 3.024221 2.363845 1.506497 0
0.074197 5.327616 0.743319 5.639037 0
0.082084 0.622965 1.684835 5.411482 0
0.082184 1.171742 2.288724 3.167779 0
0.083282 0.698983 2.108948 4.356484 0
0.043093 5.200230 1.697819 4.896578 0
0.074873 5.643506 2.359781 5.588919 0
0.034976 1.018785 0.690721 1.520520 0
0.080216 6.100059 1.534318 1.218816 0
0.090486 3.855687 0.614473 3.094765 0
0.084427 4.073749 1.274085 2.439253 0
0.091370 1.148088 2.473127 3.320271 0
0.054219 4.075663 0.980734 3.013890 0
0.069015 4.933143 1.067838 0.231881 0
0.082664 0.715085 2.592155 5.062079 0
0.052531 0.257709 0.440136 5.776875 0
0.010895 3.326431 0.686921 5.219072 0
0.037825 1.287174 1.209354 5.377585 0
0.092370 4.253715 1.033491 4.323227 0
0.092721 0.857500 0.967938 0.965689 0
0.088608 2.753882 1.840805 1.642685 0
0.047268 5.606861 1.155668 5.697303 0
0.007854 1.412181 2.009557 1.772631 0
0.051553 4.775611 0.931143 1.744472 0
0.053803 1.978827 0.670623 2.717790 0
0.072097 2.711012 1.133864 2.343738 0
0.032935 3.345843 0.499465 6.083345 0
0.081791 1.744093 0.713275 2.853320 0
0.084609 4.745428 2.016533 5.901815 0
0.080475 0.087385 2.335210 4.107865 0
0.048853 3.508945 2.629702 3.169456 0
0.056438 0.863631 2.170202 3.820228 0
0.067260 5.594287 0.405554 6.108459 0
0.056730 2.067023 1.256043 2.703655 0
0.092816 2.552792 1.366364 3.333023 0
0.082696 3.269663 2.892652 2.511675 0
0.052502 4.399162 1.243058 5.801009 0
0.084502 1.163052 1.725505 5.986112 0
0.086231 3.222999 1.484999 0.390183 0
0.080648 1.503125 1.917943 0.645902 0
0.035998 4.465245 0.554773 2.836341 0
0.019911 2.640188 2.439412 5.661949 0
0.090911 1.760625 1.433555 3.206680 0
0.089476 2.614944 2.532572 0.479008 0
0.034107 1.565474 3.096682 5.217468 0
0.065898 3.622521 2.172697 1.117338 0
0.029916 1.509592 1.023780 4.648964 0
0.069245 5.717933 2.325961 3.826945 0
0.078785 5.766043 0.497014 4.149076 0
0.058129 5.920097 1.694054 1.032840 0
0.047162 6.239627 1.927813 0.144641 0
0.063973 3.674689 0.641020 3.302307 0
0.091323 0.620481 1.278584 1.685503 0
0.082176 0.873798 1.462758 4.805337 0
0.061590 4.310363 1.580194 5.396107 0
0.077204 2.182797 1.506541 1.361918 0
0.051488 3.319968 2.425237 3.788699 0
0.068600 2.755649 2.135001 4.354417 0
0.065700 2.777874 2.017610 5.283476 0
0.016419 5.122706 1.300455 5.409540 0
0.095606 4.539187 0.735377 3.703005 0
0.092817 3.614698 1.274781 1.513190 0
0.051119 5.396271 0.642330 5.386986 0
0.045414 3.565979 0.551467 2.961536 0
0.030973 5.976713 0.552275 3.559641 0
0.062434 5.288590 1.069141 5.161267 0
0.053275 6.129929 1.901454 1.952656 0
0.088933 0.180970 0.854573 4.429453 0
0.086674 1.890867 1.146852 3.849957 0
0.093608 4.074428 2.356245 0.864256 0
0.071226 5.989259 2.998869 4.483396 0
0.072164 0.433776 0.888980 3.874814 0
0.014234 1.628798 0.884677 2.576481 0
0.031770 2.782141 1.003921 2.417481 0
0.064684 5.616121 1.972577 1.315150 0
0.096054 5.449148 2.547334 4.234063 0
0.041012 1.310690 1.129871 0.279210 0
0.092578 0.880796 0.881462 2.289446 0
0.030562 1.111523 0.565842 3.858923 0
0.049593 1.651404 1.002407 1.672604 0
0.072254 2.601820 1.931065 3.914404 0
0.092568 5.703647 0.176306 1.729661 1
0.089532 4.418837 1.539985 4.550488 0
0.075534 2.506230 1.365568 4.641629 0
0.077941 4.302200 2.172869 2.918852 0
0.090824 6.064305 2.288761 5.769867 0
0.037692 5.697955 1.635781 2.437943 0
0.041193 4.796155 1.884336 4.346375 0
0.042122 2.076445 1.191236 0.215567 0
0.048810 2.026294 1.180119 0.250304 0
0.016054 4.990040 2.127205 3.746746 0
0.043940 1.018972 1.234602 5.030004 0
0.092027 0.742844 1.081732 4.220984 0
0.028878 0.590784 1.751972 1.416607 0
0.002973 0.770084 1.799732 1.071727 0
0.094122 1.681910 2.381302 0.397844 0
0.077341 1.112511 0.635550 5.255263 0
0.070679 2.558639 2.422610 3.300752 0
0.044879 4.023174 0.712528 2.478578 0
0.089581 2.869502 0.914806 4.080134 0
0.075824 2.891067 1.205022 4.136309 0
0.074442 5.725597 2.445803 3.487404 0
0.018390 3.124280 2.038925 5.778735 0
0.087460 3.694049 2.880336 2.281360 0
0.087464 0.506805 0.926021 1.662180 0
0.069848 0.475819 2.189219 4.330937 0
0.084619 5.727245 0.587257 3.257954 0
0.060681 1.751727 0.844354 5.925908 0
0.085961 3.072834 1.775118 1.841460 0
0.063270 3.048762 2.340929 2.727741 0
0.099120 3.604811 1.274160 4.696046 0
0.040206 2.116684 0.677691 5.822234 0
0.064617 1.947658 0.905062 5.688932 0
0.062105 6.164161 1.761371 0.639284 0
0.094476 4.263014 1.813707 1.638597 0
0.097840 4.952139 0.937080 4.374350 0
0.052651 5.060351 2.934116 4.257033 0
0.053908 5.261490 0.681422 1.715785 0
0.064118 2.924878 0.287165 3.598790 1
0.089576 0.822867 1.569601 1.381864 0
0.066404 4.339068 0.723798 5.194001 0
0.081954 4.524294 2.599813 3.545079 0
0.063130 3.447337 2.278401 2.235679 0
0.058036 0.181811 0.460203 3.858078 0
0.091341 0.259469 1.140786 0.784905 0
0.093738 2.533514 1.365348 1.820888 0
0.093206 2.629335 2.382030 4.216768 0
0.074124 2.274331 2.468825 6.222727 0
0.022925 0.103057 2.257585 4.550257 0
0.085818 4.683643 1.133851 0.848289 0
0.054230 0.712643 1.552453 3.964085 0
0.037730 3.410812 1.035463 6.136616 0
0.076429 3.370904 0.648796 2.908053 0
0.096939 3.139025 2.100490 5.079624 0
0.095816 3.865434 1.529918 2.937377 0
0.098852 2.328652 1.486448 0.186793 0
0.062211 1.727276 2.103484 0.775875 0
0.014258 0.266017 1.066705 1.975528 0
0.039466 4.708133 2.669542 1.873114 0
0.054053 1.195406 1.103556 5.506040 0
0.085250 2.364880 1.243260 4.187542 0
0.093593 0.576665 1.520606 4.989080 0
0.084082 5.997186 1.073637 4.298678 0
0.057017 4.520190 2.012820 4.474362 0
0.099715 2.939337 2.306626 0.092015 0
0.071425 0.591217 1.221879 4.184014 0
0.091838 1.723971 2.759922 0.851924 0
0.068164 1.500487 0.218623 1.202503 1
0.078434 2.205687 2.368429 3.086086 0
0.066545 2.090840 1.126752 0.941265 0
0.053596 3.435251 2.302215 3.847494 0
0.051590 3.442229 1.212082 1.636537 0
0.012513 1.005724 1.104272 3.303735 0
0.050414 3.796095 0.906411 0.613105 0
0.093731 0.978505 1.007866 2.156259 0
0.062813 1.539809 1.639979 0.061173 0
0.077208 2.465621 1.572600 0.244662 0
0.085158 4.939239 0.898854 0.078118 0
0.057692 0.142686 1.823023 3.763561 0
0.075535 5.964284 2.373022 3.683296 0
0.033062 0.845466 0.682562 2.283762 0
0.085949 1.908408 1.492819 3.878443 0
0.067784 4.361897 2.741193 5.365906 0
0.096917 3.110278 2.385457 3.364016 0
0.094204 2.291153 1.720028 3.849176 0
0.038827 4.794606 1.823576 3.038511 0
0.088645 1.569721 0.582967 2.239022 0
0.044618 5.918986 2.657574 1.937641 0
0.027676 0.342978 1.921666 5.122827 0
0.059860 0.835086 1.435578 5.138299 0
0.090946 2.469601 1.921536 4.815503 0
0.094237 3.364913 1.163228 4.872593 0
0.094878 5.505013 1.345111 0.320087 0
0.079952 0.082692 1.639926 2.670540 0
0.051283 3.877485 2.168520 2.903233 0
0.074777 4.548694 2.142301 3.994552 0
0.088235 2.779092 1.472792 0.859872 0
0.075843 5.552279 2.712341 2.527976 0
0.052604 3.936006 0.846648 1.035388 0
0.040246 2.956628 2.647858 0.390614 0
0.058882 2.063380 0.686014 6.194889 0
0.058443 4.069299 1.391796 3.798486 0
0.051456 1.208620 0.522094 5.176885 0
0.095724 5.259407 1.490068 4.365800 0
0.052855 5.722446 2.296127 5.369492 0
0.089131 4.940658 1.063109 0.447049 0
0.064247 2.674577 1.014405 3.611212 0
0.094670 1.107233 1.848160 1.526475 0
0.071037 4.712527 0.997727 5.316686 0
0.063061 4.020422 1.472085 4.162239 0
0.091227 3.250520 1.543528 4.703170 0
0.059531 5.944190 1.457296 3.982056 0
0.092564 1.728271 1.547485 4.091804 0
0.024778 4.682646 2.031705 2.979222 0
0.041345 6.021291 0.445954 0.422057 0
0.036680 4.309075 1.181256 4.015952 0
0.066018 3.386711 1.541463 5.237057 0
0.042294 5.881439 1.562685 0.069804 0
0.067335 6.172049 2.116810 5.075516 0
0.096351 1.275573 1.453643 4.933319 0
0.069143 5.842749 1.443237 3.389589 0
0.082169 0.997606 0.234010 5.316248 1
0.034219 0.392875 2.543763 1.581050 0
0.086507 1.403652 2.467993 1.157182 0
0.087316 2.363270 0.266682 5.914310 1
0.055874 3.227165 2.701712 4.810298 0
0.070422 4.473902 1.718080 2.665897 0
0.095659 0.093829 0.950723 2.470135 0
0.097203 4.057968 2.616361 3.895603 0
0.089701 5.945349 1.502967 5.791284 0
0.009359 2.383785 0.858844 4.756989 0
0.077640 0.402966 2.652031 2.294614 0
0.066352 6.025225 1.173401 4.727759 0
0.068743 1.626667 1.606862 6.085232 0
0.098536 0.574314 1.354689 5.566859 0
0.032610 3.783974 1.113253 0.321536 0
0.049808 1.330347 1.920221 0.331144 0
0.039745 0.862619 2.820305 1.047549 0
0.071881 0.928392 2.582321 0.750656 0
0.046032 5.435524 1.540131 4.097593 0
0.090776 4.971010 1.378816 1.863582 0
0.022372 5.797038 1.081717 0.131875 0
0.011846 4.133573 2.521739 0.756310 0
0.051002 1.169358 0.854082 3.193118 0
0.063075 5.294985 1.692907 3.492215 0
0.098996 3.363506 2.032029 3.120824 0
0.082648 4.061118 1.805269 5.623256 0
0.071515 0.633565 1.665179 2.107835 0
0.094446 5.979830 1.838110 5.919066 0
0.093507 5.637047 2.754670 5.581850 0
0.074501 5.466491 0.187352 5.121796 1
0.023691 1.132822 1.209721 2.852368 0
0.015171 5.555992 0.198028 0.019041 1
0.064775 4.601163 1.570246 0.645026 0
0.061534 0.728160 3.044148 5.592553 0
0.046554 3.422760 0.989760 0.683115 0
0.070461 5.388620 0.454546 2.329903 0
0.086879 0.086752 1.068305 1.946731 0
0.094012 1.683543 0.722707 5.905907 0
0.066951 2.817071 1.357017 2.960987 0
0.057673 2.536487 1.519346 4.726191 0
0.036877 6.119893 2.359885 3.233560 0
0.029984 5.356313 1.379063 1.926592 0
0.063026 3.960130 1.400672 5.615293 0
0.069850 2.928703 1.080411 1.524861 0
0.069277 3.290578 1.676032 2.285513 0
0.088975 4.256934 1.167350 1.507302 0
0.035477 4.383324 2.006778 2.880698 0
0.031831 1.165131 0.953721 1.491091 0
0.039931 0.411735 2.098908 1.566706 0
0.095813 0.984393 1.682983 1.980751 0
0.088710 6.103006 0.949482 1.726903 0
0.066139 2.974869 1.605872 5.763979 0
0.099859 0.440170 1.117683 4.956384 0
0.086462 3.674541 0.340628 5.487924 0
0.053146 4.648788 1.227933 2.411305 0
0.096193 3.409140 1.815399 0.532573 0
0.077981 2.343861 1.232608 3.305738 0
0.072781 5.592578 2.322304 1.989592 0
0.092812 0.316161 1.754831 1.877737 0
0.072373 0.685074 0.967249 3.273291 0
0.042319 3.124837 1.180553 5.822349 0
0.028663 2.126989 2.214512 2.290871 0
0.028000 0.829338 2.090645 0.023327 0
0.082133 2.321385 0.604033 1.776168 0
0.086168 2.655180 2.236510 1.710315 0
0.055917 4.085208 1.749462 1.093787 0
0.083696 1.133217 1.516635 1.409213 0
0.053795 4.330054 2.083445 2.943536 0
0.043184 0.345809 1.359495 1.687898 0
0.062734 1.226602 1.840537 2.965390 0
0.057203 2.397758 1.522115 0.011234 0
0.086665 3.544617 1.125137 3.101204 0
0.099334 0.586121 2.131231 1.881185 0
0.086224 2.228241 1.517734 2.789513 0
0.073143 5.946495 1.913990 5.179750 0
0.079722 2.598045 1.143647 5.165069 0
0.068449 4.322801 0.611770 5.416652 0
0.093980 4.548550 1.232465 1.322159 0
0.032487 5.087574 0.957498 5.382266 0
0.061144 3.120794 1.266494 2.265619 0
0.076810 0.728619 1.896493 2.095059 0
0.068600 0.838590 2.158928 0.035133 0
0.028263 2.800113 2.291547 4.495263 0
0.092690 0.771799 1.645846 2.058828 0
0.090046 3.946929 0.901440 4.360819 0
0.059338 3.291151 2.513157 2.875417 0
0.057751 0.733185 1.190175 4.444547 0
0.078319 4.174783 0.527461 1.277709 0
0.088340 4.573784 1.644449 1.577076 0
0.092812 1.974156 1.062353 5.914273 0
0.087169 0.543906 1.889629 3.889243 0
0.045760 1.220314 2.675497 0.127121 0
0.090686 0.857180 2.013690 1.096352 0
0.081254 3.887732 1.838226 6.243872 0
0.085758 5.946267 1.984747 2.191711 0
0.078155 4.832214 1.675338 2.458080 0
0.070499 0.559004 1.859208 2.252001 0
0.063495 5.647365 1.158631 1.024244 0
0.099266 6.009441 2.170032 1.223791 0
0.038814 4.578373 0.964301 6.113812 0
0.093010 5.838851 0.788467 3.300698 0
0.074029 4.898748 1.608936 1.781130 0
0.085208 1.383433 1.838580 2.116508 0
0.099461 1.159077 2.044445 3.055274 0
0.052292 2.326559 2.331399 4.251241 0
0.051874 0.907179 2.317522 1.598824 0
0.031751 3.905788 1.469087 1.580003 0
0.059186 4.173527 0.987255 1.353343 0
0.077040 2.337609 2.073079 0.889406 0
0.038949 1.632240 1.420287 5.515001 0
0.069279 0.360192 0.963298 2.948134 0
0.049173 5.922911 2.716363 3.237350 0
0.055941 5.027498 0.906751 3.657022 0
0.097187 0.197706 2.309037 0.284926 0
0.080814 1.795275 1.152314 0.021285 0
0.097466 3.275560 0.973459 3.414809 0
0.094518 6.028668 1.949885 0.283156 0
0.046826 0.691565 2.578504 4.393396 0
0.040914 0.863294 0.845819 2.571026 0
0.028295 0.778568 2.584628 2.469303 0
0.096128 0.730597 2.824256 5.457557 0
0.038437 5.098985 2.546130 5.031798 0
0.031186 1.324227 2.224898 0.296691 0
0.085562 0.144525 1.753214 3.929771 0
0.099121 1.732529 1.918794 1.267731 0
0.062113 3.727898 2.501420 3.475851 0
0.085482 0.436287 2.751256 5.094211 0
0.043972 5.572069 0.936689 0.737734 0
0.005568 1.123469 2.904490 0.947785 0
0.099516 5.654589 2.698337 0.550344 0
0.033274 4.749480 0.751918 5.295418 0
0.088256 4.558536 1.507222 4.784013 0
0.003541 0.871745 2.755347 2.431974 0
0.085560 5.429686 2.647753 2.907649 0
0.096623 5.671518 1.100749 0.797641 0
0.088852 2.999004 1.034129 4.979882 0
0.081001 1.447482 2.661246 4.061742 0
0.036101 5.624064 2.057905 1.514516 0
0.080685 5.459122 0.587497 2.701179 0
0.077095 3.468752 0.905377 3.742352 0
0.083115 0.970566 2.877574 2.656955 0
0.013650 5.798966 2.451628 5.983039 0
0.090862 1.000093 0.570479 3.864515 0
0.079779 2.032871 1.384988 1.838385 0
0.074425 2.205694 2.642607 4.299238 0
0.049613 4.229027 2.587875 5.636932 0
0.073615 0.057318 1.217602 0.856251 0
0.074913 3.256933 2.053054 1.583382 0
0.082026 4.489744 1.928091 4.344565 0
0.079844 3.521755 1.862285 2.909639 0
0.084834 4.541913 0.566621 2.237760 0
0.021543 3.052181 1.872846 3.771950 0
0.091478 3.693086 1.125350 0.521263 0
0.051073 1.318572 2.858565 5.043892 0
0.046795 1.929936 2.642619 4.901959 0
0.090858 4.215561 0.360695 3.131182 0
0.062088 4.442493 0.901549 0.144460 0
0.051725 5.236980 1.542943 6.202912 0
0.074589 3.545067 1.252182 3.787306 0
0.022357 6.233632 0.935005 5.571938 0
0.076150 3.064074 2.792040 5.282461 0
0.083518 5.968211 1.861870 5.758534 0
0.050698 3.660126 1.975059 0.518645 0
0.050344 4.579465 1.733286 4.014623 0
0.066022 4.842388 1.900621 4.419835 0
0.077729 0.929996 1.962026 1.008705 0
0.084394 0.213864 2.125413 4.789126 0
0.016171 6.072081 1.873424 3.807843 0
0.067384 3.887894 1.464128 0.952429 0
0.075409 0.567102 0.527965 5.187881 0
0.082023 4.805087 2.526021 5.819731 0
0.070257 3.073167 1.701541 5.840138 0
0.050971 1.427066 1.839883 5.428553 0
0.061249 2.033165 0.314480 0.548940 1
0.059802 4.950082 2.345017 2.411339 0
0.086847 3.132760 2.939393 1.308762 0
0.034260 2.743116 1.286752 4.310388 0
0.072584 2.688969 1.594191 1.254262 0
0.043899 2.638423 0.725334 4.312236 0
0.095343 4.341977 1.804519 1.060775 0
0.095821 1.562792 0.364273 1.842920 0
0.075651 0.360214 1.329824 5.842984 0
0.091933 1.446741 1.189022 3.766089 0
0.085373 1.907135 2.233658 5.316968 0
0.086030 1.052856 1.635324 1.677284 0
0.077171 0.276068 1.503886 4.952695 0
0.068107 3.722354 1.519894 2.342895 0
0.053243 0.567750 1.654315 1.267003 0
0.058231 3.609812 1.560715 5.726497 0
0.079489 5.501782 2.322221 2.997137 0
0.032541 0.974249 0.560107 5.244838 0
0.067719 5.554891 1.941131 1.248449 0
0.022728 1.339606 1.502032 4.066387 0
0.050709 5.857279 1.441298 4.530165 0
0.072432 5.717644 0.622820 5.077593 0
0.001875 3.993545 0.198048 2.132749 1
0.045838 3.171332 1.049132 5.290198 0
0.061674 0.579173 1.200320 3.055267 0
0.049723 2.484190 1.204677 4.434806 0
0.052864 0.012354 2.513307 2.080459 0
0.046387 2.325803 2.845905 2.967634 0
0.054989 2.599558 0.910468 5.196344 0
0.056897 1.804489 1.844496 2.036224 0
0.096062 4.052161 1.903951 0.835021 0
0.038685 5.745035 2.823129 3.330238 0
0.008080 1.846183 0.255920 1.594444 1
0.083018 2.119238 2.736764 6.086270 0
0.058245 5.429320 1.158789 3.483552 0
0.048401 1.747204 0.328512 3.371834 0
0.083175 1.382615 1.294635 0.097593 0
0.071221 6.275744 1.244238 2.701953 0
0.080233 0.019605 1.696985 4.985028 0
0.095785 3.379007 1.209841 5.805662 0
0.091193 2.134400 0.870463 3.272378 0
0.082279 0.862986 1.549745 0.102044 0
0.003810 4.959006 1.712602 1.481058 0
0.025947 3.753598 2.146856 4.769786 0
0.090413 0.854699 2.152364 2.040132 0
0.036721 0.718011 2.105345 4.891977 0
0.034263 1.995874 1.715246 0.219071 0
0.092490 5.625900 2.733129 4.316885 0
0.048486 0.858470 0.946825 5.730753 0
0.052343 4.381541 2.599512 1.730577 0
0.069756 3.135208 1.593093 3.480386 0
0.031046 1.781341 1.187598 5.741833 0
0.064772 0.551181 1.020519 3.483297 0
0.044944 6.240865 1.230180 2.006809 0
0.055760 5.685908 1.275022 1.045248 0
0.089461 1.967428 2.355789 0.222553 0
0.067064 0.385026 2.679218 4.547354 0
0.087099 5.502917 3.083746 1.540743 0
0.061221 3.206380 2.212143 2.960561 0
0.089097 0.704931 1.338778 1.340575 0
0.044712 3.917989 2.135880 2.525304 0
0.078539 0.632775 2.029311 5.829221 0
0.007516 0.474807 0.623588 5.064120 0
0.062345 5.953417 2.322385 5.268133 0
0.009378 4.956793 1.695486 4.821825 0
0.081530 3.527047 0.225280 0.248279 1
0.026769 5.100512 1.592204 5.437962 0
0.096123 5.628049 0.569215 0.778370 0
0.072062 5.319224 1.622411 0.855335 0
0.097329 1.552602 0.511033 5.987496 0
0.056804 0.992654 2.115119 4.469645 0
0.032481 3.771919 1.670593 0.718144 0
0.062387 0.703709 2.439399 0.338865 0
0.082058 5.619353 0.621328 4.680997 0
0.084031 3.795985 1.793600 3.958938 0
0.070702 4.331126 2.103578 0.120516 0
0.073205 1.757796 0.810168 3.035979 0
0.072586 1.377221 1.442708 5.337807 0
0.061415 1.225536 1.692909 3.032760 0
0.089183 0.695674 1.765983 1.159795 0
0.047193 3.007688 1.020474 5.630139 0
0.061077 2.085805 1.856817 0.497350 0
0.096753 1.580539 2.002568 2.739453 0
0.096998 2.910410 1.481032 2.995645 0
0.086196 3.835819 2.738687 1.695419 0
0.091087 2.488729 0.705551 1.299730 0
0.076886 4.274308 1.959592 2.428533 0
0.088938 1.800209 1.713480 0.086179 0
0.087476 5.086988 2.531440 0.868567 0
0.037628 3.461083 0.970102 0.488212 0
0.089577 5.822204 1.598197 4.670103 0
0.062437 6.087633 0.976511 0.834449 0
0.076116 1.131001 1.374827 2.570122 0
0.075901 3.279910 1.804736 1.050809 0
0.044977 1.919157 1.678513 6.241014 0
0.076939 0.784485 0.167577 2.244078 1
0.096668 5.760326 1.561582 0.477895 0
0.068384 4.478562 0.805877 1.696662 0
0.079964 4.193771 0.231184 0.183824 1
0.079771 1.466142 0.828647 1.355300 0
0.064292 3.548142 1.822961 6.216873 0
0.029448 1.512088 0.813960 1.815898 0
0.073899 4.463839 1.120308 0.867426 0
0.091395 1.817735 1.561219 4.836611 0
0.045397 6.224149 2.334581 4.233100 0
0.083868 6.280613 2.662692 2.153922 0
0.081673 6.013341 1.312046 1.906232 0
0.043634 3.356019 1.608983 3.793441 0
0.031437 0.903768 1.758275 1.165842 0
0.062008 4.711626 1.519892 5.847102 0
0.067847 4.755468 0.530213 1.857418 0
0.021484 3.542847 0.517165 1.584894 0
0.074462 5.725350 2.590447 1.620151 0
0.095436 5.464571 1.773506 3.630790 0
0.090927 6.111818 2.437948 0.107840 0
0.071194 2.515368 1.815034 3.805629 0
0.073768 1.345225 2.192558 5.834993 0
0.098182 1.670026 2.372478 2.665945 0
0.015050 5.830253 2.026207 0.432326 0
0.070127 4.934206 1.204779 0.290539 0
0.083458 1.552029 1.168200 3.815962 0
0.034165 5.684763 0.889726 5.928141 0
0.093674 0.417404 2.742239 2.414864 0
0.068320 3.654077 2.941480 0.068724 0
0.089200 4.908778 2.645001 4.772968 0
0.021691 5.019442 0.886510 0.437928 0
0.085252 5.679090 0.762676 1.373238 0
0.083016 2.887474 1.081049 2.423295 0
0.084058 3.574467 2.974169 5.172917 0
0.068822 1.119640 2.133620 2.206256 0
0.049460 4.570669 2.061162 4.469816 0
0.055589 4.558427 2.031593 0.657678 0
0.071187 4.159072 2.387113 3.479638 0
0.067883 0.303188 1.820379 1.178652 0
0.097576 4.787820 1.381968 4.029203 0
0.047070 4.215667 0.329803 5.831610 0
0.048973 0.125385 2.097689 4.482994 0
0.044514 3.256030 0.514080 2.782068 0
0.049564 5.027185 0.807020 3.485075 0
0.072498 5.507239 1.895132 0.203261 0
0.073379 3.290213 1.743964 6.278454 0
0.075625 1.317279 0.893961 3.292494 0
0.098573 3.725810 0.837353 1.214021 0
0.051374 1.207824 0.711619 3.165241 0
0.046064 5.483788 0.969768 2.578233 0
0.062529 1.771115 2.354965 4.000146 0
0.028633 0.045815 0.905388 3.817541 0
0.094010 5.344788 1.854446 2.652996 0
0.061180 1.420515 1.413112 5.945218 0
0.066010 3.822185 1.511216 2.559707 0
0.044867 3.993038 1.773395 2.923102 0
0.090980 4.536175 2.787553 0.250886 0
0.077119 1.170207 1.471168 6.193411 0
0.068420 1.906235 1.818017 3.456437 0
0.055739 5.112407 0.816713 1.221920 0
0.081505 5.011595 1.806394 0.242641 0
0.015395 0.239994 2.894619 2.886719 0
0.080406 2.859200 2.394476 5.326990 0
0.030094 2.936970 1.187571 5.769915 0
0.043519 1.772065 2.729989 4.926738 0
0.068431 2.566735 2.140822 5.883594 0
0.084374 2.464150 1.543817 0.141835 0
0.045370 4.047639 0.969268 5.467382 0
0.066470 5.238670 2.527952 2.924973 0
0.093379 5.614697 2.586628 3.257659 0
0.059048 4.974932 1.300080 2.759765 0
0.050913 4.268371 1.281875 2.818676 0
0.098049 1.984111 1.006812 2.699523 0
0.085105 0.016007 1.299574 2.740630 0
0.062827 5.356778 1.488220 3.773529 0
0.070481 4.246219 1.512236 5.897280 0
0.071384 2.384563 1.377811 2.397183 0
0.052261 2.067573 2.498078 3.906786 0
0.034763 1.673121 0.499189 2.388037 0
0.097243 2.629860 2.288091 5.698742 0
0.085693 0.385757 1.237935 2.881631 0
0.025287 4.415012 2.480988 2.881921 0
0.074514 2.221540 0.491757 0.326652 0
0.017139 3.329989 2.947064 3.386278 0
0.095368 2.479813 2.569801 1.147441 0
0.085073 5.155118 2.225357 5.306706 0
0.029453 5.437592 0.987609 0.203360 0
0.053289 0.335086 2.643923 0.115052 0
0.033871 1.733997 1.524654 1.122607 0
0.098927 2.335758 1.849054 3.354429 0
0.085166 4.376791 1.743376 4.741872 0
0.047600 3.621827 1.145348 0.854962 0
0.098545 1.345241 1.199724 4.365840 0
0.018591 0.773446 1.649745 0.762227 0
0.099424 4.800919 0.805648 1.712120 0
0.090411 0.584504 1.139121 5.856848 0
0.060745 4.823854 0.678730 2.184325 0
0.037348 4.700796 2.438800 5.433725 0
0.066689 2.936650 1.812125 4.217998 0
0.020932 5.737378 2.232895 0.093747 0
0.035670 0.792179 2.003725 1.016608 0
0.049918 1.565763 1.122113 1.493477 0
0.011528 2.744422 1.591171 5.219501 0
0.072788 5.032769 2.124347 5.647427 0
0.075414 5.489433 1.039008 4.449865 0
0.078856 0.804137 1.717365 0.418260 0
0.077160 1.209633 2.066632 4.016079 0
0.032504 3.426033 1.884095 1.463259 0
0.081936 2.286228 1.358573 5.783836 0
0.078298 4.258702 0.818169 3.935487 0
0.033850 4.199726 1.484814 4.048866 0
0.068513 1.381782 1.657330 0.239562 0
0.030592 4.961676 2.085976 4.495072 0
0.095794 2.006648 2.169973 3.223414 0
0.071546 3.266406 0.801545 3.880106 0
0.025522 5.066135 2.347379 4.627465 0
0.041251 1.540047 1.890221 4.921168 0
0.096068 5.122245 1.388957 0.235503 0
0.069544 5.445274 1.943095 5.988095 0
0.029421 1.414292 2.953297 1.131899 0
0.012152 4.633899 2.483435 5.858595 0
0.023849 4.257119 1.461472 3.573642 0
0.044430 3.755133 0.892588 1.649593 0
0.063557 0.230741 3.079128 3.607259 0
0.053088 4.121989 1.281459 1.286352 0
0.068649 4.818712 1.029114 5.999834 0
0.079597 5.806225 2.525039 4.524671 0
0.038624 5.649215 2.498995 1.030114 0
0.079788 5.000356 0.631309 4.357290 0
0.068802 3.404348 1.075257 4.214629 0
0.037345 2.818308 2.619224 3.414378 0
0.069661 5.858095 0.699843 4.819838 0
0.076706 2.983694 2.804319 0.374763 0
0.049172 1.344860 0.241825 5.500022 1
0.037166 5.796156 1.762935 1.805231 0
0.090641 3.114891 1.473160 2.878929 0
0.053998 3.440869 0.800093 4.806351 0
0.029908 2.600780 1.441907 1.438328 0
0.092870 2.318832 2.146785 2.184953 0
0.054900 5.591157 0.691476 5.590641 0
0.060393 0.544609 2.687928 3.810887 0
0.054838 6.056816 1.534543 2.757368 0
0.094152 0.486046 2.040161 4.448787 0
0.075704 1.114758 0.839929 5.432999 0
0.085150 1.997565 1.833080 5.117659 0
0.085548 0.410775 0.419814 3.734248 0
0.065911 5.125506 2.655446 4.623348 0
0.084001 0.357620 1.824730 0.441959 0
0.037894 3.613022 1.932345 2.791698 0
0.073417 0.997385 2.443894 2.673254 0
0.048590 3.828479 0.748098 5.084368 0
0.088698 1.883387 1.926001 3.215679 0
0.078592 1.907162 1.215982 2.196110 0
0.060738 2.322953 2.663103 5.047542 0
0.043065 5.566373 1.649217 5.598753 0
0.097100 1.035323 2.746130 0.543037 0
0.086012 4.010373 1.632314 1.751812 0
0.089275 2.600616 1.991653 0.208004 0
0.015239 5.263922 2.324871 5.089147 0
0.037085 3.243369 1.206286 4.745074 0
0.090539 4.071792 0.659086 1.185282 0
0.013325 0.305172 2.962297 1.276834 0
0.096669 3.337344 0.624197 5.512352 0
0.083423 0.349928 2.758438 2.737826 0
0.083304 3.106938 2.014288 3.084874 0
0.095309 2.631519 1.618971 5.853463 0
0.050656 2.302065 2.075035 2.476379 0
0.093946 0.397879 0.793521 4.412780 0
0.084343 1.596267 2.468534 4.581231 0
0.055011 5.547700 2.615309 1.489798 0
0.064351 0.167281 0.690156 0.691340 0
0.028691 0.491167 1.662462 4.877511 0
0.075674 1.635620 1.086603 3.022474 0
0.082410 4.972078 1.395194 5.879395 0
0.039713 0.968992 1.223587 0.253208 0
0.046642 3.010856 2.077422 5.836542 0
0.085630 3.980864 1.892391 0.225376 0
0.071869 3.709468 1.099498 5.847238 0
0.078550 2.434138 0.406005 4.393958 0
0.068233 3.684559 1.521977 0.240226 0
0.092018 4.667483 1.609356 3.304132 0
0.073088 5.855453 1.493928 4.347334 0
0.029350 4.972930 2.053751 1.908130 0
0.052025 2.983344 1.006532 0.024538 0
0.032922 5.596074 0.401567 3.926402 0
0.069356 1.965089 1.682072 0.615920 0
0.083675 3.745847 2.207681 1.041348 0
0.042730 1.714977 0.937181 0.184214 0
0.012570 4.544274 1.681397 3.455652 0
0.080942 0.105503 1.028350 4.657801 0
0.089903 6.120343 0.427514 0.495848 0
0.067000 1.744232 0.583833 3.501525 0
0.041018 0.770301 0.881988 4.079478 0
0.065981 4.635195 2.088161 0.851432 0
0.057783 3.422092 1.161995 3.245078 0
0.090421 3.174354 1.662503 5.236345 0
0.047797 0.634454 1.335376 5.551984 0
0.034317 3.928612 1.823348 5.818390 0
0.077417 4.209345 0.140718 0.303086 1
0.097342 0.551439 1.783441 0.727512 0
0.045865 4.949352 2.129530 4.057131 0
0.072486 3.219203 2.168135 5.399219 0
0.023874 0.518158 1.319733 5.495179 0
0.076660 5.790405 1.999784 5.127954 0
0.015016 0.573964 1.981800 0.881631 0
0.084653 2.040168 0.521009 1.985161 0
0.099732 0.447888 1.295712 5.919904 0
0.039881 6.092858 0.486314 2.321069 0
0.087030 5.171221 0.246567 1.777202 1
0.057912 5.003578 0.773207 2.465348 0
0.093745 3.254348 1.085935 2.931063 0
0.066296 6.125680 1.121052 2.903242 0
0.025745 6.172585 1.777017 4.919034 0
0.055417 4.201708 0.639614 1.895894 0
0.086024 2.909257 1.033105 5.648924 0
0.065782 1.896844 1.089338 1.194769 0
0.035344 1.781822 1.516778 2.892119 0
0.028272 3.865207 2.353692 6.023950 0
0.036485 0.751623 1.420703 3.597938 0
0.030750 4.447659 0.374720 1.010576 0
0.083082 4.002868 2.662587 6.266626 0
0.055299 0.267435 1.157327 0.287802 0
0.071105 3.411949 2.667525 5.895621 0
0.091920 1.340348 0.733167 6.093672 0
0.070492 3.779175 1.430604 3.624384 0
0.046545 1.776888 1.642017 2.197566 0
0.063437 6.036977 2.576924 3.122629 0
0.081773 6.013498 1.891927 2.255325 0
0.077081 3.779630 1.279308 5.654571 0
0.080256 4.118102 2.671477 0.940571 0
0.044547 5.595914 0.602410 0.272472 0
0.032240 1.360211 0.230321 3.775246 1
0.090441 2.785565 0.870265 0.217396 0
0.085214 4.481595 1.337389 0.807779 0
0.082103 1.927280 1.824600 2.153653 0
0.051363 1.780427 1.986049 5.390774 0
0.094070 0.364560 2.112787 3.323937 0
0.084465 4.421348 1.936316 5.729527 0
0.077091 4.817515 2.715277 4.387153 0
0.099157 6.084959 1.157285 5.033926 0
0.064171 2.995660 2.307092 0.866606 0
0.043594 1.383099 1.084871 5.429457 0
0.072585 5.604792 0.944410 4.967973 0
0.041880 5.708903 1.872651 0.378906 0
0.098317 2.554537 1.750412 4.272939 0
0.033203 1.684166 1.755732 4.426776 0
0.018648 3.438094 1.375110 0.113035 0
0.071808 4.409957 2.263121 5.827206 0
0.042266 4.115097 0.517025 2.316501 0
0.093545 2.085011 1.007016 2.525390 0
0.047315 2.762697 0.908678 2.508652 0
0.059017 5.285739 1.489846 1.978693 0
0.049781 0.307216 2.999743 2.249789 0
0.056297 3.687727 0.505808 2.209877 0
0.036621 2.924123 1.307159 4.082503 0
0.040897 1.186688 1.725774 2.173326 0
0.091859 4.037150 2.014355 4.516796 0
0.098710 5.952600 0.709937 1.245595 0
0.062216 1.969177 1.767068 4.620528 0
0.039326 0.358620 0.452395 2.528820 0
0.032553 0.284482 2.118910 2.657217 0
0.079511 5.171988 2.152256 4.814844 0
0.053716 0.906821 1.402111 2.863820 0
0.057723 6.240685 2.218521 1.112108 0
0.079735 3.243789 2.484441 3.833626 0
0.068092 0.104718 2.235424 5.345316 0
0.057452 2.550282 1.743886 3.045625 0
0.068042 3.998694 2.456564 3.574737 0
0.082564 4.069869 2.960751 1.972199 0
0.068621 4.815863 0.574218 4.771597 0
0.095435 3.118019 0.964812 1.533007 0
0.069963 0.106193 1.412097 0.786983 0
0.073018 1.990833 2.060977 6.263186 0
0.057751 3.416645 2.339357 4.169446 0
0.097451 2.724790 0.790667 2.592644 0
0.026472 0.223145 2.869231 4.723474 0
0.082659 6.116150 0.518222 0.968500 0
0.086017 0.916344 2.544777 4.088326 0
0.080130 0.809144 2.480506 0.826696 0
0.038168 1.983262 1.062889 4.265319 0
0.079530 6.234289 1.929785 6.069646 0
0.073212 3.287451 1.832995 3.051491 0
0.097820 4.887793 2.492420 0.169354 0
0.090190 5.528331 2.162090 3.120767 0
0.092373 5.305315 1.877223 3.726938 0
0.099509 3.546179 1.032907 3.972837 0
0.083257 0.870226 2.126733 5.270660 0
0.067390 0.130027 1.606200 0.544398 0
0.011363 1.214928 0.463073 3.448880 0
0.084651 4.286767 0.374016 4.231434 0
0.067836 5.861321 1.983202 1.719127 0
0.090151 3.010430 2.141930 4.184577 0
0.056876 2.645976 1.068218 1.971033 0
0.099273 3.160408 2.672530 4.264293 0
0.080093 4.460218 1.605873 0.600937 0
0.085473 0.221376 0.882233 4.671377 0
0.047812 1.476196 1.142588 5.938682 0
0.095771 2.054258 1.810329 2.371151 0
0.050971 2.004533 1.877561 0.455675 0
0.089340 2.646987 2.068078 0.764338 0
0.091782 6.268581 1.441129 5.201933 0
0.070758 2.396056 1.583990 0.893252 0
0.030201 0.151622 1.018804 5.163334 0
0.024365 2.639526 1.701655 1.809301 0
0.080934 5.388598 1.007779 3.595498 0
0.042961 5.351729 2.688833 2.792064 0
0.041326 3.773742 1.604590 6.088040 0
0.014796 1.604805 0.611444 5.430508 0
0.050308 3.304565 1.965366 4.736003 0
0.095251 1.249111 2.484625 6.273710 0
0.047216 0.840260 2.265977 1.773731 0
0.074419 2.422200 1.711777 1.312322 0
0.049308 5.047830 2.167849 2.687283 0
0.080941 4.591284 2.410028 5.189450 0
0.057562 2.443900 2.201529 2.219385 0
0.080273 5.563498 0.970407 5.638904 0
0.064140 5.715962 1.878043 2.002313 0
0.032943 3.437792 1.196455 2.082621 0
0.082515 0.863512 1.800321 1.474653 0
0.072314 1.156198 1.457677 4.813324 0
0.099368 1.411609 0.911599 4.037216 0
0.097744 0.413583 1.507694 1.801548 0
0.067438 1.654600 1.854489 0.623001 0
0.038574 5.387640 3.025133 3.519791 0
0.087590 4.070441 2.430640 5.502305 0
0.044156 1.231757 0.945123 5.503101 0
0.057747 5.158092 0.677867 5.380981 0
0.007036 3.481543 1.818263 6.235133 0
0.088248 5.128542 1.843972 4.612859 0
0.093918 0.649460 0.290045 2.116421 1
0.060556 4.152154 1.442429 3.238974 0
0.071993 2.718141 0.557428 1.793841 0
0.028361 5.997683 0.826350 1.730446 0
0.038807 2.314700 0.798907 3.041523 0
0.043512 1.644929 1.246086 1.220711 0
0.090327 6.050438 0.893445 3.736438 0
0.088272 5.161824 1.221394 4.154733 0
0.096171 2.197333 3.054049 1.832159 0
0.010272 2.727391 2.232157 3.322911 0
0.093096 5.546711 2.250693 5.950930 0
0.091507 6.129711 0.982503 6.207462 0
0.058649 2.348552 1.514810 3.350832 0
0.079723 5.105118 2.043357 2.836767 0
0.088060 5.744203 0.433065 3.484980 0
0.085776 2.356131 0.966475 4.150939 0
0.085130 1.344498 2.700954 4.619766 0
0.080502 4.771045 1.079502 3.234236 0
0.080133 0.493058 1.494451 3.012594 0
0.023248 4.300171 1.505585 2.500810 0
0.024120 5.902670 2.611253 4.359019 0
0.086715 4.140000 0.781993 3.313789 0
0.075705 1.202621 0.581054 1.940674 0
0.075259 1.872112 2.790567 1.829031 0
0.071550 5.791526 0.326147 1.005313 1
0.082528 1.825104 1.927823 2.030771 0
0.060741 0.858344 2.221005 2.657745 0
0.090609 1.697050 2.267925 5.524053 0
0.045775 4.727012 1.717198 6.041137 0
0.064127 4.512487 1.548560 6.184845 0
0.095372 3.587325 1.144428 2.990675 0
0.093215 1.650761 2.134310 2.392861 0
0.042951 4.985319 1.652560 5.438487 0
0.028968 1.354538 0.898912 2.845399 0
0.059346 6.229437 2.421440 1.088213 0
0.051141 4.378514 0.461804 2.959836 0
0.067022 3.928967 1.435482 5.406167 0
0.058609 5.789529 2.331641 1.590193 0
0.070169 0.866974 2.046693 2.269919 0
0.063302 3.117389 2.076255 3.676836 0
0.053813 1.777770 1.472134 2.346761 0
0.070606 4.018210 2.281960 5.345191 0
0.079433 4.412119 0.310490 5.607763 0
0.063172 0.479299 1.294443 5.329787 0
0.083761 5.002200 2.001335 0.283351 0
0.084709 3.477410 1.155313 1.319026 0
0.083152 0.171226 1.713679 0.578935 0
0.072346 1.968541 1.933340 5.108138 0
0.077217 0.804724 0.893059 0.595434 0
0.087612 0.080688 2.670250 2.504210 0
0.084561 6.090843 1.139687 0.717069 0
0.021371 4.113200 2.751238 4.695224 0
0.067139 4.216440 2.195343 1.057573 0
0.047383 0.568933 1.324819 5.755050 0
0.034322 5.965545 0.180076 4.028775 1
0.051259 4.306570 1.479037 5.397212 0
0.090194 4.025442 2.708134 3.651042 0
0.080840 5.650085 2.855230 2.315751 0
0.093200 1.700854 1.536166 5.744699 0
0.096194 2.796491 1.899832 2.363083 0
0.034080 2.852127 1.659742 2.140411 0
0.073789 5.797256 1.062377 4.161219 0
0.093387 1.663074 1.166857 0.847332 0
0.097473 4.760537 2.984589 4.797753 0
0.063114 5.954005 1.254904 0.325737 0
0.092024 2.037676 1.410928 4.495462 0
0.077137 5.674309 1.833347 3.269398 0
0.059006 1.830529 2.486308 2.917360 0
0.086329 2.769953 2.226779 1.820531 0
0.060292 0.386860 2.699949 1.480455 0
0.057119 1.605374 1.308766 1.736393 0
0.011474 2.289147 0.402418 2.585518 0
0.055851 2.416570 1.497412 0.997685 0
0.084197 5.552743 2.416628 1.909591 0
0.088704 3.166938 2.276439 0.848295 0
0.089184 4.528285 1.770772 3.396937 0
0.040193 2.540240 2.292642 3.299077 0
0.068254 4.916032 2.119255 4.977034 0
0.019472 0.824134 0.529520 0.320945 0
0.070391 0.681202 1.495882 5.073246 0
0.070216 5.817718 2.771898 1.268833 0
0.089981 5.280893 1.582520 3.747957 0
0.058695 2.074227 2.052210 0.878926 0
0.022544 2.078722 1.940189 1.334379 0
0.085740 3.210145 2.065618 1.262876 0
0.054159 3.129802 2.975420 2.081212 0
0.079328 0.386967 1.333197 0.784031 0
0.041232 5.308620 2.614811 4.165942 0
0.087796 5.645024 2.389034 3.647243 0
0.085960 2.330013 0.868418 0.524192 0
0.083723 5.708267 0.984387 4.723566 0
0.048922 5.678981 2.760621 6.122765 0
0.064401 4.408216 0.864425 4.448932 0
0.044689 1.059181 0.399153 5.208768 0
0.047975 2.649116 2.708250 2.514317 0
0.051625 5.566892 0.508229 0.234518 0
0.088568 5.831848 1.808635 3.288277 0
0.054681 4.993775 1.786000 6.282915 0
0.083862 5.215587 2.098409 5.922660 0
0.085669 4.498056 2.557436 0.934138 0
0.064612 0.581510 2.365255 3.877919 0
0.051100 5.630028 1.462970 3.086839 0
0.056362 2.513116 2.470115 3.670509 0
0.053476 5.998229 1.816263 0.442368 0
0.093958 1.503602 1.759414 1.142382 0
0.018463 1.259928 0.880903 4.633048 0
0.017496 5.865407 1.939049 4.803712 0
0.080585 3.751576 2.543506 0.420179 0
0.083044 4.837734 1.947790 5.973777 0
0.081609 0.818414 1.454619 6.180536 0
0.072817 2.095402 1.706901 5.128353 0
0.053679 1.189701 2.454693 1.074152 0
0.065472 3.018180 1.271911 2.907495 0
0.082516 3.358646 0.927582 4.470438 0
0.068414 5.529880 1.522832 0.737960 0
0.069079 2.445629 0.887500 1.048171 0
0.039898 5.456237 0.699997 5.184754 0
0.099932 3.516194 2.236591 3.322996 0
0.094505 2.366779 1.255759 1.138856 0
0.075235 1.455700 1.270736 6.249784 0
0.084382 4.429543 1.485546 2.468803 0
0.048942 4.131452 0.658075 4.445871 0
0.073325 3.647021 2.278466 0.093231 0
0.098472 0.058786 0.880611 0.809642 0
0.093688 1.880166 2.709462 5.506489 0
0.092675 4.793316 1.380156 4.724771 0
0.037358 4.714464 2.618844 4.433390 0
0.099097 1.793450 1.982924 4.360859 0
0.099520 0.990897 0.598732 1.444811 0
0.090291 1.202533 2.636361 2.217310 0
0.087854 4.791329 1.303078 4.659018 0
0.087859 3.451944 2.404951 4.081953 0
0.092121 5.179871 1.622916 4.445285 0
0.076634 5.851555 1.489627 4.566911 0
0.082561 2.467312 1.435267 4.169812 0
0.082348 0.833919 1.282204 4.200569 0
0.053891 2.793963 2.493075 0.663980 0
0.079753 5.252877 1.487844 2.562864 0
0.077368 5.191831 0.793712 2.327950 0
0.061294 0.124172 0.284990 1.409514 1
0.091878 3.431974 2.613244 2.710859 0
0.069103 2.458484 0.818368 0.999992 0
0.088542 3.711701 2.272605 2.903372 0
0.085056 1.134105 0.739589 0.087252 0
0.079068 0.182950 0.706135 1.641378 0
0.093013 3.632522 1.915855 2.913663 0
0.063596 5.142939 2.302929 4.901757 0
0.091558 5.368331 0.133815 4.287969 1
0.063294 5.882885 0.688494 5.517463 0
0.057234 1.710228 0.388629 0.700794 0
0.092894 5.404075 1.718575 3.684365 0
0.020145 4.424922 1.772708 4.183062 0
0.085637 4.522849 2.594378 3.760515 0
0.054586 3.745497 0.504237 4.413353 0
0.064392 5.632605 1.535881 1.589176 0
0.086652 3.060010 2.627529 0.951685 0
0.065062 0.309603 0.345796 4.717894 0
0.056698 0.420234 2.381572 1.158575 0
0.096279 2.739669 2.143083 6.079303 0
0.037454 2.331371 1.840673 5.489278 0
0.030147 3.520435 1.515068 2.443221 0
0.039549 3.357600 0.613766 3.587998 0
0.065638 3.605313 2.275681 1.141586 0
0.024662 4.771134 1.230580 3.041848 0
0.089924 2.279234 1.012199 0.817382 0
0.065546 0.612059 1.190675 2.240591 0
0.073037 0.535711 1.211415 4.233134 0
0.067551 6.015889 1.665678 3.438117 0
0.071955 0.122649 2.630250 4.235886 0
0.074424 0.171541 1.036099 6.187268 0
0.077531 0.434687 0.840415 4.158993 0
0.091024 3.138939 0.784274 4.003372 0
0.092862 2.394211 2.134705 1.834455 0
0.069171 0.513525 1.872479 0.074812 0
0.040865 6.111754 1.951164 3.916318 0
0.096446 1.463986 0.851294 2.814412 0
0.050251 0.669403 0.713890 5.066884 0
0.036584 2.307811 2.192361 4.617799 0
0.066067 6.016635 1.363045 1.665134 0
0.067613 3.411261 2.505363 2.007377 0
0.096123 4.206074 1.795578 2.528556 0
0.086669 1.633693 1.398625 5.768836 0
0.048242 0.628127 1.653772 1.023534 0
0.057704 4.473219 1.794309 3.678749 0
0.090470 4.605058 1.352898 5.983567 0
0.031657 1.150229 1.954675 3.372182 0
0.037502 0.528601 2.218588 3.756069 0
0.079186 4.422636 2.558133 3.462149 0
0.061098 3.322093 2.706665 0.781939 0
0.088811 2.310888 0.415725 0.134862 0
0.068393 3.669558 0.887605 5.031129 0
0.054402 4.996342 1.341226 0.719028 0
0.072671 4.889141 0.522653 3.947898 0
0.098041 4.737590 0.836660 0.639865 0
0.091550 6.074210 1.981516 2.922869 0
0.081892 3.876194 0.255308 0.275999 1
0.038163 6.092538 0.845646 5.870886 0
0.058090 1.325527 2.718172 5.059255 0
0.089162 0.880958 1.784283 0.571491 0
0.096716 6.233892 0.940709 2.912329 0
0.087766 1.709929 0.615782 4.596033 0
0.016172 1.613936 2.300485 5.430525 0
0.047287 3.348645 1.222782 5.618620 0
0.038713 2.172041 2.638957 1.856755 0
0.056156 0.669373 1.000103 4.101634 0
0.056347 1.167018 1.486699 0.706800 0
0.057092 0.401718 0.935883 1.642091 0
0.023683 2.568810 2.037245 5.192273 0
0.082522 5.131462 1.686771 4.443072 0
0.027123 2.457833 1.714150 1.867174 0
0.096132 5.660621 0.905620 0.464947 0
0.049660 0.814043 1.306760 3.530870 0
0.048589 3.766158 0.963684 3.478316 0
0.088608 4.227023 1.909393 0.697967 0
0.085830 5.463406 1.312808 4.981166 0
0.052760 0.611293 1.811418 6.027769 0
0.095603 1.112189 1.910250 6.204968 0
0.075378 1.494883 1.125686 3.093315 0
0.037260 2.991565 1.703818 2.421794 0
0.077826 5.879964 2.678761 5.289024 0
0.073159 1.018798 1.359969 2.012927 0
0.091373 0.386084 1.433268 3.591377 0
0.096487 5.050953 1.296079 1.315335 0
0.094930 6.179612 0.846488 5.121816 0
0.040066 5.247574 2.221099 4.578639 0
0.027036 0.549371 0.978893 1.331589 0
0.075070 4.947031 1.766788 1.063359 0
0.085039 3.422862 0.210275 1.623560 1
0.084078 2.553352 1.728985 3.404295 0
0.068398 0.064196 0.686911 2.505741 0
0.090228 3.001845 1.788805 4.494209 0
0.067917 4.880993 1.631710 3.906889 0
0.078231 2.093253 1.267180 4.304653 0
0.064853 3.591111 2.488275 6.183560 0
0.059907 3.106439 0.804830 0.515580 0
0.019792 1.032932 1.246027 4.687775 0
0.075550 5.775627 1.132702 0.242535 0
0.096407 2.521372 1.445270 4.671786 0
0.093758 0.286166 1.488330 2.138303 0
0.090685 6.215649 2.749848 2.729356 0
0.056781 1.964349 0.705935 4.668341 0
0.094031 0.103879 2.042346 1.527230 0
0.071480 5.532449 1.213488 3.456434 0
0.021193 4.181950 1.150952 3.868479 0
0.076472 3.669908 1.884492 3.231029 0
0.099266 0.576105 1.065055 5.431311 0
0.037045 4.502439 0.939097 6.029429 0
0.084014 1.048436 1.357183 0.177434 0
0.069246 3.226423 2.144157 2.285059 0
0.072803 3.131306 1.785942 0.257435 0
0.061553 5.855099 1.753980 2.662765 0
0.077295 5.574892 0.400053 1.145070 0
0.068655 4.359074 1.974640 2.869709 0
0.088626 5.995728 1.204989 5.797449 0
0.081905 3.304264 2.441236 2.366699 0
0.083232 1.736107 1.379454 1.082300 0
0.088871 1.106724 1.642722 2.009646 0
0.082128 0.896462 1.288704 0.335414 0
0.027303 5.980950 1.525131 4.222240 0
0.091606 3.246239 2.358121 1.951086 0
0.045872 3.460223 2.134721 6.257306 0
0.071061 0.555445 2.562844 1.104562 0
0.078377 5.032076 1.675927 1.929225 0
0.027783 6.015395 1.529383 5.447528 0
0.036540 0.095698 0.893988 5.076964 0
0.039738 3.441069 2.378661 1.460537 0
0.070680 2.127373 2.513048 2.128305 0
0.092479 4.766901 1.873928 0.412554 0
0.055623 2.617002 0.501385 5.116704 0
0.071057 6.158244 2.942723 0.748971 0
0.088374 3.409343 1.422753 5.392133 0
0.070710 5.689721 2.037977 3.980487 0
0.095957 5.730464 1.453604 0.494394 0
0.067801 1.903458 1.183457 6.027182 0
0.080095 1.354522 1.154880 3.121258 0
0.098704 5.951693 1.695970 1.782176 0
0.060312 3.920486 0.636774 5.457956 0
0.077723 0.553776 2.920810 2.419494 0
0.079420 2.601939 1.031559 0.821486 0
0.056538 6.084917 2.127647 1.510708 0
0.093834 1.293053 1.200646 2.137358 0
0.071326 3.960034 1.158028 0.944157 0
0.091969 3.753656 1.869270 5.152794 0
0.073801 1.316041 0.655849 5.707673 0
0.091292 1.267479 2.158114 2.748886 0
0.053839 4.806186 2.272011 5.784373 0
0.042313 0.413637 0.457205 3.133414 0
0.018514 5.124646 2.069480 5.747564 0
0.014632 0.366040 1.058533 3.331025 0
0.082977 3.483091 1.939957 3.357444 0
0.038957 2.057412 1.275413 4.375725 0
0.073274 2.878837 1.782008 2.326794 0
0.081235 2.399471 2.233993 5.967570 0
0.038317 3.960876 2.404997 2.047412 0
0.083440 5.791431 2.277208 4.589881 0
0.085869 3.541762 1.865557 4.767405 0
0.078864 5.655996 1.134937 1.950690 0
0.067419 6.090427 2.331777 3.809462 0
0.054476 1.252002 1.165192 5.238106 0
0.081083 5.702214 0.937237 1.993970 0
0.053798 0.074211 1.086300 2.740972 0
0.080138 0.863927 2.122560 2.126413 0
0.024338 3.686024 0.531324 5.005064 0
0.038773 4.487368 1.681697 4.852403 0
0.078382 5.304529 0.583557 0.432894 0
0.090198 5.828042 1.928777 0.693240 0
0.035612 6.144358 2.663787 4.927698 0
0.094098 0.929876 0.648874 1.098703 0
0.039976 2.316837 1.794873 5.039173 0
0.071150 2.344873 0.768257 3.552937 0
0.097972 1.315510 1.291267 0.692313 0
0.096102 5.764100 2.441741 3.379871 0
0.087271 6.064624 1.786097 3.614031 0
0.094487 1.771937 1.950932 0.123154 0
0.050982 3.955432 2.224003 0.913312 0
0.088177 5.689334 1.203004 5.889395 0
0.052366 5.851689 2.069937 4.903750 0
0.055184 5.527784 1.257546 1.661089 0
0.029857 4.448318 1.317198 0.079801 0
0.079080 1.614932 1.672218 2.431492 0
0.047142 0.989253 2.750124 0.722666 0
0.066292 4.069609 0.751351 4.394300 0
0.052652 5.896672 2.331547 0.343978 0
0.091868 1.036441 2.963278 0.742622 0
0.031029 4.595570 2.493598 2.518322 0
0.078178 1.536689 1.907468 4.400276 0
0.097598 0.249628 2.010922 3.631054 0
0.054475 1.656565 2.764580 3.260931 0
0.064892 5.824884 1.842132 5.407008 0
0.075813 4.829418 1.690938 5.353162 0
0.084090 2.542549 2.520866 3.462541 0
0.075473 5.647327 1.916166 4.183935 0
0.079386 3.568349 0.522438 1.516694 0
0.090138 4.598483 2.653929 4.806859 0
0.087841 4.113863 1.251257 0.429485 0
0.095833 1.934089 1.746393 2.133061 0
0.048464 1.390828 0.927393 5.087096 0
0.099498 4.775005 1.899945 4.379965 0
0.040574 3.571027 1.042974 4.613358 0
0.068348 5.764483 1.369709 0.611695 0
0.069668 2.933180 1.242413 1.871499 0
0.044576 1.762174 0.506984 6.096589 0
0.096706 2.549900 0.395806 5.363279 0
0.084478 3.933305 0.909879 5.959777 0
0.092052 2.470037 2.113355 5.261193 0
0.039126 2.637575 1.639727 1.996226 0
0.099405 4.917294 0.459884 2.860586 0
0.083669 2.840507 1.676253 1.165052 0
0.095860 5.600670 1.537354 0.738980 0
0.041453 3.431724 0.602059 0.672509 0
0.097571 0.795272 2.742081 4.182429 0
0.086751 0.965757 1.801194 3.769524 0
0.073948 2.339523 1.445032 4.397652 0
0.089002 6.105506 0.266246 4.902515 1
0.086852 0.437092 1.013459 2.855020 0
0.072225 4.952197 1.854204 2.768102 0
0.082434 0.773438 1.687399 5.349339 0
0.081809 4.059464 2.730823 3.903601 0
0.087901 5.774451 1.130578 3.300127 0
0.026970 5.661865 0.723248 3.892817 0
0.052293 3.533999 1.201390 0.412116 0
0.073087 2.117977 2.334636 1.812748 0
0.063769 0.511361 2.078071 5.832669 0
0.093250 2.404654 1.305402 3.450054 0
0.071120 5.824666 1.370391 1.100070 0
0.075704 2.254871 2.205226 2.172496 0
0.052717 0.523331 2.406830 2.203160 0
0.099217 6.259090 2.794630 1.620214 0
0.074741 1.820076 1.209925 0.583038 0
0.079168 1.063775 1.331110 0.209937 0
0.050069 0.780368 2.747697 0.755508 0
0.071198 2.077005 1.916301 0.079930 0
0.050753 0.438584 0.896440 5.219432 0
0.065473 6.183671 0.867053 4.439592 0
0.025972 0.298181 0.483127 0.325827 0
0.020886 0.172358 1.180399 3.783989 0
0.056312 3.978370 1.971501 5.930487 0
0.089581 0.479627 2.838968 0.334095 0
0.044781 5.899844 0.859035 4.445017 0
0.051919 5.295165 2.026768 3.312150 0
0.095528 5.704946 1.282506 2.144019 0
0.094453 3.357138 0.440892 6.029248 0
0.076273 0.659992 0.214340 3.929404 1
0.036397 2.017930 0.994705 2.824784 0
0.097690 5.797235 1.356038 4.755258 0
0.099950 2.329323 2.239528 1.253671 0
0.055652 6.178956 2.521714 3.639645 0
0.090894 3.940450 0.664581 4.641500 0
0.073151 2.917005 0.573325 2.684457 0
0.099928 0.802760 1.342476 3.646277 0
0.048250 2.502409 0.941488 2.295103 0
0.084819 2.722704 2.251977 4.233452 0
0.059665 1.308786 1.431542 2.230429 0
0.076094 1.511693 1.680037 5.584091 0
0.047329 2.899602 1.506759 0.315214 0
0.029770 3.609159 2.186792 3.919077 0
0.019665 5.459049 0.455526 0.233936 0
0.099830 2.750869 1.808128 1.441376 0
0.091438 5.172709 1.761305 3.490431 0
0.050655 2.573179 0.998681 3.848980 0
0.078602 4.146223 2.779439 1.236890 0
0.094894 3.280323 0.593811 0.782195 0
0.099175 3.478346 0.862312 0.453607 0
0.035779 6.054123 1.973458 1.047298 0
0.091235 4.693034 0.937047 5.208610 0
0.042981 5.161448 0.488061 0.130810 0
0.080295 4.103279 1.724072 5.663198 0
0.025018 5.061939 1.598620 4.275239 0
0.068229 3.025217 2.425787 2.299707 0
0.005965 6.049924 1.551795 6.202281 0
0.071866 4.179311 0.492052 4.049403 0
0.079291 4.745387 2.242513 2.897050 0
0.070864 0.094751 1.137474 4.315953 0
0.091463 2.189274 1.999232 3.023984 0
0.003861 1.784818 1.333800 0.402640 0
0.029949 5.632991 2.081757 3.488547 0
0.061481 3.906822 2.572627 2.397377 0
0.076463 2.586971 1.305035 0.635459 0
0.027729 2.689176 2.084307 4.433345 0
0.042807 3.498379 0.841074 4.306612 0
0.075622 2.869683 1.312584 2.566142 0
0.089731 0.502957 2.464492 5.068325 0
0.060342 1.710939 2.406043 2.851345 0
0.041088 3.865659 0.190290 3.435766 1
0.048686 5.844962 2.599726 5.162856 0
0.058479 1.866431 2.578599 2.631844 0
0.085150 4.199992 0.721099 5.706984 0
0.047459 1.829213 1.759338 5.008315 0
0.086478 6.069791 0.941006 3.474668 0
0.021467 0.598213 1.286293 2.577336 0
0.060623 1.447588 2.386201 3.369895 0
0.091958 5.485389 0.585039 0.519357 0
0.089626 0.072434 2.512743 0.912728 0
0.055550 5.197343 1.699423 0.211287 0
0.070401 4.326575 2.654813 4.529335 0
0.098981 3.365496 1.606732 4.571499 0
0.070829 4.545737 1.116505 3.441664 0
0.090481 4.022789 2.728558 1.169916 0
0.093308 5.164496 2.032045 4.500438 0
0.083366 5.062288 2.211613 3.130679 0
0.090400 4.418823 1.861949 0.790402 0
0.072833 1.304793 0.821461 0.163945 0
0.094671 0.636775 2.087386 5.503972 0
0.079811 1.664560 1.779428 0.871188 0
0.099418 5.555267 1.952846 5.071062 0
0.072415 4.048666 2.977487 2.482062 0
0.068288 4.497604 0.680273 1.013490 0
0.072215 5.719110 1.895608 2.128243 0
0.078326 1.904391 1.499770 0.904543 0
0.071467 3.920335 0.850125 2.557368 0
0.085164 5.761769 1.121873 2.276196 0
0.042654 5.570439 1.572640 1.070256 0
0.087790 1.177050 2.839924 1.854206 0
0.091198 6.099110 1.960892 1.872507 0
0.082856 5.035582 1.489348 1.307050 0
0.084360 0.746981 1.664421 2.043069 0
0.064960 0.070754 1.509011 5.860557 0
0.079700 4.016101 1.244548 2.265015 0
0.074579 3.912893 2.032543 4.637829 0
0.071367 1.405409 2.526881 1.759482 0
0.064110 5.566217 1.721640 1.524989 0
0.092552 1.666770 1.652343 3.412486 0
0.025829 0.000307 2.097024 4.890673 0
0.034487 1.871645 0.655208 3.398661 0
0.055601 3.598170 1.518072 5.933489 0
0.046027 5.110771 1.169801 4.825770 0
0.066042 0.173344 1.583154 5.940625 0
0.050126 2.605313 0.989653 4.161211 0
0.054821 5.030609 2.514903 0.987302 0
0.025675 2.800510 1.982855 0.833359 0
0.066766 2.836139 2.535739 3.548105 0
0.086560 0.091405 0.661982 0.366998 0
0.076630 3.639612 0.105000 5.020659 1
0.062663 1.932620 1.705418 5.207676 0
0.057894 0.460471 2.151502 3.684717 0
0.069852 6.282036 1.044235 4.954130 0
0.089469 0.965757 2.670816 5.443653 0
0.077422 4.058035 3.078894 0.283899 0
0.031184 5.717860 1.792370 5.318773 0
0.096155 4.495584 2.514671 3.215653 0
0.054292 5.703074 1.182837 4.319209 0
0.046396 5.516371 1.603304 3.458473 0
0.097532 1.825629 0.757942 2.759441 0
0.053886 2.422747 0.994772 0.570754 0
0.073437 1.088632 2.724931 0.871585 0
0.090505 6.008234 0.886410 5.757656 0
0.093073 4.987488 2.124378 4.968988 0
0.071364 4.195831 1.165003 5.051898 0
0.075859 3.854583 1.553712 4.968229 0
0.070102 0.048436 1.247496 2.781425 0
0.054614 3.003521 2.439841 3.698544 0
0.092931 0.688067 1.937950 2.531587 0
0.053176 4.000520 1.654156 0.640181 0
0.077003 4.558656 0.270994 2.885292 1
0.072064 4.907896 1.047307 0.179660 0
0.067000 3.472550 2.298634 0.153075 0
0.040761 2.036295 2.252558 4.131715 0
0.057602 0.981635 0.644369 3.958795 0
0.079640 6.170822 0.973277 3.128239 0
0.030270 5.643452 2.500727 2.352402 0
0.073136 2.779812 1.523347 0.803171 0
0.040982 3.107235 1.745762 4.318241 0
0.052502 5.259557 2.017202 4.552486 0
0.062431 3.446275 2.091887 3.492868 0
0.093412 3.543680 0.960611 1.284115 0
0.084866 1.971353 2.303484 2.227286 0
0.054394 0.333879 2.352820 2.434693 0
0.097536 4.732166 2.122078 3.054934 0
0.044223 1.496493 1.800894 2.284075 0
0.085598 1.263381 0.454644 0.052488 0
0.019534 4.817033 2.055345 2.688674 0
0.056138 3.027350 2.886524 1.179507 0
0.021404 1.239755 1.353281 4.813160 0
0.071489 1.423348 0.709088 5.070098 0
0.052884 6.112787 0.913283 1.451373 0
0.085207 6.008702 2.020171 5.790559 0
0.044101 2.081226 1.126565 5.825737 0
0.072960 2.110580 2.628228 3.584360 0
0.032026 4.200014 3.061180 2.624550 0
0.038765 6.171390 1.783260 1.232023 0
0.042370 6.267679 2.749841 4.339069 0
0.047335 0.519260 1.565827 3.165068 0
0.023563 4.347588 2.059474 4.910628 0
0.080514 2.839563 1.989191 5.295113 0
0.088497 6.209452 2.141087 1.982210 0
0.056936 4.432705 2.452612 2.681274 0
0.061151 5.556418 2.330761 3.293711 0
0.093088 2.826695 2.027048 0.289398 0
0.066889 4.287733 2.063814 4.219030 0
0.087468 1.471263 0.863780 5.155854 0
0.096234 5.717354 1.776505 3.608769 0
0.060156 1.918114 1.404221 0.911335 0
0.054180 1.175177 1.491758 3.881227 0
0.094473 2.176930 0.424873 1.674230 0
0.048042 5.585139 2.191177 0.611600 0
0.058205 3.210491 0.776739 4.939838 0
0.043975 5.529465 1.486053 6.022032 0
0.033794 3.976595 2.162808 0.253208 0
0.073678 2.394813 1.802161 5.684496 0
0.082851 0.199490 0.449921 6.157307 0
0.046774 3.206191 1.767426 0.699364 0
0.092561 4.034664 1.323832 0.550098 0
0.072872 1.058351 0.888960 5.465268 0
0.082426 2.062697 1.888144 5.483881 0
0.045643 0.714417 2.294875 2.026520 0
0.086406 3.834243 1.292893 1.818592 0
0.099568 6.141706 0.912598 4.258797 0
0.009609 1.532549 1.891832 1.432678 0
0.086844 1.605083 1.243642 3.838676 0
0.094741 4.505637 1.979032 2.693180 0
0.094103 5.550473 1.155911 3.549644 0
0.046008 5.997183 1.445932 2.638962 0
0.026112 1.689881 2.077239 5.119427 0
0.093765 0.662026 0.657439 5.469995 0
0.028783 1.874737 1.667719 0.578558 0
0.073640 1.295341 1.202739 1.862842 0
0.067942 4.143278 2.523266 2.256985 0
0.061361 3.807107 2.184240 1.646532 0
0.069950 0.542243 2.283648 4.404380 0
0.020195 1.663329 0.710502 0.684655 0
0.073053 5.425639 2.582048 2.594150 0
0.098432 0.175732 1.122864 0.325026 0
0.057126 5.226566 0.777912 5.457755 0
0.019492 2.914820 0.836882 3.139145 0
0.035119 0.455744 2.371206 3.140643 0
0.082368 4.063111 2.122108 1.054061 0
0.085613 3.700165 2.400121 4.861595 0
0.092392 6.218597 2.442500 2.433520 0
0.092371 5.067148 2.214744 5.165529 0
0.091347 0.525444 2.415385 1.010163 0
0.095680 0.110953 0.344638 5.990732 0
0.069395 1.222145 1.476788 3.800686 0
0.051676 1.959637 0.659161 5.940740 0
0.097906 5.445318 0.686474 4.344917 0
0.067494 6.170056 1.501264 1.942605 0
0.098576 2.186393 1.974649 5.183332 0
0.039298 3.120609 1.869357 6.213235 0
0.076177 3.273045 0.794388 3.114877 0
0.073388 1.124945 1.469026 0.126587 0
0.061119 5.669115 1.823569 4.024978 0
0.046277 4.585416 1.743845 1.085130 0
0.077230 4.394149 2.386835 0.326660 0
0.082544 2.070189 1.289428 4.103301 0
0.082308 0.362205 1.526809 5.226937 0
0.074452 0.785937 2.267274 0.845681 0
0.080375 6.097198 1.834528 1.159796 0
0.038657 0.499797 0.939079 3.286047 0
0.099086 5.213655 0.832771 1.231294 0
0.074804 4.710373 1.305019 0.980248 0
0.067010 1.463285 0.947151 0.819170 0
0.074991 3.576173 2.173499 1.506871 0
0.079171 1.642732 0.542225 1.138006 0
0.062172 5.607608 1.193323 0.204467 0
0.092891 5.944247 0.969464 0.077393 0
0.016000 2.650645 1.641471 0.046586 0
0.050164 4.391279 0.935721 5.097000 0
0.066976 3.594303 2.777503 5.639803 0
0.089718 1.100972 0.336109 2.307877 1
0.086278 5.098258 1.786743 2.332337 0
0.026993 4.265370 1.675633 2.886475 0
0.075587 5.454031 1.554673 2.728228 0
0.090227 4.455204 1.463648 5.275951 0
0.036184 6.169060 2.338126 2.403778 0
0.082506 0.317231 0.911668 0.812436 0
0.078901 1.011657 0.329548 2.685936 1
0.057986 0.344841 2.201335 0.506588 0
0.093075 2.525376 1.474304 5.900905 0
0.028422 0.026083 1.366488 4.097353 0
0.093391 5.595136 0.596423 4.312021 0
0.077431 3.348016 1.622766 4.589818 0
0.071742 2.344138 0.685869 1.227859 0
0.065082 1.928004 1.212634 0.289717 0
0.068400 2.209349 1.517952 5.052290 0
0.063758 1.686281 2.448769 1.714104 0
0.081872 2.114617 0.956887 4.719217 0
0.058370 3.836018 1.375968 1.337628 0
0.070782 3.075780 2.495328 0.631937 0
0.014960 2.671249 2.294462 3.374501 0
0.089343 5.932166 2.054405 1.393570 0
0.050098 0.359470 1.088073 4.516646 0
0.063941 4.658940 1.616700 5.123009 0
0.009936 2.561443 0.602927 4.273692 0
0.086268 1.885752 1.432892 0.533575 0
0.095428 5.243109 1.154498 2.586553 0
0.056920 1.237666 1.595276 2.176315 0
0.078875 2.157059 2.444761 2.641117 0
0.053613 3.869991 1.859052 3.383025 0
0.082045 5.717973 1.063911 0.515095 0
0.080718 4.902237 2.489251 4.155763 0
0.043345 6.192032 1.248420 5.856556 0
0.053443 4.855995 0.261674 1.233183 1
0.077931 1.978147 1.788369 5.851623 0
0.071541 0.755040 1.110037 0.841543 0
0.068079 1.012383 1.679576 4.718140 0
0.088151 1.234161 1.135897 2.828649 0
0.032629 3.434465 1.635188 4.762676 0
0.057169 2.698663 1.408918 3.234013 0
0.064420 4.781524 1.464212 4.402109 0
0.073066 2.914328 2.487778 0.887066 0
0.088242 3.171843 0.545229 1.825103 0
0.079056 2.200256 1.419034 0.555798 0
0.071506 6.149306 2.316851 1.811827 0
0.041847 0.808732 2.068159 1.769230 0
0.082178 1.701035 0.400593 0.013529 0
0.083680 2.883974 1.604527 0.724023 0
0.046904 6.054925 2.254539 4.736645 0
0.065384 4.478240 2.481740 1.295359 0
0.046642 6.079215 1.564070 5.293782 0
0.056367 5.787108 2.609957 5.208924 0
0.094855 4.840332 0.699405 0.470324 0
0.094820 5.378041 1.279569 3.609075 0
0.035591 2.488275 1.724512 5.195589 0
0.092467 0.586961 2.655727 0.471376 0
0.023893 4.762559 2.288643 3.044770 0
0.068609 4.548546 1.962221 4.324512 0
0.083154 1.177405 1.632433 0.057676 0
0.032930 2.901503 2.313675 0.051372 0
0.048182 6.004166 0.584589 0.824527 0
0.090085 2.761251 1.994632 5.894913 0
0.091405 1.773022 2.129652 4.338588 0
0.061286 4.443743 2.130646 2.718685 0
0.068208 3.734799 2.558138 5.880731 0
0.056421 3.820398 1.821855 0.061551 0
0.089187 0.973981 0.276382 5.679131 1
0.078537 5.385827 2.539365 5.334133 0
0.090154 6.252200 2.859096 3.922643 0
0.065919 4.309078 1.696149 1.696605 0
0.098387 2.058502 2.741594 2.158898 0
0.018672 4.561972 2.156256 3.142177 0
0.056610 4.357852 1.442526 4.013746 0
0.054919 0.378596 1.872563 0.609682 0
0.046397 4.194523 0.059867 5.228060 1
0.072440 5.736131 1.941263 2.120786 0
0.095289 4.154482 2.748381 2.152225 0
0.058908 3.294615 1.797863 1.979289 0
0.092302 3.600838 1.893599 5.572176 0
0.054695 2.732584 1.342688 3.893210 0
0.035844 5.170892 1.066561 2.702315 0
0.093980 5.699067 1.625064 0.618879 0
0.075803 3.317625 2.608301 0.624384 0
0.066404 3.842762 1.444274 2.192531 0
0.052230 2.505414 1.963815 3.894433 0
0.096078 1.910401 2.625317 4.869960 0
0.093656 3.728723 1.900577 1.107677 0
0.016837 0.306933 2.204126 0.985372 0
0.093371 0.341472 1.745511 4.744127 0
0.098050 0.716498 2.356182 3.367759 0
0.080128 4.926760 1.844956 0.521508 0
0.062906 0.454127 1.434278 4.200395 0
0.068631 0.775610 1.133672 2.476384 0
0.065383 1.402178 0.847864 1.914064 0
0.090366 5.222109 1.532637 5.309022 0
0.093807 1.739443 0.084497 4.723682 1
0.057549 3.698895 1.584494 1.838270 0
0.083829 2.264445 2.287802 2.166330 0
0.038015 2.914985 1.425855 3.394356 0
0.073226 5.401877 0.948976 0.045468 0
0.099155 3.123208 1.372224 2.580313 0
0.084867 3.585010 2.015959 3.373102 0
0.063380 1.232934 1.332143 1.769791 0
0.068780 2.410147 0.367960 5.053293 0
0.098604 3.394912 0.632846 4.241249 0
0.094906 5.814406 0.282346 0.284192 1
0.062396 2.812231 1.742558 5.815318 0
0.055436 4.990114 2.617036 1.825225 0
0.053970 2.099452 1.984853 0.072338 0
0.095116 2.616731 1.667665 1.925211 0
0.078275 5.844379 1.747876 0.538857 0
0.056013 3.905290 2.465520 1.797197 0
0.040232 6.200527 2.744261 0.393189 0
0.095511 6.162839 0.669095 1.894768 0
0.065454 4.355929 0.993449 4.622808 0
0.069819 1.004500 0.325387 4.892994 0
0.070286 4.570387 2.190157 2.505229 0
0.037930 2.127587 1.993528 4.753597 0
0.051844 1.842257 2.324906 3.660121 0
0.095643 4.601418 2.399592 0.481379 0
0.084805 5.212578 0.764662 3.967322 0
0.090025 1.551949 2.617865 1.500931 0
0.096967 1.005805 2.821629 2.687549 0
0.056564 0.005402 0.943401 5.114257 0
0.085338 6.262691 0.958629 5.479722 0
0.057910 5.766741 1.831092 3.795874 0
0.045936 2.959402 0.893507 0.790175 0
0.045093 0.346943 0.933218 5.796394 0
0.094065 2.146123 1.678894 4.368567 0
0.076718 3.059435 2.622600 3.322763 0
0.080436 5.710053 2.721723 6.075545 0
0.095375 1.024486 2.167386 4.008060 0
0.039974 6.242917 1.590852 3.111085 0
0.095467 0.871544 0.641086 0.769100 0
0.078084 1.796583 1.042958 5.108581 0
0.058408 2.830830 2.061404 1.419861 0
0.089000 1.819136 2.572730 2.391838 0
0.088116 5.374742 2.530487 2.660626 0
0.087419 5.441729 1.349812 4.233880 0
0.017068 1.076417 1.184771 1.187021 0
0.040609 5.163350 1.947793 0.479437 0
0.098004 4.921879 0.924068 3.582656 0
0.026320 2.807812 1.335127 2.578802 0
0.094732 0.746657 1.847113 4.332409 0
0.063903 3.503905 0.536299 1.161179 0
0.064271 6.155664 1.789043 1.113886 0
0.091966 6.274791 2.349345 5.497237 0
0.041229 1.023334 0.510839 2.104172 0
0.099229 4.699179 1.392237 5.938393 0
0.072886 3.832146 1.601445 3.773148 0
0.023829 5.645915 0.209613 5.995415 1
0.013194 4.067427 1.862358 2.675179 0
0.045279 4.485700 1.793790 3.883609 0
0.083284 1.374978 2.202787 3.389201 0
0.046637 4.062075 1.398588 2.434607 0
0.089965 3.004326 2.031678 4.988908 0
0.047545 0.839202 2.069478 4.758191 0
0.086225 1.598794 1.282426 5.028120 0
0.039119 2.316919 2.104703 1.070910 0
0.012689 2.501802 1.764421 1.389308 0
0.033481 1.299261 2.316409 5.062496 0
0.065239 3.987227 1.255875 4.040823 0
0.053018 4.771765 0.351647 0.568341 0
0.048745 4.731023 2.447958 2.913225 0
0.094156 3.918180 0.978687 3.958387 0
0.093705 3.636386 1.430834 0.195312 0
0.097339 1.160485 0.931103 6.054465 0
0.076346 5.012311 0.888505 4.366605 0
0.006722 0.150320 1.572172 2.702626 0
0.081149 5.314427 0.548143 5.903665 0
0.077799 0.652508 0.348469 5.295913 0
0.092564 5.746070 1.173475 4.670571 0
0.073356 3.314185 1.314688 2.614852 0
0.032591 5.049094 1.465103 0.337504 0
0.099413 4.076386 0.263927 3.588682 1
0.066821 1.269372 1.084049 2.833898 0
0.047534 4.818016 2.437703 5.557240 0
0.078271 5.996788 2.275909 1.369080 0
0.024139 5.366540 0.498153 5.749642 0
0.087671 2.307762 1.893210 1.927304 0
0.094592 0.199614 2.032879 0.006146 0
0.091398 1.069135 0.472105 5.175102 0
0.090495 0.452433 1.358811 1.667848 0
0.052348 4.152699 2.018559 3.141497 0
0.065401 3.755085 1.337582 0.253604 0
0.074301 1.310087 1.066166 3.834798 0
0.025024 2.004493 1.621640 5.222867 0
0.082844 1.155097 0.761169 3.651015 0
0.046434 5.409141 1.735652 0.320234 0
0.017621 4.000810 2.417680 5.340613 0
0.084188 1.692750 0.693305 6.175048 0
0.096454 5.227021 1.536338 2.249794 0
0.065540 5.448913 1.366229 6.167608 0
0.027519 4.126082 1.755713 0.869256 0
0.098778 0.737290 2.791039 4.159644 0
0.054880 0.675922 1.031199 3.247098 0
0.098411 5.184634 1.706732 6.280155 0
0.067964 2.779483 2.344802 1.072316 0
0.084367 6.062858 0.805027 4.034497 0
0.089266 3.997540 0.026534 1.422428 1
0.070954 2.504504 0.947128 3.639082 0
0.023514 5.026071 2.020888 0.194790 0
0.095774 4.317275 1.967152 1.372563 0
0.089146 5.881907 2.060635 4.795076 0
0.087252 1.903808 2.123929 1.402429 0
0.086335 3.846443 1.356905 2.872339 0
0.075968 3.438925 0.641021 2.349624 0
0.042843 0.624757 1.772850 4.316547 0
0.070572 5.078903 1.084172 3.476662 0
0.077991 6.180782 1.740266 3.301966 0
0.081903 1.742701 2.080534 2.924883 0
0.046205 3.011005 0.997195 6.124778 0
0.088443 6.228819 0.922266 3.314919 0
0.077687 3.718766 2.893838 1.135007 0
0.037307 0.527724 1.680207 2.027785 0
0.042828 0.973498 0.197623 4.281741 1
0.098146 1.733592 1.011696 3.591006 0
0.050952 5.146669 0.633604 5.846059 0
0.031061 5.284315 1.361141 1.947607 0
0.056590 3.924530 1.125772 0.643762 0
0.078483 3.033221 1.833909 1.379056 0
0.027315 3.862754 1.369695 1.343308 0
0.083592 5.998695 1.643914 5.542959 0
0.033115 3.432241 1.698442 0.458224 0
0.090673 5.016732 1.863884 0.513835 0
0.078585 4.659016 0.221436 4.486400 1
0.076324 2.564465 0.311118 5.672280 0
0.018099 1.940021 0.144755 4.075974 1
0.088967 3.991538 2.398515 5.442044 0
0.050005 1.685907 0.573227 5.961585 0
0.047227 3.873260 2.294294 2.090424 0
0.040337 2.479687 1.380917 6.188147 0
0.043942 0.314693 0.522262 5.093449 0
0.088971 0.495505 1.620177 2.350670 0
0.069786 3.447485 1.108264 3.265780 0
0.092599 1.772622 0.845914 4.077564 0
0.095781 0.230412 1.600986 1.052081 0
0.055226 3.738589 0.695894 3.317736 0
0.045985 5.951839 2.376720 2.350979 0
0.058474 1.673623 1.285010 3.361574 0
0.056254 2.674738 1.256989 0.678840 0
0.071032 5.468501 1.535112 6.230213 0
0.064732 4.769275 1.593467 1.737123 0
0.020292 4.271376 2.588439 6.022871 0
0.084645 2.767923 0.725794 0.134923 0
0.018853 1.522248 1.669974 1.551990 0
0.043536 2.577633 1.815587 3.339242 0
0.082256 6.158910 0.521518 6.239572 0
0.063712 2.589468 0.647157 5.720706 0
0.053147 3.664736 2.504949 4.407585 0
0.058508 2.597357 2.843577 2.409538 0
0.030528 5.676208 1.249411 5.087337 0
0.058645 2.940991 2.294676 2.384273 0
0.084282 2.391732 1.826526 5.654141 0
0.088933 1.556048 1.433044 2.937436 0
0.047736 3.127828 1.491847 3.982235 0
0.095391 3.529049 1.659455 1.208894 0
0.038069 2.804305 2.477994 3.061426 0
0.092720 5.478001 2.406043 5.987210 0
0.088048 1.337002 2.123673 0.748785 0
0.082514 3.730435 1.568080 2.458048 0
0.098710 0.786137 1.139763 4.808347 0
0.061055 4.539202 1.006950 3.773957 0
0.046930 4.356419 1.010866 0.817955 0
0.050499 4.892763 1.208060 2.512882 0
0.047437 1.360144 2.456495 0.532359 0
0.029719 4.762086 0.390400 5.425984 0
0.098524 5.027745 2.878115 4.093897 0
0.062762 3.024643 0.416647 2.313976 0
0.077878 2.097763 0.748230 6.152964 0
0.023729 2.301734 1.731322 1.737624 0
0.024429 5.116742 1.383164 1.977250 0
0.077011 4.582430 2.014463 5.140202 0
0.097252 3.781255 2.507538 0.214348 0
0.059976 5.908945 2.490420 2.076060 0
0.086060 5.531916 2.872296 0.845313 0
0.060151 0.155531 1.576429 6.084153 0
0.059885 3.998426 2.679666 2.607074 0
0.005198 3.314482 1.963795 0.391943 0
0.058470 0.617093 1.322387 5.874359 0
0.090969 0.576141 2.101388 4.858911 0
0.083277 4.120752 2.233015 0.334368 0
0.077219 4.430405 1.335905 2.116830 0
0.076521 2.297199 1.513645 5.952510 0
0.062479 6.121433 2.552399 4.706025 0
0.078143 5.424224 0.833663 3.853649 0
0.062515 5.374613 1.929877 4.603559 0
0.097653 0.331600 1.912640 4.908043 0
0.038009 2.642923 1.679931 5.265137 0
0.027654 2.273841 2.469271 4.227001 0
0.025887 1.726747 0.196808 4.100197 1
0.080027 3.022790 1.772028 0.193491 0
0.067479 3.239814 2.164657 0.414525 0
0.061557 5.929430 1.937566 4.836374 0
0.089392 2.230580 1.575620 4.729378 0
0.063858 1.068295 1.638534 3.469921 0
0.076854 0.554818 1.349449 4.191708 0
0.067097 1.768193 1.244812 3.249720 0
0.074581 2.196170 0.849380 1.235701 0
0.091139 4.836253 0.994319 1.796811 0
0.053418 0.045524 1.270179 4.173735 0
0.097516 0.196324 1.438417 4.712626 0
0.062149 5.883672 1.576280 4.989084 0
0.032625 0.229869 1.258321 4.380000 0
0.035339 4.627694 1.295803 3.613346 0
0.013393 4.424046 0.617345 3.607642 0
0.023160 1.646613 2.143235 5.555990 0
0.017827 6.272535 0.850602 1.992563 0
0.007450 3.280951 2.867953 6.009828 0
0.074393 2.610037 1.996611 5.904179 0
0.059314 1.314902 2.057181 2.879305 0
0.049584 0.502713 0.810286 2.329458 0
0.090362 3.264642 2.671781 5.243108 0
0.047296 0.239500 1.387045 1.742534 0
0.054789 1.127722 0.827379 2.085793 0
0.042165 2.084954 1.873583 1.151945 0
0.092413 3.961469 0.766508 2.559994 0
0.021421 5.317856 1.260049 2.498844 0
0.023587 0.507879 2.363022 1.894344 0
0.040105 0.071083 1.922479 6.140998 0
0.072863 3.883422 2.244230 4.741228 0
0.081005 1.385300 0.359268 6.009034 0
0.063242 1.215915 1.133671 3.630093 0
0.072481 5.889998 2.120190 2.383588 0
0.075360 5.660626 2.181679 3.856603 0
0.086445 0.841383 0.214897 5.044869 1
0.046340 5.450410 0.658061 2.359855 0
0.093743 4.879831 1.272288 2.574033 0
0.062826 1.035403 0.834592 0.319804 0
0.062070 1.232653 0.170687 4.933724 1
0.062426 1.857294 1.293192 5.749437 0
0.048272 0.779484 1.147051 5.032389 0
0.015804 0.510236 1.399413 4.852221 0
0.046381 2.678068 1.721710 2.700883 0
0.054193 4.269933 2.227971 1.083601 0
0.067545 0.995220 1.735805 5.346646 0
0.056849 4.689711 2.504262 4.451325 0
0.097086 5.712103 1.558150 2.087748 0
0.045245 5.382495 1.041013 2.750319 0
0.099031 3.403840 1.020797 0.035719 0
0.078927 4.105330 2.160217 5.265696 0
0.028215 2.218659 1.088111 2.345506 0
0.018081 0.460946 1.662443 3.071985 0
0.048141 0.803557 1.244786 3.486789 0
0.093503 1.518711 1.077854 5.132447 0
0.038836 4.756793 0.792959 2.233841 0
0.078340 2.491010 2.197536 3.734897 0
0.096860 0.200498 1.772383 3.525742 0
0.082782 2.375369 1.367807 4.806040 0
0.085508 4.191646 0.761803 4.799435 0
0.086051 4.297467 1.053595 6.108758 0
0.090103 3.723681 1.625180 4.311106 0
0.091343 4.967290 1.576773 6.190021 0
0.074002 4.097379 1.246543 1.013814 0
0.022040 0.841652 2.107798 6.200054 0
0.040726 2.236141 1.666760 5.347977 0
0.085671 5.950863 1.805057 2.922354 0
0.078373 4.739192 0.997888 2.228730 0
0.066199 3.026838 1.217390 1.571312 0
0.027272 5.366663 2.630953 5.709727 0
0.080293 2.759601 2.478037 1.208479 0
0.030220 1.474055 1.273828 0.878999 0
0.060709 0.687819 0.727758 3.357856 0
0.068217 4.238478 1.339903 1.252285 0
0.078847 0.010294 1.905859 1.482294 0
0.086943 5.613242 1.753059 1.219774 0
0.061246 5.765326 1.458994 2.824229 0
0.087847 2.390318 1.283294 2.616386 0
0.090534 1.584148 1.790041 5.723715 0
0.069766 6.047158 0.454932 5.373909 0
0.026815 1.115396 1.348374 3.375751 0
0.092309 4.871228 2.063659 2.976844 0
0.088143 2.519490 2.003567 3.347823 0
0.054255 1.886977 2.041946 4.206441 0
0.046680 1.075497 0.704295 6.217921 0
0.074270 2.998256 1.381719 2.332550 0
0.085400 0.092801 1.120079 1.357421 0
0.098854 2.092608 0.540695 0.308564 0
0.071454 2.896726 1.744421 2.278692 0
0.048612 2.029166 2.308904 0.083106 0
0.085085 3.431489 1.663026 0.115016 0
0.092003 1.715341 1.955800 0.404398 0
0.066647 5.068943 0.468934 6.256653 0
0.053286 2.890255 1.301585 0.083231 0
0.068903 4.079097 0.998664 2.839829 0
0.099109 1.888798 1.572961 3.096524 0
0.087272 0.549522 2.361693 6.270293 0
0.064063 4.347567 0.211818 0.844157 1
0.048793 3.501143 0.802814 0.531151 0
0.091117 5.280631 0.792306 1.724137 0
0.080448 1.274682 1.093212 5.850402 0
0.081417 4.003623 2.665373 0.864808 0
0.053517 1.091101 1.750992 1.688055 0
0.068867 0.569844 2.121138 1.482237 0
0.042208 3.876609 1.009489 3.698053 0
0.055580 1.539559 2.032898 3.436862 0
0.089569 5.501384 1.836987 3.974001 0
0.084617 4.903562 2.521412 2.282034 0
0.099161 1.112558 1.146845 4.059997 0
0.090237 1.499698 2.174401 0.632530 0
0.064214 2.346255 1.306392 5.570697 0
0.068126 0.821979 0.715171 4.035465 0
0.086476 2.239094 1.002324 0.356394 0
0.077549 5.992543 1.779744 2.536170 0
0.091067 1.478084 0.382463 3.426386 0
0.012518 5.925123 2.527066 6.276705 0
0.034653 1.274485 1.865310 5.870676 0
0.066447 2.695135 0.376478 5.364981 0
0.089575 2.540607 2.072517 1.674305 0
0.073155 5.422242 2.527811 1.777988 0
0.046834 0.876916 1.244428 5.156804 0
0.030546 5.927638 0.986934 5.797015 0
0.042268 1.636774 1.506652 1.220996 0
0.045112 2.365451 0.910428 2.033207 0
0.076113 5.268032 1.065444 0.130933 0
0.051709 1.840719 2.417957 0.438188 0
0.083505 3.865221 1.237063 1.460726 0
0.069148 1.539076 1.601716 4.382429 0
0.062009 5.373096 1.607237 3.002267 0
0.089363 4.665836 1.370355 6.140084 0
0.005560 5.456313 0.854102 1.298136 0
0.049485 2.292410 1.631232 5.178514 0
0.045087 4.952041 2.332354 2.957239 0
0.028478 4.522175 1.651683 4.890899 0
0.057870 5.507920 0.209115 5.108489 1
0.034866 3.307153 1.591851 3.179804 0
0.061766 0.180596 2.887191 1.131426 0
0.087826 2.414982 0.815635 4.865857 0
0.050275 2.066219 2.865250 3.126688 0
0.083289 3.212150 1.206414 5.635887 0
0.054715 1.048279 1.302880 2.390580 0
0.094158 5.705368 0.819984 1.391480 0
0.088580 1.066733 0.373666 5.693913 0
0.083434 3.424518 1.394476 0.487765 0
0.075748 2.489417 1.064896 2.168361 0
0.088349 2.607516 0.706037 0.209322 0
0.086247 0.631840 1.632721 2.749180 0
0.078217 5.358028 1.233486 5.724996 0
0.013998 4.411822 1.140949 5.693576 0
0.078115 2.830684 0.730627 2.480922 0
0.078759 1.018656 1.161603 1.988118 0
0.084092 4.482182 1.357276 1.765102 0
0.033101 4.095075 1.825605 5.592811 0
0.025836 4.684496 2.580880 5.093141 0
0.091985 2.854959 1.042906 2.877140 0
0.055420 3.661016 1.305852 2.052923 0
0.053370 4.151340 1.007220 5.623657 0
0.033350 2.265185 1.137095 4.596256 0
0.072294 3.713044 0.441460 1.443830 0
0.055164 2.777072 1.592233 2.600453 0
0.030616 0.859210 1.167988 1.008367 0
0.093931 1.429027 2.799844 4.576856 0
0.082572 1.377457 0.892690 6.213787 0
0.089549 3.489761 1.193267 0.544940 0
0.046489 3.446838 2.870674 2.056754 0
0.095347 1.706806 0.490110 2.712680 0
0.092876 0.671013 1.899755 1.048704 0
0.074080 1.082256 1.733070 4.037046 0
0.055587 5.559236 2.221825 1.201986 0
0.033499 4.863736 2.567090 4.989063 0
0.099665 0.666467 2.172415 4.996481 0
0.081332 0.620004 2.440114 5.514143 0
0.080452 5.426833 0.939603 3.495681 0
0.036790 1.657537 2.922903 6.270303 0
0.060877 4.081684 0.836200 5.776635 0
0.090657 4.684979 1.694906 0.822221 0
0.079399 2.292724 1.207160 4.666108 0
0.037281 1.519864 1.644199 0.831282 0
0.058989 2.008465 2.596413 0.059373 0
0.064679 5.085998 2.456097 0.412126 0
0.082047 0.578042 1.817175 5.080099 0
0.059649 3.832982 2.230579 4.564129 0
0.050957 6.103038 1.866661 0.512236 0
0.084674 1.304888 0.957912 2.182678 0
0.075669 3.358665 0.609449 4.470887 0
0.088116 3.937586 2.329157 0.781674 0
0.097280 4.846745 0.749123 2.291336 0
0.076213 0.131377 1.430879 1.596018 0
0.033602 0.328084 0.505513 2.944999 0
0.081379 5.460147 0.915025 5.792547 0
0.091670 5.283520 0.117326 3.501648 1
0.022040 1.356055 2.513887 3.902836 0
0.086624 6.249926 1.229657 3.310064 0
0.078828 1.109520 1.878048 3.567194 0
0.097364 4.932785 2.615604 3.322638 0
0.089777 2.278806 2.172026 5.773582 0
0.064413 5.311587 1.344069 0.484770 0
0.084521 3.661338 3.080463 3.485364 0
0.065086 0.015730 0.682553 2.966896 0
0.046725 0.104967 0.621001 6.086505 0
0.010683 2.677084 1.561817 3.976034 0
0.077631 0.921936 0.928650 3.459684 0
0.096530 0.835387 0.571446 4.635698 0
0.070402 5.417792 1.889543 5.721083 0
0.084121 0.278305 2.919254 2.651557 0
0.079184 6.199985 2.835249 0.318131 0
0.099462 0.557562 1.616469 1.304315 0
0.032472 3.871574 0.866590 0.734236 0
0.020555 4.221019 2.093617 4.052077 0
0.090472 5.970313 0.916082 4.714491 0
0.028838 1.727712 1.547052 3.636707 0
0.037046 0.909913 1.549472 5.308513 0
0.043487 2.997272 1.085771 5.127862 0
0.068102 1.530621 2.394273 2.846602 0
0.057649 2.447835 1.897875 2.750712 0
0.007593 5.258552 1.680309 0.301696 0
0.071325 1.912034 1.966924 2.056155 0
0.050449 5.582348 0.564537 2.121676 0
0.040427 3.554464 2.555215 1.889194 0
0.084293 2.549803 0.782861 5.652595 0
0.093960 2.591406 2.016980 2.177962 0
0.080996 3.660079 2.213508 6.210210 0
0.098595 2.892296 1.422605 6.144137 0
0.054520 6.162685 0.323188 5.064048 0
0.053398 4.516420 0.747238 3.390696 0
0.077927 1.324478 2.425906 4.842457 0
0.088120 4.987571 0.540894 3.060133 0
0.044678 1.362987 1.342157 0.518079 0
0.079332 0.643629 1.428493 1.793235 0
0.082762 1.437420 1.101314 4.128436 0
0.083012 4.397996 1.844045 6.197379 0
0.082510 4.152035 2.195212 6.069031 0
0.061614 5.815259 1.581921 6.200852 0
0.036922 2.405728 2.112031 5.735493 0
0.042033 5.208590 1.369168 2.364302 0
0.021424 4.941984 1.488193 4.242785 0
0.094286 5.578422 2.742270 3.606136 0
0.034148 1.473094 1.002722 5.062373 0
0.096665 5.440773 2.194555 3.865401 0
0.072577 3.671622 1.733744 5.694892 0
0.071406 0.544602 2.475971 4.060247 0
0.068524 4.089497 1.689154 4.060444 0
0.069270 6.024997 0.301339 3.303293 1
0.086339 3.023942 0.929782 3.986224 0
0.060754 1.015726 0.948039 3.051834 0
0.062937 2.760560 1.140470 2.076725 0
0.055252 0.524402 2.671304 5.227771 0
0.081720 3.310187 2.067798 1.116535 0
0.078327 3.968852 2.275517 0.521935 0
0.053153 2.406152 2.047234 4.790066 0
0.058469 4.723939 1.133155 0.548575 0
0.048282 3.073066 2.030264 3.783874 0
0.080669 5.843973 0.602138 0.294427 0
0.060783 2.383544 1.323030 4.239496 0
0.068030 2.030092 1.584322 0.820786 0
0.092192 1.540375 1.177395 2.911884 0
0.093639 0.830917 1.663949 1.001206 0
0.071777 1.733012 2.574412 5.385034 0
0.016630 1.318260 2.665355 1.638461 0
0.083600 4.185222 2.383259 2.196933 0
0.077214 5.974858 1.362314 6.067357 0
0.057470 4.862512 1.855396 4.983163 0
0.031144 0.924564 2.581968 5.949699 0
0.062634 1.458084 1.390551 1.690981 0
0.060358 6.012216 1.427254 5.526070 0
0.048238 2.200274 2.063616 1.635808 0
0.074833 4.278342 1.613041 1.626675 0
0.058908 2.413419 1.789631 5.926387 0
0.057882 0.031784 2.528248 4.180308 0
0.088258 3.451040 1.487524 5.503715 0
0.083451 2.401049 2.272782 0.557358 0
0.078371 1.465441 1.282487 6.148133 0
0.043601 4.940527 2.368872 2.656514 0
0.036945 3.735751 1.945813 4.376150 0
0.052486 1.283406 2.715914 3.911286 0
0.076705 3.543249 1.702606 5.801917 0
0.075431 2.981860 1.749182 2.186143 0
0.015436 0.296140 0.985745 4.525319 0
0.065519 0.293716 2.236823 0.273136 0
0.052913 1.047832 0.297588 2.953629 1
0.097626 5.529102 2.474727 0.562788 0
0.068887 3.619280 2.179876 4.712576 0
0.088334 4.658578 1.313011 2.316325 0
0.055260 5.895164 1.141882 5.493674 0
0.064251 5.534096 0.981906 2.743554 0
0.096328 2.803304 0.814481 2.244239 0
0.070207 6.068365 1.370771 4.856178 0
0.036411 2.655460 1.030884 0.538184 0
0.055010 0.853579 0.863805 4.883045 0
0.084373 6.039911 1.625204 3.092359 0
0.083828 5.653112 2.376962 0.050760 0
0.091540 0.960556 2.441602 1.575744 0
0.018346 0.657879 1.955058 6.041702 0
0.074220 5.304985 1.199844 0.275018 0
0.090007 4.520132 2.256620 5.923177 0
0.037687 0.374633 0.338406 2.793783 0
0.044213 1.279148 0.980762 5.701071 0
0.040604 4.706079 1.368454 5.451178 0
0.080543 1.635745 2.420858 3.057911 0
0.064282 4.763185 2.065690 2.807768 0
0.092886 2.669767 1.386631 2.599063 0
0.051887 4.569042 1.485542 0.498547 0
0.066827 1.722092 0.298080 3.698395 1
0.057767 0.316713 0.366811 3.324937 0
0.050397 1.602636 1.443521 2.631736 0
0.006374 5.253069 1.129481 4.101535 0
0.031047 1.018480 0.765440 3.201929 0
0.095926 5.509916 2.721242 4.919545 0
0.054940 2.292797 0.918827 3.588064 0
0.030347 4.109503 1.876337 3.384642 0
0.096339 4.225149 0.729662 1.645135 0
0.085021 1.008843 2.192011 6.137724 0
0.064469 1.429710 1.360659 2.637008 0
0.025219 4.286002 0.545139 1.005222 0
0.091882 1.331619 1.916839 4.802962 0
0.029810 3.933664 1.665709 2.454846 0
0.099548 4.674743 2.747950 0.521929 0
0.063092 3.846336 1.816769 2.049472 0
0.053349 4.706421 1.747748 0.046976 0
0.095374 2.381494 2.890538 2.043558 0
0.077883 2.387788 2.082737 4.210798 0
0.024933 5.135924 2.292029 5.695086 0
0.017129 3.139987 1.919450 0.742706 0
0.035469 1.370999 1.588610 0.733740 0
0.098092 2.957278 0.926910 2.263618 0
0.028780 5.162240 1.952928 2.308728 0
0.075541 1.724511 1.317955 3.017555 0
0.080839 2.257218 2.228122 1.634025 0
0.085981 3.458494 2.606978 5.035610 0
0.060650 4.777659 1.999494 2.495589 0
0.051003 2.379189 1.601583 2.424925 0
0.077257 0.152662 1.576231 3.512744 0
0.070354 4.414335 2.565639 3.630369 0
0.072399 3.806267 2.669180 0.595680 0
0.093822 2.011615 1.721494 3.353599 0
0.082426 2.391162 2.198898 2.630653 0
0.096488 4.549262 0.976709 1.877702 0
0.069601 5.830589 1.973668 4.678195 0
0.055374 1.328401 0.739202 5.676779 0
0.048551 3.978601 1.495842 4.591003 0
0.057946 2.399515 1.177694 5.403139 0
0.099382 1.594097 2.712836 5.453374 0
0.075754 3.328868 1.372853 1.591359 0
0.095413 1.228226 1.921872 5.286500 0
0.095891 5.605090 0.767623 2.538037 0
0.090556 5.254308 0.791187 0.795901 0
0.021834 1.752982 0.349097 1.780587 0
0.095510 3.095833 0.237795 1.558148 1
0.093521 2.026591 0.669465 5.417944 0
0.075911 0.393735 2.049296 0.943215 0
0.076972 0.828736 1.376354 3.159448 0
0.057217 0.473402 1.253950 1.551264 0
0.098358 3.043780 1.877235 4.947800 0
0.056629 5.022348 2.546822 2.314426 0
0.027987 5.933197 1.879143 6.223728 0
0.066107 4.183418 1.020485 1.958007 0
0.099416 2.176791 0.860364 3.547513 0
0.063962 5.680900 2.014673 0.009944 0
0.018984 0.742118 1.579645 2.283411 0
0.043984 5.332155 1.793241 1.010826 0
0.057712 1.640791 2.683030 4.107652 0
0.024591 5.419143 0.298465 0.872098 1
0.089821 4.233906 0.735749 1.531813 0
0.058280 2.311330 1.681869 2.060963 0
0.084517 4.582586 2.473869 0.775463 0
0.079592 3.816020 0.722739 4.206750 0
0.085173 3.954799 0.365018 5.773657 0
0.069142 4.041652 0.572716 5.096517 0
0.095099 0.176739 1.500516 6.062395 0
0.094372 3.059876 0.655600 4.381850 0
0.040105 1.463949 2.651687 3.144736 0
0.077515 3.120297 2.287663 1.980216 0
0.047534 4.530991 1.447645 5.399999 0
0.057312 3.541086 1.628752 0.338777 0
0.043933 3.530540 2.810378 4.216468 0
0.045294 0.330546 1.535204 0.688263 0
0.028414 5.950783 0.552532 6.103166 0
0.065886 1.118782 1.915039 3.738072 0
0.064114 3.832308 0.628119 0.074824 0
0.032641 5.805323 1.217641 2.089118 0
0.080317 4.810718 0.906964 6.116953 0
0.057379 4.529495 0.332966 3.281318 0
0.053178 0.001794 0.910462 3.065857 0
0.022999 4.244400 1.767027 0.839625 0
0.078906 4.221594 0.659921 0.356287 0
0.092193 4.861437 1.878924 1.639920 0
0.061940 4.693982 1.099345 3.079979 0
0.081916 3.769785 2.272310 1.986063 0
0.060467 0.091842 1.136547 4.365936 0
0.085762 1.992376 0.969389 0.115002 0
0.056337 2.578669 1.583295 2.326510 0
0.029313 0.651794 1.578609 4.451882 0
0.088069 3.825742 2.129972 3.930577 0
0.061855 2.619343 2.454581 4.814552 0
0.040491 1.002057 1.062038 5.246259 0
0.087147 0.497257 0.798362 0.785974 0
0.030620 2.768967 2.265170 5.210436 0
0.087051 0.232794 2.339411 0.472328 0
0.066892 2.223112 1.461477 3.351347 0
0.067643 5.964974 1.028441 1.465108 0
0.074716 0.045028 2.371003 5.911523 0
0.065119 4.682997 1.997877 3.694511 0
0.095121 6.054235 1.416116 4.173711 0
0.020665 3.606722 2.187951 0.857406 0
0.012134 3.828410 2.769185 4.853847 0
0.080397 5.110095 2.339737 0.589481 0
0.040880 1.841828 1.828028 3.924928 0
0.049243 5.460872 2.368424 5.031147 0
0.093610 4.502535 2.075057 1.887085 0
0.067965 2.819190 2.460170 2.304217 0
0.064207 1.955996 0.353948 2.858547 0
0.094092 5.154427 1.754655 5.655221 0
0.065549 3.500609 1.923184 0.477670 0
0.060863 3.268872 0.849558 3.377541 0
0.090188 5.007980 0.829083 0.351132 0
0.081619 0.126134 2.364896 3.408381 0
0.085830 3.758579 2.326223 1.247831 0
0.021653 4.593878 1.701823 2.884824 0
0.020602 3.746790 2.546634 5.829406 0
0.064550 3.176138 2.285866 5.317684 0
0.025027 3.144139 2.576836 2.721081 0
0.014374 0.579321 2.797115 5.240526 0
0.094300 0.834721 2.465270 3.489782 0
0.039106 4.690751 0.636390 5.589524 0
0.058716 5.910445 0.603063 2.460729 0
0.081964 4.106218 2.348356 4.487825 0
0.049985 4.805739 1.858840 4.187856 0
0.051996 2.952302 1.596507 2.092254 0
0.098503 2.734524 2.131913 6.226266 0
0.072623 4.628773 2.278372 2.617961 0
0.093249 4.492078 2.805817 0.141164 0
0.067933 0.439536 2.539469 5.065789 0
0.010311 0.001673 0.921991 4.287933 0
0.080857 0.305701 1.362708 5.677715 0
0.090195 0.243434 1.711570 0.526946 0
0.071317 0.521555 1.403738 3.008991 0
0.071988 1.149350 1.510433 0.286739 0
0.095897 1.852492 1.495319 4.958432 0
0.009884 2.729258 2.243690 2.961030 0
0.071016 4.547099 1.109640 3.235590 0
0.085086 2.986966 0.920794 2.373478 0
0.072391 3.732910 1.118285 2.120921 0
0.079552 5.350394 1.412984 0.888894 0
0.096672 5.267067 1.813920 2.844844 0
0.014562 0.566771 1.567610 5.911355 0
0.062051 6.036283 2.048747 2.480649 0
0.062855 3.403013 2.392255 5.651150 0
0.051507 0.902126 1.398685 6.215698 0
0.078675 3.843891 1.301576 0.898574 0
0.045375 4.073999 1.531921 5.269959 0
0.070706 5.667361 2.859316 2.729972 0
0.086039 3.773553 2.456751 4.784475 0
0.083113 2.423214 1.987325 0.476402 0
0.058853 2.716062 1.512021 4.658667 0
0.098685 2.115544 1.856379 1.502816 0
0.069302 0.347000 0.996647 0.623577 0
0.081670 3.741320 1.029224 5.484507 0
0.049381 4.541645 2.007829 4.673342 0
0.079045 4.346949 0.871797 2.293879 0
0.054076 0.411759 0.727424 6.177640 0
0.067171 5.207814 0.490807 5.011284 0
0.051100 3.327907 1.648917 1.476581 0
0.093078 1.130212 1.519145 2.177935 0
0.048488 4.414725 1.462333 5.668104 0
0.054596 4.323663 2.153144 3.404993 0
0.064106 3.057521 1.127869 0.224759 0
0.042244 2.915278 1.371181 2.958601 0
0.072768 3.313807 1.478823 6.162010 0
0.059687 3.223912 2.161048 3.879127 0
0.020677 1.993690 2.352902 5.712084 0
0.070511 2.051919 1.060393 4.601115 0
0.017088 4.408346 1.842937 2.056317 0
0.062429 2.572273 2.401475 5.030946 0
0.094658 0.973274 2.308976 0.467894 0
0.078669 1.491157 1.661608 0.932405 0
0.087449 6.279552 0.735079 0.760215 0
0.071591 5.701339 2.067748 3.488912 0
0.047403 3.711864 1.499504 4.535746 0
0.095778 4.524645 1.479021 5.947241 0
0.064941 0.556523 1.101355 5.098628 0
0.070567 0.898498 1.797066 2.475405 0
0.054580 2.818908 1.507635 5.760325 0
0.082823 0.086609 0.516328 2.831845 0
0.011492 1.220774 1.714680 3.303254 0
0.031889 1.948215 0.577214 2.050771 0
0.094912 3.426792 0.443054 5.140677 0
0.051528 3.157007 2.128682 4.318056 0
0.076878 0.241921 1.568220 0.559140 0
0.042603 0.696702 1.536715 3.012192 0
0.074802 5.977843 1.361654 1.542491 0
0.098244 2.898876 1.974029 6.147427 0
0.080973 1.683209 1.579042 4.758577 0
0.076024 3.676477 0.587160 3.008319 0
0.036128 0.829494 1.152620 2.488334 0
0.079654 0.387358 0.585458 1.416845 0
0.031647 3.656702 1.190684 1.769697 0
0.083239 5.010529 2.120134 1.585829 0
0.086536 0.988035 1.566571 4.486453 0
0.078652 1.219470 1.965863 1.723375 0
0.067969 1.235006 0.357625 0.250918 0
0.088413 0.724929 1.608252 5.731565 0
0.049739 5.125047 1.177186 5.540924 0
0.093666 2.459918 0.667659 6.141683 0
0.098666 2.650568 1.068169 4.186839 0
0.046830 0.126898 2.563484 6.083097 0
0.042124 2.617803 1.943777 5.001843 0
0.078149 2.353875 0.536903 0.456766 0
0.075577 0.640799 0.684497 2.217178 0
0.046622 3.966921 1.081691 2.920151 0
0.066860 3.602272 1.259013 2.038001 0
0.098226 2.852473 1.163285 5.895624 0
0.093586 3.524693 1.781704 0.597767 0
0.076234 3.288761 0.508625 4.766523 0
0.096957 4.684044 1.680383 3.460652 0
0.034658 3.927213 1.820331 4.343615 0
0.085266 4.625102 0.423553 5.933740 0
0.060619 1.943167 1.388062 5.117620 0
0.093946 4.748596 0.763681 5.324443 0
0.045798 2.768934 2.179078 0.537740 0
0.004077 2.452975 0.878175 3.662033 0
0.095594 1.533185 1.248118 5.365115 0
0.099474 5.630551 1.378951 0.688778 0
0.072192 0.176814 2.216625 1.559406 0
0.087421 5.310002 0.908591 0.827568 0
0.039291 3.780667 2.673459 0.232237 0
0.059789 0.534438 2.447675 3.563963 0
0.072508 4.210377 1.881378 3.313814 0
0.024598 5.237210 0.676899 6.121904 0
0.027846 2.838032 2.286875 0.421253 0
0.058976 1.463230 0.867591 5.459978 0
0.051090 6.142424 0.698729 0.158775 0
0.090703 1.946160 0.814768 6.139224 0
0.095470 0.648346 0.237619 1.689721 1
0.043387 5.644955 2.308107 4.486156 0
0.075401 3.072201 1.027229 3.952315 0
0.056788 2.209447 1.779021 2.513435 0
0.089629 2.711682 1.504889 0.949692 0
0.081514 4.044720 0.284726 5.814957 1
0.078825 0.862683 2.694015 2.790014 0
0.066861 0.676891 1.412400 2.252485 0
0.045926 2.734328 1.828482 2.508021 0
0.057758 2.912704 0.686161 5.668246 0
0.097598 2.227777 1.633156 1.727945 0
0.084036 0.845223 1.928446 3.201518 0
0.075240 0.892885 1.897973 1.448633 0
0.088648 4.277694 0.812167 2.558379 0
0.090450 0.670953 2.349625 1.666035 0
0.046316 1.711261 1.820693 2.673081 0
0.084115 1.577540 2.277323 0.258501 0
0.084537 5.892094 2.660613 4.191963 0
0.054066 2.980937 2.655929 6.273910 0
0.078035 3.878104 1.586920 1.099881 0
0.087139 1.060268 1.380874 3.425409 0
0.092172 3.528919 2.701468 4.195154 0
0.081758 5.048995 2.617292 5.547716 0
0.027555 3.496523 1.177496 4.922659 0
0.089864 0.835527 2.277347 3.281121 0
0.026596 4.824721 0.900468 2.281122 0
0.049225 0.826623 1.290283 5.348632 0
0.086532 5.464090 0.325864 3.192531 0
0.019592 2.713842 0.465840 5.579135 0
0.099678 0.035356 1.682280 4.159447 0
0.089956 3.069106 1.660804 5.561422 0
0.021202 5.361589 1.914723 5.356507 0
0.099313 3.098870 1.317540 0.358367 0
0.051096 3.544342 1.410283 3.162878 0
0.083406 4.911336 1.275836 2.792507 0
0.080703 2.393653 2.702404 4.333414 0
0.090160 0.036607 1.726689 5.067070 0
0.010702 0.837281 1.507646 5.156315 0
0.078849 0.084124 1.994963 4.188831 0
0.093097 2.352261 1.609181 5.359644 0
0.093144 5.616596 2.532381 0.808351 0
0.067676 2.074314 1.838048 0.965533 0
0.033437 6.199555 1.768299 4.794706 0
0.060634 3.459894 1.476226 1.134331 0
0.074598 0.191113 2.912916 3.568465 0
0.040457 2.861548 1.346094 4.934780 0
0.068470 0.592961 1.474785 2.108199 0
0.068465 6.102579 0.898337 2.113168 0
0.093014 0.619483 1.500687 2.030557 0
0.065478 0.609564 1.524465 3.396262 0
0.028932 0.470946 1.167194 2.835956 0
0.079096 4.752718 1.837737 1.144155 0
0.088704 3.888503 2.094480 5.972224 0
0.027259 0.871029 2.062136 3.412537 0
0.048270 1.181060 2.429973 4.409212 0
0.039903 0.422209 0.392745 0.153258 0
0.040717 3.160714 1.260994 3.735489 0
0.077463 5.179905 0.752631 4.296211 0
0.094835 2.756349 0.752824 3.298505 0
0.044171 4.819269 1.997797 6.169713 0
0.062120 2.872094 2.615745 2.891451 0
0.077184 4.199386 0.115144 5.207112 1
0.092538 5.541539 1.631805 0.097714 0
0.097425 3.572333 0.402427 0.722254 0
0.026758 2.434787 2.003078 4.220140 0
0.046034 5.306309 1.277446 0.699172 0
0.053218 3.082148 1.846787 3.005355 0
0.050749 2.157151 1.491227 4.042818 0
0.089467 2.467449 0.655483 2.489182 0
0.024710 0.671886 0.988200 5.764096 0
0.099443 4.746247 2.617687 5.893988 0
0.056916 6.112781 0.464636 2.485257 0
0.060032 4.790799 0.524437 3.595890 0
0.077910 2.655379 1.946751 5.593395 0
0.095559 2.009554 1.304735 1.072573 0
0.081434 5.207447 2.250136 2.912765 0
0.047064 5.766474 2.373868 1.775360 0
0.015715 0.531870 0.927149 0.085416 0
0.091654 0.834895 2.698204 1.030326 0
0.032520 0.029274 1.690124 2.928874 0
0.087586 3.937795 0.394723 2.350811 0
0.022212 4.536641 1.080054 6.047515 0
0.020460 3.976584 0.747184 4.429715 0
0.067947 5.952294 0.846223 4.292556 0
0.093011 0.178056 2.769250 5.590758 0
0.033614 1.041002 2.509482 5.988043 0
0.054640 5.372392 0.698226 2.540388 0
0.092720 4.250767 2.405236 3.938555 0
0.055068 5.710841 0.062733 2.215366 1
0.079432 1.667200 1.191956 4.227306 0
0.094775 2.816599 1.323911 2.261444 0
0.062898 3.433131 0.418261 1.638105 0
0.075811 0.055546 0.796824 4.321113 0
0.041776 0.338667 1.856160 2.972445 0
0.095339 4.761155 2.426129 4.829540 0
0.065901 4.698910 1.360215 4.634114 0
0.081041 2.491089 0.609834 1.807678 0
0.081352 2.545990 2.741423 3.518888 0
0.092384 2.125635 2.567963 1.565112 0
0.094059 6.051148 1.590413 2.886767 0
0.098586 4.148896 0.787441 0.920057 0
0.084511 4.950665 1.812155 3.915437 0
0.073870 3.122150 1.352684 6.157371 0
0.049473 4.946701 2.020875 5.664442 0
0.042867 5.074594 0.900076 5.312894 0
0.046136 0.940733 1.380900 0.416804 0
0.069859 2.045743 1.192716 2.341947 0
0.053727 5.185133 2.297422 1.637214 0
0.069682 6.153408 1.383711 1.255221 0
0.087594 0.166588 2.272961 1.966337 0
0.072348 1.349264 1.143795 4.826614 0
0.004510 0.065637 1.917082 1.167384 0
0.090449 5.396804 0.356100 0.194445 0
0.009301 2.745688 0.634390 3.120719 0
0.087326 2.593164 2.402115 0.321951 0
0.048781 4.408195 1.184912 4.545955 0
0.082519 4.516435 2.580307 2.816121 0
0.086332 4.688648 2.120346 1.688576 0
0.098029 0.339795 0.386721 6.050691 0
0.025402 4.439875 0.792011 5.545663 0
0.075203 1.131981 2.544783 3.607846 0
0.078559 0.068171 0.538983 2.385915 0
0.065082 5.908047 1.432294 4.156446 0
0.080117 4.667030 1.338780 2.028289 0
0.067941 1.937205 2.143640 1.300119 0
0.023353 3.343682 1.522108 0.097394 0
0.076567 3.220700 2.847261 4.088909 0
0.046821 0.799789 1.637625 4.930884 0
0.055448 2.808308 1.284879 5.809439 0
0.067661 2.700925 1.168712 5.537813 0
0.060841 4.620035 1.656680 0.075657 0
0.069144 5.830289 1.234182 5.904161 0
0.048604 0.665171 0.785822 1.826977 0
0.079877 3.909789 1.172928 1.409146 0
0.036722 1.789270 2.418987 2.224693 0
0.064192 2.566256 0.763661 4.520829 0
0.092487 3.127936 1.863170 1.967857 0
0.096317 5.959252 0.913636 1.871462 0
0.082689 4.633560 1.180770 1.016797 0
0.081570 4.051066 0.648500 5.664972 0
0.086638 1.558866 0.908108 2.441906 0
0.093293 3.133134 1.798589 0.032773 0
0.088511 3.065921 1.285516 1.228278 0
0.094678 3.129856 2.549899 4.723556 0
0.099798 3.513004 0.515478 5.803468 0
0.071243 1.630713 0.980035 1.201987 0
0.099849 3.338864 1.272660 4.161751 0
0.041970 2.856556 1.699091 5.822983 0
0.083829 4.752302 1.192644 3.600891 0
0.050498 5.832755 1.728075 0.241470 0
0.064519 5.891129 1.009641 1.964483 0
0.066010 0.935669 0.513295 2.712407 0
0.084144 0.813081 1.277288 1.354558 0
0.062365 3.624435 1.383476 2.424882 0
0.032900 4.775328 0.443140 1.786859 0
0.046331 3.846985 0.954873 5.764120 0
0.060714 3.308359 1.551771 3.918353 0
0.067443 0.432305 1.900870 5.473421 0
0.008004 5.629570 0.886095 2.778048 0
0.021187 1.559572 2.415337 4.730726 0
0.061451 1.439960 2.784755 4.816447 0
0.089779 2.358644 0.802358 5.744508 0
0.036798 1.261591 0.923927 2.199485 0
0.090170 2.574838 1.087042 1.141493 0
0.096765 4.762247 2.227613 2.457941 0
0.090925 2.936483 1.075413 5.234800 0
0.060277 2.802896 1.104668 2.564922 0
0.083325 0.936933 0.826135 0.451936 0
0.061506 0.814562 2.314446 1.158102 0
0.071066 6.226527 0.638768 4.023993 0
0.043792 1.867607 2.946319 0.030324 0
0.084086 1.620713 0.893101 4.042457 0
0.012601 6.231663 0.374040 5.294326 0
0.067761 1.865390 1.929996 5.167829 0
0.086196 5.975603 1.002035 2.747568 0
0.031649 2.462030 1.589231 3.006244 0
0.072214 2.184702 1.902392 0.166613 0
0.058197 4.783772 1.911246 3.332976 0
0.024207 4.130898 1.641427 4.810639 0
0.095676 4.535118 1.387805 5.851386 0
0.084474 2.787124 2.150517 1.085372 0
0.086051 2.825281 3.003322 3.037615 0
0.063301 1.419582 2.570815 3.147050 0
0.078599 2.701503 2.853032 0.875019 0
0.088185 4.034455 0.838689 0.731063 0
0.063519 5.232237 1.868812 2.903235 0
0.070014 1.144154 0.994887 2.548376 0
0.095073 4.000600 1.238438 3.879683 0
0.028337 0.695917 2.190048 5.157053 0
0.074861 4.935071 1.168474 6.038898 0
0.010665 1.413482 1.494701 3.953080 0
0.080927 2.772872 2.137474 2.718004 0
0.028882 5.869730 1.668825 3.059182 0
0.087575 1.229920 2.685763 1.615546 0
0.061469 1.109920 1.902250 1.770162 0
0.090187 6.280498 2.495432 5.615058 0
0.033216 4.331715 2.014037 4.214428 0
0.068910 0.117225 1.837689 3.055069 0
0.049358 0.589718 0.693150 5.645691 0
0.073156 5.553063 1.226268 3.886731 0
0.090443 5.529576 0.661540 3.675204 0
0.027533 0.341959 2.324163 2.850385 0
0.048070 3.171486 2.060955 0.279214 0
0.071016 3.987206 2.638727 3.862029 0
0.056921 4.100013 1.127207 5.019336 0
0.081926 5.763413 1.126484 5.747944 0
0.010551 2.516184 2.248116 3.432535 0
0.053316 0.907775 0.836311 0.642483 0
0.015664 1.698808 1.954505 0.630476 0
0.056991 3.325251 1.679000 3.492647 0
0.018436 1.818223 1.772788 3.382352 0
0.096123 3.382947 0.803708 1.557980 0
0.043698 2.754467 0.436173 5.417013 0
0.059637 2.085351 2.157857 2.304640 0
0.085578 3.709036 2.543124 0.104410 0
0.085720 0.490071 0.704004 4.770976 0
0.059023 5.064579 2.373642 4.229647 0
0.057904 2.599129 0.998079 2.320198 0
0.083848 5.210969 2.523833 3.939596 0
0.060644 0.380560 2.418757 3.510506 0
0.070637 5.791706 1.411845 5.369721 0
0.050366 1.242920 0.979816 6.195406 0
0.088777 0.845165 0.102940 3.285582 1
0.046099 0.763523 1.120183 3.524115 0
0.096311 0.891641 1.009953 1.651563 0
0.074537 2.909685 1.838223 1.624936 0
0.054078 3.391125 2.451592 4.148200 0
0.077478 4.778922 0.973804 0.623526 0
0.082606 4.019855 2.708590 5.881315 0
0.091520 1.101237 2.575755 3.931546 0
0.055658 5.810166 0.791588 3.281638 0
0.021502 2.707316 0.585092 6.118607 0
0.075683 1.993145 1.016108 0.806541 0
0.088335 5.458745 1.342789 0.457114 0
0.063914 1.712823 2.055467 0.055185 0
0.018219 5.980836 0.669778 4.496004 0
0.076919 0.388774 1.878849 2.697095 0
0.048697 3.604484 0.473368 3.436413 0
0.070597 1.279399 0.532427 3.421969 0
0.079656 0.957435 1.607664 1.302487 0
0.068527 4.744375 1.235895 1.570224 0
0.078986 4.540504 1.208226 0.203435 0
0.099762 0.349466 0.408598 0.178703 0
0.008660 0.937332 2.080599 3.764622 0
0.045941 2.485654 0.338748 2.816117 0
0.098452 0.523988 3.001780 2.938418 0
0.053574 0.404211 0.222150 5.790102 1
0.046552 3.334592 0.734212 4.312225 0
0.053461 2.918430 2.630972 5.715716 0
0.043258 1.626601 2.655413 1.145892 0
0.056080 6.177771 0.954069 2.023184 0
0.036387 5.999301 2.572362 2.158024 0
0.059196 5.966338 2.193604 2.008722 0
0.018157 4.943485 2.183063 2.010527 0
0.092256 5.024341 1.027474 0.426156 0
0.057477 2.326847 2.103975 3.871529 0
0.091368 4.337644 1.622534 0.137842 0
0.097429 2.940025 0.938034 1.657127 0
0.067167 2.608328 1.743127 3.666529 0
0.060823 3.184932 2.594446 4.526213 0
0.067563 4.515507 0.403059 3.075225 0
0.071095 5.198890 2.238068 2.240317 0
0.079188 0.320011 1.418979 6.015794 0
0.064905 1.121670 1.718566 1.608950 0
0.093214 0.625012 1.110762 5.140374 0
0.075326 3.030526 0.580318 0.116463 0
0.094734 4.194626 1.776406 1.680112 0
0.041772 3.324359 2.919937 3.964457 0
0.049775 0.174890 0.708714 4.732487 0
0.092480 5.842249 0.675351 3.030642 0
0.099033 3.356093 1.450073 2.525933 0
0.084419 0.084203 1.892490 3.653891 0
0.033597 5.881675 1.368726 4.274252 0
0.064685 3.025396 1.979705 1.984685 0
0.038614 1.890522 1.738117 2.033209 0
0.091103 3.587937 2.711954 0.488376 0
0.077387 0.470978 2.294084 2.853423 0
0.006915 5.910483 2.632026 6.192302 0
0.068907 2.364129 1.343956 1.177968 0
0.062423 0.286747 2.138893 3.157548 0
0.099083 1.059754 0.883584 2.514253 0
0.080633 5.539330 2.017568 5.021986 0
0.042720 1.880550 0.716268 0.078362 0
0.093292 0.486492 0.610081 2.948129 0
0.039037 5.787601 2.580532 0.987511 0
0.092834 5.402430 0.774752 2.115104 0
0.048589 3.331677 1.619033 3.931707 0
0.075887 1.841747 0.732627 3.503661 0
0.067955 1.954684 2.727699 0.703466 0
0.043899 4.233668 2.536533 2.357495 0
0.098646 0.214278 1.344220 5.299519 0
0.033396 3.002595 1.186732 1.658239 0
0.063167 1.482829 1.412302 1.638725 0
0.030955 3.542377 1.766932 2.085448 0
0.030666 0.763716 2.727098 4.209292 0
0.064395 0.540039 0.994538 5.506965 0
0.063012 1.164497 2.925961 3.705552 0
0.092690 5.652698 2.765013 5.229197 0
0.096631 2.215719 1.929857 0.284560 0
0.091133 6.209994 1.179283 1.442140 0
0.047366 4.588548 1.551465 2.011712 0
0.054229 0.551508 1.879860 2.438608 0
0.045752 3.831130 0.486643 3.920688 0
0.083408 1.794483 1.571711 0.582707 0
0.068625 3.071713 1.944424 2.073960 0
0.062332 4.068120 0.829380 2.025016 0
0.001020 5.265503 1.302759 5.218969 0
0.090906 4.252374 0.495559 0.318764 0
0.063803 3.458788 1.309652 4.405477 0
0.079891 0.144451 0.606829 5.325521 0
0.079545 0.925614 1.513926 2.063565 0
0.065796 6.107492 1.412470 5.679077 0
0.067891 0.651344 1.009680 5.337245 0
0.086668 2.489823 0.854601 4.720118 0
0.048404 3.388651 1.735246 0.381268 0
0.046487 4.033825 0.680635 3.915576 0
0.043873 3.030507 1.211809 5.219725 0
0.071085 2.598767 1.935482 0.867354 0
0.074895 0.941900 1.503686 6.244478 0
0.034921 5.577189 2.490439 3.662226 0
0.099564 0.827036 1.435000 4.664813 0
0.072656 3.795361 1.558112 4.789000 0
0.037864 0.474462 2.272798 2.258667 0
0.084706 5.870299 2.877473 5.717715 0
0.064545 1.928926 2.073156 5.792580 0
0.084888 2.633130 0.494771 1.768889 0
0.075431 3.307666 1.104852 4.341237 0
0.064348 1.087365 1.101321 2.547018 0
0.055198 4.436563 0.789215 5.231260 0
0.055691 4.030391 1.761498 2.849566 0
0.084674 2.624157 2.247211 2.729956 0
0.059324 4.999291 1.254527 4.828892 0
0.032041 0.535555 1.961587 5.172725 0
0.071015 4.715034 0.659309 0.460531 0
0.052617 2.388609 2.127570 4.341185 0
0.074379 0.238859 0.631036 5.390375 0
0.086262 1.533664 1.961643 0.340976 0
0.094104 1.792339 1.586378 3.785724 0
0.083840 2.015591 0.387134 0.344581 0
0.034125 2.396980 2.274135 1.376729 0
0.068317 3.228574 0.414683 6.101221 0
0.051407 0.924696 0.424294 3.399938 0
0.072617 5.080333 1.005195 0.506094 0
0.092010 2.062957 2.640180 3.711430 0
0.075658 3.951733 1.864940 2.877491 0
0.095614 0.959763 0.496967 3.877382 0
0.068814 0.612524 1.921856 3.707051 0
0.069208 3.112251 2.237269 5.942038 0
0.009578 5.350048 2.556187 1.718063 0
0.099933 6.038639 2.251204 3.304863 0
0.087729 0.292753 1.785508 3.871795 0
0.061231 3.424241 0.944455 5.952331 0
0.041704 5.352445 1.380265 0.553676 0
0.006796 2.926666 1.993743 3.004377 0
0.075052 2.369836 0.528259 0.265508 0
0.093408 5.512023 2.921711 5.539727 0
0.085367 5.684434 0.809620 4.570444 0
0.093048 6.092605 1.055018 3.992490 0
0.012752 5.403079 1.050980 2.457883 0
0.063633 2.881138 1.241956 3.636923 0
0.055715 4.673665 1.911244 1.979421 0
0.045785 2.338472 2.197394 4.856336 0
0.086565 5.412041 2.252779 3.907209 0
0.085943 5.046205 1.577850 2.936579 0
0.084133 4.138355 0.914180 3.604156 0
0.079266 2.815959 0.949718 4.049947 0
0.055507 2.894560 0.380461 4.479986 0
0.095877 2.351673 1.141416 1.442911 0
0.034368 6.024323 1.660278 2.059299 0
0.057531 2.122945 0.645690 0.504732 0
0.044635 5.754294 1.987080 5.892679 0
0.084791 1.292507 1.380082 2.681582 0
0.092970 3.769909 0.040321 3.095451 1
0.021948 1.316014 0.758964 2.238535 0
0.081862 1.086857 0.532721 3.703088 0
0.073977 2.269060 2.262724 4.180683 0
0.056563 2.285146 2.975559 4.089808 0
0.083760 0.589247 2.051595 5.659892 0
0.009801 2.723296 2.314879 4.577671 0
0.079946 1.532273 0.810263 3.163479 0
0.091862 0.978621 3.017249 5.604865 0
0.060432 0.837957 1.043304 0.222025 0
0.055348 1.995551 1.822859 5.363344 0
0.082385 2.787927 1.608764 6.274809 0
0.089856 3.217639 1.874609 3.197979 0
0.077839 2.392786 1.389350 3.867243 0
0.090236 1.560886 1.253604 2.848700 0
0.070163 3.137796 2.723183 2.112156 0
0.080941 5.987924 0.996081 0.127868 0
0.029389 2.994051 0.476456 2.467511 0
0.089113 4.275006 1.038676 2.971027 0
0.035228 4.808511 1.513807 5.852821 0
0.052669 0.760897 1.451472 5.549852 0
0.070847 5.342299 1.568351 1.986581 0
0.031413 5.295638 2.140186 3.713159 0
0.058500 4.564275 2.594913 6.266667 0
0.082428 0.975965 0.267039 4.811711 1
0.079489 0.461242 0.819000 2.676432 0
0.086821 2.543705 2.494172 5.515995 0
0.041248 2.326924 2.238019 2.811997 0
0.070103 1.570059 1.225643 6.241505 0
0.031644 5.212573 1.180006 1.249173 0
0.082002 0.496997 2.188984 0.092090 0
0.089751 4.504461 0.219784 3.047101 1
0.093394 0.186921 1.048972 3.167257 0
0.032118 2.571662 2.606269 5.384411 0
0.090229 5.207962 2.059755 6.184399 0
0.044633 3.419666 1.434012 4.339522 0
0.089115 4.791874 1.947702 5.618899 0
0.076958 6.242743 0.620092 1.663103 0
0.026956 5.547219 1.113744 5.517826 0
0.077445 1.830766 1.293559 2.965736 0
0.056668 3.857368 2.831129 2.665851 0
0.015235 5.693496 1.117955 5.261213 0
0.085733 0.101113 2.269534 5.869972 0
0.074856 1.592453 1.823252 2.227319 0
0.012687 1.940966 1.044342 3.822404 0
0.054998 2.147919 2.412968 2.357077 0
0.047405 0.957515 1.054870 5.180447 0
0.066616 3.873459 1.151641 4.805968 0
0.048000 1.712805 0.899954 1.593486 0
0.042279 2.955711 0.612729 5.741387 0
0.069750 5.733941 2.340623 0.294417 0
0.040747 2.971298 1.372187 1.144349 0
0.088420 4.084768 2.190712 0.529601 0
0.099597 4.169075 1.489565 1.361455 0
0.090328 4.478396 0.408676 1.631686 0
0.057379 2.121715 0.314888 3.516310 1
0.078121 1.343103 2.247849 4.957635 0
0.082715 5.681310 1.988436 1.072452 0
0.090377 3.460826 0.970469 6.175274 0
0.015396 3.888605 0.836464 5.061202 0
0.051865 6.003191 2.464836 1.639690 0
0.078674 2.194297 1.526075 2.732486 0
0.024898 3.259862 1.970515 2.458176 0
0.092548 4.518641 2.694570 2.932910 0
0.096588 4.801098 1.060585 3.877373 0
0.081751 6.023196 2.184107 3.048103 0
0.071374 0.033508 1.506644 3.349775 0
0.079008 3.976629 1.242213 5.612300 0
0.076703 1.435410 0.807067 1.302530 0
0.076006 3.969949 1.859162 4.019213 0
0.038815 2.116002 0.353453 0.045016 0
0.023651 6.168690 1.518676 6.213202 0
0.086365 4.585286 1.784345 2.602640 0
0.082969 2.474028 2.495907 1.242948 0
0.063173 2.307749 2.050943 0.146463 0
0.001378 0.437330 2.555433 3.697827 0
0.054594 0.444382 2.203917 5.502446 0
0.083819 2.752188 1.601640 5.360956 0
0.088023 3.432678 2.375715 5.219648 0
0.072671 2.100712 2.264240 1.721601 0
0.025320 2.673869 1.956756 4.728110 0
0.090516 3.691798 2.692052 1.372247 0
0.097717 4.280596 1.027945 6.000739 0
0.086653 0.994287 1.658057 0.307480 0
0.047851 2.132554 2.585562 5.852999 0
0.088172 2.765215 2.176709 3.469746 0
0.099319 4.053556 1.334524 3.232892 0
0.098969 1.272688 2.185925 0.273896 0
0.079254 2.995548 2.204568 2.811269 0
0.025362 4.689878 1.908853 0.120522 0
0.065398 5.702226 2.819131 1.122029 0
0.025648 3.253458 0.994439 1.851997 0
0.092586 0.956249 0.991514 3.987567 0
0.076960 0.069395 0.894045 3.636172 0
0.081005 3.580338 0.620636 3.994034 0
0.087885 5.540372 1.937483 2.516398 0
0.059878 2.986750 2.340397 2.656894 0
0.047093 3.227997 1.454614 4.080732 0
0.064907 2.615493 2.286422 3.060365 0
0.096647 0.349083 2.169599 4.971776 0
0.045580 0.050988 1.422097 5.026797 0
0.013842 3.850287 1.325863 4.243334 0
0.042734 2.965663 1.183200 6.000465 0
0.059479 6.222113 1.277616 4.475583 0
0.068238 1.278159 0.752969 4.319122 0
0.084686 3.626709 1.238469 0.870008 0
0.099673 1.036243 1.824589 5.827966 0
0.046955 2.559550 2.023796 2.690659 0
0.064458 0.909530 0.996246 2.730921 0
0.087037 3.814054 0.676089 5.907256 0
0.028111 2.645252 2.482169 2.719381 0
0.064132 1.575028 0.781622 5.509858 0
0.067387 1.761071 1.699815 1.076157 0
0.092601 5.662463 1.180442 5.346796 0
0.025716 5.876538 2.161610 1.800847 0
0.058536 3.124948 2.014947 4.763440 0
0.080132 5.925777 0.909081 2.511110 0
0.074172 1.902245 1.244697 3.953179 0
0.085074 1.476532 0.503170 0.848492 0
0.069690 1.301153 0.219188 5.904747 1
0.069812 3.620959 0.679465 2.166818 0
0.069102 2.643884 0.916826 3.415757 0
0.059671 6.122005 2.292277 4.390139 0
0.068680 3.424926 1.484364 0.715061 0
0.069872 4.081570 1.597722 0.240979 0
0.097589 5.361352 1.912446 4.248126 0
0.029712 4.583532 2.242479 3.606259 0
0.096777 5.171783 1.598247 2.663724 0
0.063199 3.925540 2.138395 5.509793 0
0.021344 6.060970 1.411211 2.523475 0
0.096901 1.575785 0.644620 2.580372 0
0.089213 3.500823 1.619785 1.785043 0
0.045473 0.238419 1.207778 0.999836 0
0.094405 6.220180 2.305650 6.154470 0
0.084821 4.061395 1.677937 4.122026 0
0.068521 0.422178 0.573460 5.459550 0
0.083184 5.333106 2.084780 4.633956 0
0.090190 1.045338 0.764514 4.727495 0
0.064588 1.504675 0.831412 1.338648 0
0.089255 4.320116 1.565098 0.021520 0
0.085177 5.149713 0.829978 3.875121 0
0.089976 6.269319 1.764524 3.324049 0
0.080261 0.940762 0.889448 0.714337 0
0.046575 1.665454 2.877039 5.710658 0
0.033742 4.576860 1.867943 5.826266 0
0.094594 4.935676 1.938385 1.960135 0
0.015816 5.295258 1.620852 5.162664 0
0.072824 0.139289 2.278614 1.607538 0
0.091748 6.205540 2.411608 4.092525 0
0.099269 2.945878 0.877298 3.956018 0
0.078650 2.296279 2.079013 5.249581 0
0.079406 4.561057 2.081456 4.677108 0
0.067405 2.455298 1.921254 2.193744 0
0.041989 2.207579 1.898871 1.264954 0
0.044058 1.169476 0.304404 4.551841 1
0.045640 5.328617 2.859917 0.314582 0
0.091418 5.358852 1.985398 5.159461 0
0.056722 5.540495 1.472184 5.908185 0
0.049725 1.219463 2.155110 5.515321 0
0.095917 3.268450 1.817646 2.352066 0
0.095444 1.846246 2.034178 0.548351 0
0.080323 2.416503 1.134256 5.273477 0
0.075546 1.957737 1.698640 4.894745 0
0.039957 3.418326 2.289195 6.254141 0
0.063002 3.333247 2.256299 4.515537 0
0.064211 1.679525 1.894388 4.144145 0
0.067926 2.731933 1.645569 2.396323 0
0.097724 1.002339 2.107678 5.440945 0
0.067332 3.011013 2.705602 0.619225 0
0.092942 1.519415 2.637691 2.730310 0
0.074391 3.151650 0.960793 4.480321 0
0.021364 0.268010 2.000812 2.780783 0
0.075707 3.298508 0.826426 6.191814 0
0.089010 5.153672 1.865063 1.593835 0
0.050501 1.145869 1.844300 1.319618 0
0.058472 2.455361 0.558509 4.996793 0
0.093274 0.183488 2.477756 4.610704 0
0.052060 5.225535 0.845599 5.180055 0
0.057730 2.399697 1.645860 2.380790 0
0.065160 1.545283 2.269179 6.268965 0
0.087802 6.174708 2.881589 3.538639 0
0.089608 3.947182 2.257145 0.364430 0
0.090032 2.839446 1.088346 0.958073 0
0.091798 2.161425 2.680333 4.477995 0
0.061090 5.287699 1.463614 4.047815 0
0.082051 3.863342 1.508078 0.040863 0
0.099840 0.038691 1.339578 2.647561 0
0.050209 1.300041 1.408301 0.144580 0
0.043548 2.527749 1.744067 6.236758 0
0.017469 2.532508 0.453825 5.284796 0
0.092465 2.002050 2.981213 4.383575 0
0.081403 5.914549 1.390547 0.225203 0
0.088481 5.383899 1.939219 2.865925 0
0.068684 0.934518 1.495986 2.943910 0
0.039356 5.328442 2.465175 2.557184 0
0.023443 1.941626 1.430333 1.536860 0
0.084340 0.101799 1.017399 4.661120 0
0.064751 1.808436 1.737450 1.723075 0
0.077875 3.622413 2.804762 1.690777 0
0.071962 2.401850 1.170029 1.889654 0
0.048902 6.188998 2.110344 4.466619 0
0.036571 1.379183 0.874793 1.813541 0
0.025991 0.435628 1.972781 0.769736 0
0.061510 0.789305 1.301776 0.563444 0
0.037659 3.797030 2.295656 3.525410 0
0.094453 2.604109 2.305874 3.132768 0
0.099548 5.071949 2.135756 3.197114 0
0.043531 0.456339 2.238480 2.693177 0
0.024008 3.559163 0.765601 1.202483 0
0.088655 2.003953 1.530816 5.362785 0
0.062311 1.103564 2.830639 4.816836 0
0.054887 2.155933 2.363989 2.783973 0
0.097337 4.321660 0.129235 5.275244 1
0.031980 5.274683 1.241215 0.585921 0
0.080419 0.665185 1.776420 5.254061 0
0.042249 2.586618 1.081148 1.483676 0
0.098901 2.540663 1.425314 4.800942 0
0.085047 5.702182 1.808236 0.701012 0
0.028839 3.729877 2.428566 2.415431 0
0.096786 4.614943 2.285008 5.555588 0
0.064985 5.225602 2.034832 3.296001 0
0.081925 0.389288 1.808688 1.997362 0
0.040966 1.381771 0.806817 2.175997 0
0.079473 2.632290 1.736463 3.830985 0
0.090736 0.062646 1.315665 3.434383 0
0.095786 6.229283 1.892662 0.004204 0
0.076489 3.370058 1.338918 3.278600 0
0.052043 1.335854 1.381680 4.355234 0
0.021045 0.815464 0.970925 4.495371 0
0.043788 5.249971 0.367304 2.259225 0
0.023553 1.177786 1.995198 4.316946 0
0.077871 1.811710 1.152250 2.699844 0
0.054618 4.213487 2.832419 1.355999 0
0.081365 3.986438 0.967896 1.552374 0
0.041331 3.779839 2.138559 2.775126 0
0.090232 1.098791 0.751983 5.393963 0
0.055196 2.215223 1.719213 3.119007 0
0.043373 3.815697 2.363060 1.530565 0
0.089148 3.530270 2.608659 2.520374 0
0.092206 1.429071 2.293810 0.933152 0
0.094765 5.071261 1.296011 3.518958 0
0.066451 3.649355 2.232238 3.847823 0
0.042707 3.619121 0.469378 6.261700 0
0.086653 1.186939 2.360455 0.348981 0
0.073585 2.695442 1.674879 4.584171 0
0.019047 2.563036 2.812639 5.221437 0
0.098477 5.679061 1.005454 5.152101 0
0.036235 0.395659 2.784726 0.184321 0
0.093278 2.091218 1.750553 1.958248 0
0.095585 2.491426 2.583242 0.603396 0
0.098617 6.145836 0.618460 4.545272 0
0.040871 5.954388 2.162637 4.451751 0
0.061373 2.079057 1.446701 2.594598 0
0.085954 2.584286 1.033193 4.452213 0
0.056138 2.991475 1.627976 2.805109 0
0.073422 3.123197 1.522342 2.570869 0
0.091099 0.409523 2.028247 4.671802 0
0.067949 4.052003 2.317397 2.728310 0
0.078933 5.857108 0.816540 4.964242 0
0.093801 5.884651 1.568000 1.611771 0
0.051717 5.885543 1.916574 0.039430 0
0.058993 5.739218 2.014995 4.166806 0
0.062413 1.529587 0.674899 5.834642 0
0.086053 3.678160 1.240374 3.584013 0
0.080658 0.368257 1.189534 0.705448 0
0.083875 0.964643 1.663930 2.051728 0
0.029277 4.424155 0.697037 6.066877 0
0.080044 3.865592 0.981459 5.706143 0
0.074293 5.601831 2.547886 5.654595 0
0.089721 3.954030 1.697383 1.222187 0
0.093421 4.226946 0.717059 3.853216 0
0.050807 2.895969 0.885818 5.709605 0
0.072078 3.126674 0.290763 1.401301 1
0.080694 3.565625 1.670093 4.629883 0
0.052116 4.185814 1.987649 5.732214 0
0.053049 5.809038 2.266521 5.236171 0
0.090338 4.617559 2.056283 3.902363 0
0.060350 1.862611 2.253889 1.488836 0
0.098447 5.898192 2.346793 1.428293 0
0.063217 0.212911 0.755489 5.775202 0
0.072905 0.986580 0.773244 1.147717 0
0.085118 4.346346 2.566363 6.258799 0
0.059828 3.907990 2.526740 4.017195 0
0.073927 4.579815 1.516207 2.278342 0
0.068103 1.294576 2.885469 5.202592 0
0.070886 5.022068 0.515488 2.963559 0
0.085908 5.750295 1.980099 0.864866 0
0.097420 5.246564 0.481285 3.019606 0
0.099601 1.250199 1.903395 4.502164 0
0.094378 3.661739 2.010113 1.562334 0
0.045250 3.902421 2.459126 4.720387 0
0.059160 2.266525 0.688444 5.113239 0
0.075284 0.613062 1.858375 0.435102 0
0.094703 4.440888 1.652715 3.989020 0
0.078866 1.507327 2.147233 3.588019 0
0.027371 5.210768 0.458477 0.420666 0
0.016821 4.491764 2.173638 5.774328 0
0.054559 3.117422 0.843747 3.156862 0
0.034241 0.349821 1.055729 2.935708 0
0.064529 2.309607 1.117490 6.177446 0
0.068202 5.798407 0.462005 2.274614 0
0.079350 3.728023 3.029970 1.580923 0
0.091282 4.834335 2.272246 5.706057 0
0.077378 5.493383 2.824662 3.939700 0
0.076758 4.766367 1.662998 5.572280 0
0.050472 4.484319 1.347518 2.337262 0
0.087714 4.040020 2.316431 1.167299 0
0.010283 0.755547 0.847185 2.989110 0
0.020759 1.390922 2.312433 4.226879 0
0.090261 5.244173 2.584283 4.071111 0
0.077720 4.693560 1.683202 1.274055 0
0.078823 3.337521 2.291069 1.322535 0
0.053831 2.361413 0.634594 3.421307 0
0.029922 3.057585 2.555322 5.396686 0
0.036003 4.748354 0.426018 0.880861 0
0.093593 1.342360 1.804775 5.774669 0
0.065956 2.850510 1.755435 1.569043 0
0.053694 3.242980 2.490326 5.606821 0
0.051297 2.850952 0.627072 5.557112 0
0.099243 5.811447 0.626405 1.725991 0
0.054841 1.208091 2.263261 2.452221 0
0.082396 4.622682 1.045332 5.080095 0
0.070103 1.846523 2.684708 2.308566 0
0.071241 3.547742 1.129595 5.922165 0
0.013533 5.518413 0.907809 1.926565 0
0.062803 0.564992 0.924732 4.131561 0
0.073734 1.847893 1.654896 3.321232 0
0.046800 4.001950 2.222549 3.265829 0
0.091061 3.911337 2.532403 3.192531 0
0.059852 1.000588 1.195292 5.338685 0
0.067315 1.667212 0.969388 6.035994 0
0.091104 3.164116 2.508836 5.330021 0
0.061795 0.599811 0.809090 4.877551 0
0.043056 2.223602 1.438097 4.580747 0
0.080498 6.131415 1.064751 5.447650 0
0.078280 0.382832 1.342402 2.777034 0
0.082670 1.865159 2.690960 0.261817 0
0.067535 1.675820 2.469781 5.712858 0
0.072942 0.681383 2.403533 2.274800 0
0.078232 4.857455 0.952914 6.244843 0
0.093196 2.295036 2.141671 0.338884 0
0.084804 1.281951 2.172402 2.306948 0
0.042412 0.255239 1.010267 4.980360 0
0.031867 3.901706 1.011317 4.932238 0
0.095803 1.160589 2.282757 2.349426 0
0.067188 4.511371 1.122207 6.179441 0
0.090909 0.961579 1.256727 2.755068 0
0.096236 3.492691 1.435141 4.993115 0
0.095976 1.272749 2.342319 4.023180 0
0.063765 3.968443 0.173088 3.684880 1
0.081989 1.518355 1.326609 4.861752 0
0.092878 3.856265 1.688592 4.903740 0
0.089356 2.421674 0.807585 1.570078 0
0.032160 2.749080 1.008357 5.842615 0
0.076849 3.637390 1.304383 3.246508 0
0.036713 5.031223 1.183975 0.351438 0
0.005752 1.005250 1.974127 2.575486 0
0.088971 4.421561 3.020992 2.914190 0
0.097230 2.359237 1.018268 5.076791 0
0.099460 5.003562 1.748634 4.949170 0
0.042634 4.667327 0.390132 1.791911 0
0.042469 1.702396 0.964467 4.843881 0
0.092187 3.665838 1.132112 6.186681 0
0.061982 3.763641 0.405635 2.434662 0
0.087120 4.629552 2.207788 3.459400 0
0.066372 4.987329 0.240482 2.424658 1
0.041139 1.583161 0.911938 0.995696 0
0.021979 4.915611 2.673232 1.445589 0
0.072469 6.180929 1.601329 4.432975 0
0.050465 4.588841 1.523694 0.656739 0
0.056015 4.800874 0.606459 4.385369 0
0.060257 0.815169 0.593270 0.767036 0
0.093089 5.546994 1.923372 1.929463 0
0.082255 4.316841 1.967044 5.314518 0
0.096903 5.572386 0.131271 6.203540 1
0.081806 5.971895 0.970112 1.221379 0
0.096653 4.603443 2.497820 1.186593 0
0.068044 2.364839 1.144777 4.880592 0
0.037478 2.403567 1.520222 3.163859 0
0.071574 3.519622 1.824760 2.380271 0
0.066558 1.874146 1.951777 0.751383 0
0.099264 2.380670 2.767491 5.807804 0
0.051553 6.092930 2.538049 5.874682 0
0.095926 0.810917 0.735860 5.368093 0
0.092829 0.184045 0.418797 2.040273 0
0.063692 2.114833 0.648451 3.431412 0
0.084801 3.620456 0.449510 1.453950 0
0.036929 4.242980 1.793093 3.640324 0
0.098670 1.860770 1.980049 6.024927 0
0.082161 4.174422 2.444132 5.911310 0
0.079630 4.994519 2.421278 3.482621 0
0.096123 0.032498 1.387034 4.936610 0
0.018564 2.839030 0.677425 2.765427 0
0.088794 1.331379 2.906596 3.189077 0
0.088776 0.225739 2.069083 5.808728 0
0.084334 2.194062 1.578523 4.302660 0
0.080333 1.274387 1.862280 2.013086 0
0.093124 3.310763 1.072891 3.149790 0
0.056730 0.860834 0.475994 1.544347 0
0.037707 2.916755 0.356720 1.109875 0
0.095711 0.891471 1.806520 4.426463 0
0.059479 3.788955 0.957093 0.891499 0
0.079935 5.975381 0.521141 2.200229 0
0.054791 3.582908 0.376203 5.941090 0
0.087924 4.264106 1.083649 4.022919 0
0.045341 3.312203 0.771514 3.313780 0
0.081496 1.238750 2.148844 5.066368 0
0.081325 5.055900 2.879923 3.628106 0
0.097291 3.768360 1.119479 1.887034 0
0.045032 3.103737 1.454972 5.288824 0
0.066707 3.195575 0.906938 4.682190 0
0.028077 1.425571 1.962209 5.352593 0
0.095160 6.011085 1.555114 0.698174 0
0.069559 3.981850 1.851513 0.929954 0
0.091153 2.586896 2.710928 3.092920 0
0.046518 5.889380 0.534289 1.023796 0
0.073286 2.209223 1.497276 4.648684 0
0.091956 5.689363 1.734737 1.825707 0
0.064349 4.860190 0.380519 3.097050 0
0.002024 4.564806 1.255188 5.692252 0
0.082656 5.258784 0.262037 1.049623 1
0.068607 4.119195 1.191915 1.894864 0
0.025944 1.692713 2.198961 1.782517 0
0.045467 5.425625 1.463870 4.673461 0
0.046381 5.717142 1.538121 0.381438 0
0.090300 0.410097 1.268782 1.441887 0
0.091586 2.431856 2.031734 5.272862 0
0.033698 0.422209 2.083235 5.006181 0
0.095087 4.789169 2.758792 2.355256 0
0.064638 1.752195 1.931417 3.048084 0
0.074046 2.954718 2.138418 4.743814 0
0.057773 1.353728 1.568408 3.448820 0
0.035407 6.173050 1.791800 5.911005 0
0.021850 6.037402 0.850641 5.570249 0
0.058985 5.608644 2.039208 2.899549 0
0.097971 2.958669 1.066116 5.428660 0
0.048281 1.395163 1.021248 4.089831 0
0.070776 5.750851 0.755497 0.309080 0
0.062091 5.685331 2.224822 4.519541 0
0.034684 1.903800 1.088752 1.543559 0
0.053429 5.515434 0.892922 2.093627 0
0.091580 2.241085 0.975792 1.172538 0
0.049932 5.940616 1.871493 1.314211 0
0.064526 5.694631 0.547791 4.080752 0
0.035830 1.960418 1.160128 3.953967 0
0.047675 2.742128 1.935819 3.850467 0
0.058418 3.032756 1.228402 2.900147 0
0.088638 3.771999 1.998163 0.447035 0
0.069148 5.615084 1.378328 1.990712 0
0.050035 3.921352 1.577690 3.139527 0
0.075471 0.952152 2.001675 6.194882 0
0.024056 4.913425 1.845058 1.170207 0
0.030660 5.879847 2.253735 2.018740 0
0.061011 3.104036 2.622413 4.483063 0
0.098828 1.672844 0.863408 4.790163 0
0.093090 5.543731 2.301041 2.165904 0
0.088090 1.494674 1.899792 0.165427 0
0.092843 1.036682 1.622820 2.711623 0
0.056261 1.475508 1.405067 2.352432 0
0.012973 0.332584 1.692387 0.696405 0
0.099435 2.363629 1.434634 2.268036 0
0.093285 2.301167 0.552799 5.321273 0
0.079529 1.567940 1.791145 3.135669 0
0.036312 2.782263 2.328897 5.704114 0
0.082504 3.175005 2.622628 3.409778 0
0.081873 2.891310 2.819271 6.200521 0
0.083367 2.461536 1.289595 4.472566 0
0.066686 5.792407 2.272258 2.723367 0
0.054596 1.600932 2.200386 1.057331 0
0.078806 5.459318 0.247093 1.592925 1
0.034413 3.923669 2.100362 1.572557 0
0.025939 3.746982 0.817888 4.699684 0
0.031885 0.579841 1.138807 4.850488 0
0.074327 1.664493 2.114893 1.554785 0
0.081036 0.754407 2.735232 0.636964 0
0.020484 4.913137 1.640479 2.136480 0
0.019169 2.068550 1.587419 4.132982 0
0.044508 3.289229 2.536787 1.988755 0
0.038467 4.171315 1.704798 1.352458 0
0.051013 4.554798 2.755684 2.273913 0
0.090399 1.595234 0.749202 2.322606 0
0.072028 5.609041 1.807204 1.102571 0
0.011302 3.621556 1.108182 0.343892 0
0.059861 5.099866 1.358737 2.482390 0
0.037535 5.674182 0.464017 2.129914 0
0.065312 6.058093 1.887055 3.609938 0
0.079250 1.396796 2.189009 5.581335 0
0.097326 4.731353 1.047663 4.803048 0
0.008311 2.413279 0.749787 3.303129 0
0.052611 4.719858 1.984909 1.819397 0
0.057234 6.145234 1.254126 4.309736 0
0.088866 4.643660 0.577190 5.847146 0
0.080133 0.841127 1.091874 0.431697 0
0.031312 5.812543 1.861360 4.562257 0
0.038393 2.720845 1.801647 0.594562 0
0.043134 5.432469 2.371883 1.212415 0
0.049869 6.240078 2.023438 3.301696 0
0.086274 2.638058 2.252471 0.451795 0
0.063080 1.001196 2.112553 1.178837 0
0.094784 5.270471 0.701988 3.396326 0
0.098625 2.436672 1.791071 0.444446 0
0.055938 1.586472 2.206425 2.892184 0
0.082797 2.583924 1.680884 5.476331 0
0.052521 2.601171 0.513754 3.295770 0
0.063807 4.921105 0.451116 0.951629 0
0.045064 5.435374 0.984504 3.776085 0
0.015624 6.164955 2.186093 5.798240 0
0.090554 5.697720 1.497452 4.980653 0
0.054280 0.456219 2.384539 3.817237 0
0.057018 4.148617 0.526990 0.066823 0
0.026743 3.912983 2.440970 2.182564 0
0.019173 5.948715 2.409546 2.789032 0
0.085439 5.792615 1.762661 5.862612 0
0.088712 5.144086 1.638942 5.098189 0
0.089437 2.027248 2.058321 3.894910 0